Code,Product,Value_2023,Trade_Balance_2023,Growth_2019_2023,Growth_2022_2023,World_Growth,World_Import_Rank,Avg_Distance_km,Concentration,World_Import_Share,Avg_Tariff,Country,Direction,PC1,PC2,PC3,PC4,PC5,PC6,PC7,PC8,PC9,PC10
27.0,"Mineral fuels, mineral oils and products of their distillation; bituminous substances; mineral ...",12048155.0,-11532351.0,21.0,-20.0,19.0,45.0,4532.0,0.13,1.0,4.5,MAR,Import,2.195565819271144,-1.913273442024228,0.4445756338577846,-0.0445304659683003,-0.7479421353206748,-0.36156346716932103,-1.269465501120183,0.8382758285572466,0.8379475736880455,-0.6190599142606857
85.0,"Electrical machinery and equipment and parts thereof; sound recorders and reproducers, television ...",7251097.0,463462.0,11.0,20.0,7.0,47.0,5307.0,0.12,1.0,4.5,MAR,Import,1.2894583113268585,0.12786904824707893,-0.2055604551217265,-0.49488799388854227,-0.42119481845110207,0.4520405818137966,0.5792317208001292,-0.6835834270345889,0.9778501672711525,-0.34544444518756456
87.0,"Vehicles other than railway or tramway rolling stock, and parts and accessories thereof",6533065.0,1439361.0,8.0,19.0,8.0,49.0,3168.0,0.1,1.0,4.5,MAR,Import,1.0563163434462668,-0.3986777739346006,-0.10315058807627427,0.20759996839647493,-0.2990251608331759,0.242014556595274,0.6009838229583929,-1.2797558195341576,0.884828616154696,-0.7678778039514266
84.0,"Nuclear reactors, boilers, machinery and mechanical appliances; parts thereof",6359432.0,-5835816.0,4.0,12.0,6.0,54.0,4290.0,0.11,1.0,4.5,MAR,Import,1.0567912889184878,0.10564615784349102,-0.6105909701177586,-0.25048853708403784,-0.1510059275309096,-0.12799422680581554,0.3419526890995565,-0.9664791586074135,0.9246665318174745,-0.6063601450490204
10.0,Cereals,2996813.0,-2996557.0,19.0,-19.0,13.0,18.0,4338.0,0.13,1.0,4.5,MAR,Import,0.8921217992110447,-1.9641148109005446,0.7698713588609014,-0.9293120464331216,0.10754245973841706,-0.2827389030470114,-0.4488869307426368,0.5278221908721181,-0.0887399824440511,-0.4337415463553349
39.0,Plastics and articles thereof,2993322.0,-2629953.0,10.0,0.0,6.0,42.0,3801.0,0.08,1.0,4.5,MAR,Import,0.5817428919828486,-0.978635877406944,-0.11248033357927131,-0.5669875091866451,0.4092970042292584,-0.45485251417224315,0.3717379466016299,-0.4378433745914834,0.1388430491623229,-0.20453540598374134
72.0,Iron and steel,1806444.0,-1727799.0,8.0,-7.0,12.0,48.0,3550.0,0.1,1.0,4.5,MAR,Import,0.47030422112135467,-0.8665594302236963,0.16322185902556371,-0.07164237770147082,-0.3579917328671188,0.14362692382635966,-0.2159434171452508,-0.8205030376538198,0.9913033938213454,-0.7974874181295979
88.0,"Aircraft, spacecraft, and parts thereof",1708156.0,-445877.0,7.0,11.0,-3.0,27.0,5212.0,0.43,1.0,4.5,MAR,Import,0.4572694050774556,1.7954322363406323,-0.23873896496309083,-1.0670925583523396,0.3297846478301068,0.23796568421124248,0.9621632067441719,-1.1692947014571136,-0.7598199338874944,-0.5886840592109266
73.0,Articles of iron or steel,1471242.0,-1177583.0,13.0,20.0,9.0,47.0,4185.0,0.15,1.0,4.5,MAR,Import,0.48503386837240386,-0.323229392454787,0.24114570176069447,-0.35226018828328537,-0.1927685327095499,0.15522468453923624,-0.014439067872856924,-0.8286978452389341,0.7240059528718925,-0.47207954883162057
28.0,"Inorganic chemicals; organic or inorganic compounds of precious metals, of rare-earth metals, ...",1219102.0,141600.0,29.0,-54.0,17.0,36.0,5483.0,0.16,1.0,4.5,MAR,Import,0.7343016049683032,-1.6573219527923773,1.1843524071610225,-0.8181388771516579,-0.5888970021916812,0.4060052520777691,-1.0020388182935809,0.5785004689499942,0.49630092501629963,0.00849596831873084
17.0,Sugars and sugar confectionery,1052812.0,-619862.0,25.0,28.0,15.0,20.0,6733.0,0.89,1.0,4.5,MAR,Import,0.5478227538505582,0.5703533667067687,1.9997660481507804,-0.6463323268193076,-0.7843021361416029,0.7905758998054412,-1.6769761427746157,1.9497756776399464,-1.9074114688436128,-0.9164255447328583
23.0,Residues and waste from the food industries; prepared animal fodder,1024480.0,-791675.0,13.0,25.0,11.0,32.0,5803.0,0.2,1.0,4.5,MAR,Import,0.4405221386288711,-1.0000284445634537,0.5280300713022337,-1.076302795101529,-0.007746565209271675,0.0647281401447003,-0.26624124193782905,0.790635384991847,0.07253096614160862,-0.2105952819126022
55.0,Man-made staple fibres,1016104.0,-961746.0,10.0,-4.0,3.0,10.0,5436.0,0.17,1.0,4.5,MAR,Import,0.5951986868089124,-0.042485443523916686,0.029437717461970377,-1.6328749965756724,0.39079472841803475,0.05038764939854145,0.6637381492539459,-0.511265986458743,-0.10885403117178903,-0.46347044359970674
90.0,"Optical, photographic, cinematographic, measuring, checking, precision, medical or surgical ...",997084.0,-936219.0,11.0,19.0,4.0,56.0,5590.0,0.1,1.0,4.5,MAR,Import,0.3908685380801587,0.5788266146998985,-0.32669891714430516,-0.8488157754972919,-0.08532437306205821,0.2752037331902342,0.5024917098612809,-1.0579480290295618,1.0180116566091217,0.042756625599525096
74.0,Copper and articles thereof,985932.0,-774850.0,16.0,10.0,12.0,38.0,1606.0,0.37,1.0,4.5,MAR,Import,0.39242337529573584,-0.5176931476780529,1.0048335029078364,0.6205109160117456,-0.31578711177435376,0.11413972459476804,-0.5590677476847197,-1.2905732769370863,-0.14682803629203264,-1.3617898621992488
76.0,Aluminium and articles thereof,973273.0,-753132.0,19.0,-8.0,12.0,40.0,4610.0,0.11,1.0,4.5,MAR,Import,0.6228302826012924,-0.6084086932002756,0.5495115085740468,-0.5821111996581019,-0.4727501975818336,0.4116603165498029,-0.32224924673631444,-0.7986730016919066,1.0551549947790764,-0.44690807807058497
15.0,"Animal, vegetable or microbial fats and oils and their cleavage products; prepared edible fats; ...",968913.0,-615682.0,19.0,-12.0,17.0,33.0,4152.0,0.16,1.0,4.5,MAR,Import,0.4935940834417748,-2.11127789718011,1.0608242180816922,-0.44241321439665754,-0.259837301248298,0.012253414686411264,-0.8721003841682227,0.6358355318269544,0.22204338691383962,-0.47376120884882045
30.0,Pharmaceutical products,944565.0,-790469.0,9.0,7.0,10.0,69.0,3684.0,0.09,1.0,4.5,MAR,Import,0.04228603737944983,-1.3520351988179775,0.03897817619032463,0.04150902074763094,0.15445093825261902,-0.3644481737092681,-0.10537371466106771,0.006589422438056939,0.386586062414338,0.051562892550829575
25.0,"Salt; sulphur; earths and stone; plastering materials, lime and cement",871258.0,210584.0,15.0,-55.0,14.0,19.0,5495.0,0.23,1.0,4.5,MAR,Import,0.5465767729421044,-1.346647353025241,0.8041456186968468,-1.0929361486207902,-0.3217572704367077,0.35432907580062667,-0.5838873840487496,0.7075582450307034,-0.022519967206261843,-0.558629820643401
48.0,"Paper and paperboard; articles of paper pulp, of paper or of paperboard",869286.0,-736491.0,8.0,-23.0,5.0,47.0,2909.0,0.08,1.0,4.5,MAR,Import,0.17603855425238787,-0.9254821796759725,-0.1506673272998015,-0.2894834547351458,0.47686489029959944,-0.42516039620109675,0.4911081029008867,-0.9685860161574879,0.07882539690163032,-0.2805308208605067
40.0,Rubber and articles thereof,785115.0,-620848.0,10.0,13.0,6.0,49.0,3911.0,0.09,1.0,4.5,MAR,Import,0.19693877813849653,-0.8849774180382198,-0.02059141551780982,-0.511334590438609,0.41322921585708217,-0.34581739796472005,0.3635714323165154,-0.43318017341637016,0.17520574126473637,-0.05144223692238792
60.0,Knitted or crocheted fabrics,748229.0,-727536.0,7.0,8.0,4.0,8.0,6098.0,0.27,1.0,4.5,MAR,Import,0.542193138809143,0.367710519791309,0.11322304943780964,-1.6764923339588105,0.16064967558175036,0.31186441635861756,0.4818913994749377,-0.2082464990275865,-0.17967674869243383,-0.6958805433658636
94.0,"Furniture; bedding, mattresses, mattress supports, cushions and similar stuffed furnishings; ...",703392.0,-280086.0,10.0,-8.0,4.0,48.0,4224.0,0.13,1.0,4.5,MAR,Import,0.33958447422476007,0.3907462718792954,-0.20238705305062923,-0.5412534924369454,-0.024864370238363017,0.22109191984087442,0.5339910285111795,-1.5489813958192595,0.7267340771930748,-0.36971477652295365
99.0,Commodities not elsewhere specified,670281.0,-644838.0,44.0,-12.0,8.0,41.0,4590.0,0.22,1.0,4.5,MAR,Import,0.9559396950225995,0.43365182734669194,1.1918818691676087,-0.6871620430249592,-0.4573141749811837,0.530412536856188,-0.37775018193947446,-1.7820462362050424,0.6741984829913059,0.2119601938975034
38.0,Miscellaneous chemical products,659286.0,-627058.0,4.0,-2.0,8.0,58.0,3482.0,0.12,1.0,4.5,MAR,Import,0.0010592775345367024,-1.0607545034282542,-0.11364595046688901,-0.09894878554331608,0.2579093916524462,-0.32978715286047666,0.14994571556514527,-0.26956255476832114,0.19055641751171493,-0.2790458390715498
44.0,Wood and articles of wood; wood charcoal,657194.0,-606358.0,9.0,-3.0,5.0,44.0,3172.0,0.09,1.0,4.5,MAR,Import,0.17910286746430643,-0.9137343921582186,-0.05311153483326281,-0.41574475422176044,0.5205656846903135,-0.4258204782926696,0.48846114675813757,-0.808018617273267,0.02596051756285055,-0.24271371134583009
52.0,Cotton,606050.0,-568444.0,9.0,-4.0,2.0,16.0,4479.0,0.16,1.0,4.5,MAR,Import,0.418690529675187,-0.20451200571701497,-0.027446723481202806,-1.3066665303266711,0.5832044554220331,-0.16108133474016406,0.7814705869440092,-0.7717215720937841,-0.2797287457395699,-0.45128899016134516
8.0,Edible fruit and nuts; peel of citrus fruit or melons,604021.0,1174305.0,15.0,15.0,3.0,39.0,5390.0,0.1,1.0,4.5,MAR,Import,0.2228490332495732,-0.9651433528828851,0.05314767077110671,-1.3085051203109128,0.8091485847761415,-0.44571022166157925,0.6759175603287192,0.4000682256257089,-0.45982575500711115,0.612115576974673
54.0,Man-made filaments; strip and the like of man-made textile materials,522123.0,-501056.0,10.0,9.0,5.0,28.0,7567.0,0.26,1.0,4.5,MAR,Import,0.4420918247725636,0.531525566386647,0.03361331178980121,-1.7832006882630846,-0.0461891439344238,0.4578764170918012,0.25558687402717567,0.4015643859489724,0.11577156686581425,-0.052383379525183585
29.0,Organic chemicals,506872.0,-486247.0,6.0,-14.0,8.0,60.0,5950.0,0.12,1.0,4.5,MAR,Import,0.055176594066834464,-0.7393435091614475,-0.22146138597367346,-0.8492833731475504,0.08828780962371281,-0.04847078985955071,0.05913047720961,0.5969640009307471,0.3496075013070751,0.2874521380835073
33.0,"Essential oils and resinoids; perfumery, cosmetic or toilet preparations",501763.0,-385867.0,9.0,16.0,6.0,60.0,3122.0,0.12,1.0,4.5,MAR,Import,-0.010000499197639762,-1.0314392502311556,-0.01700354918089716,-0.0671383949701373,0.5111387046038435,-0.5290253406317945,0.30377283351032874,-0.44039938686681285,-0.05701029377546634,-0.012856411577465272
9.0,"Coffee, tea, maté and spices",436924.0,-369469.0,5.0,-17.0,8.0,34.0,8305.0,0.21,1.0,4.5,MAR,Import,0.23003819941842227,-0.5145408180727423,-0.07273952270331094,-1.9351278428506586,0.06143857842272087,0.23139605674423833,0.003813099905349284,1.7273400406187203,-0.08863969206518059,0.2840570388561871
4.0,"Dairy produce; birds' eggs; natural honey; edible products of animal origin, not elsewhere ...",417574.0,-370270.0,15.0,-6.0,7.0,51.0,3552.0,0.11,1.0,4.5,MAR,Import,0.07720952508183009,-1.640634478359315,0.2612829803496427,-0.4384481574211858,0.6728943622435556,-0.6778351384038122,0.13621766203081764,0.18186429909630725,-0.44483592846528613,0.29616230640188945
32.0,"Tanning or dyeing extracts; tannins and their derivatives; dyes, pigments and other colouring ...",375513.0,-347345.0,9.0,-5.0,3.0,49.0,3307.0,0.13,1.0,4.5,MAR,Import,0.03188211818463051,-0.8074145202560624,-0.1355385912956453,-0.44010721531456226,0.7347997517287794,-0.5812889884320336,0.5989723942506898,-0.5822659489422205,-0.3833763574878401,0.020585406752241516
96.0,Miscellaneous manufactured articles,367987.0,-352759.0,9.0,6.0,6.0,39.0,3950.0,0.18,1.0,4.5,MAR,Import,0.3501633291886912,0.317570426456852,0.05395235825531318,-0.4676284343913243,-0.15170096956029852,0.32353046447293926,0.32271428785988326,-1.511568222947827,0.6805724563353266,-0.7748126598526387
70.0,Glass and glassware,361203.0,-278033.0,12.0,-5.0,6.0,44.0,4469.0,0.1,1.0,4.5,MAR,Import,0.3163696698260754,-0.25338896087973667,0.0026773058238941014,-0.7165080801300229,0.06905380257629186,0.0877560609315281,0.34149399668528385,-0.9537243191164588,0.604294403034934,-0.2123435238212492
31.0,Fertilisers,338588.0,5122406.0,10.0,-23.0,19.0,55.0,3701.0,0.13,1.0,4.5,MAR,Import,0.06416225653352124,-2.1625349766790167,0.8410823933510665,0.27685727874820165,-0.6370271009661859,0.4591990912087348,-0.6895114680064062,0.46525154929422435,0.7222782019786687,-0.5758426276672529
83.0,Miscellaneous articles of base metal,320386.0,-256899.0,12.0,-4.0,6.0,44.0,4246.0,0.13,1.0,4.5,MAR,Import,0.33381088759536,0.0186386317518545,0.037241933623881424,-0.584277074686485,-0.050483629286485365,0.20445181150034933,0.31409319982285516,-1.2541866259061518,0.6798675858769064,-0.3884866683902305
69.0,Ceramic products,316462.0,-224438.0,3.0,2.0,5.0,42.0,3143.0,0.28,1.0,4.5,MAR,Import,0.0667131808167904,0.03946955897111746,-0.0027462923386228828,-0.12675844472275752,0.17487640833024573,-0.031993487078248284,0.3424254811061047,-1.0383765012327992,-0.18277090040525212,-0.8829909755744866
64.0,"Footwear, gaiters and the like; parts of such articles",315997.0,13368.0,9.0,2.0,6.0,60.0,7997.0,0.28,1.0,4.5,MAR,Import,0.18497088035204315,0.9032613606540394,-0.1871003646645296,-1.2774100381316293,-0.37366760351624007,0.6275828646761323,0.02610208489967692,0.5043747987033621,0.49674367293238325,0.33644998019522016
1.0,Live animals,291774.0,-277737.0,21.0,349.0,4.0,24.0,1831.0,0.48,1.0,4.5,MAR,Import,0.1624983232418509,-0.5603827356776565,1.6313123627359376,0.12554644079010574,1.3719726162120363,-1.1163787652575463,0.33642389544813633,0.16326365863636524,-1.7637393656972742,-0.6837252352629509
3.0,"Fish and crustaceans, molluscs and other aquatic invertebrates",290407.0,1397489.0,12.0,5.0,5.0,45.0,5411.0,0.08,1.0,4.5,MAR,Import,0.09157397252424473,-1.2546513542608404,0.010855535096436096,-1.1657438610812088,0.6900889107752485,-0.41333133505380604,0.5064002329097171,0.6469016023909147,-0.2993802098790567,0.5869434470588667
68.0,"Articles of stone, plaster, cement, asbestos, mica or similar materials",275901.0,-230025.0,9.0,2.0,5.0,46.0,2915.0,0.15,1.0,4.5,MAR,Import,0.15257897597500514,-0.3596117814757583,0.014734002752856055,-0.18269430902822165,0.284174615041074,-0.1749141508683928,0.4304150820432003,-1.309926948529475,0.1827460690313649,-0.5112715412620817
19.0,"Preparations of cereals, flour, starch or milk; pastrycooks' products",274820.0,-160156.0,14.0,21.0,9.0,60.0,2499.0,0.13,1.0,4.5,MAR,Import,-0.011078312887189884,-1.62537019992937,0.4015498761373597,0.1917982365676875,0.47420176104100714,-0.6214812051438566,-0.04922016485951309,-0.232927826269235,-0.18180737431636979,-0.026852464016444186
34.0,"Soap, organic surface-active agents, washing preparations, lubricating preparations, artificial ...",273977.0,-259409.0,11.0,2.0,6.0,56.0,2655.0,0.13,1.0,4.5,MAR,Import,0.0013954320831138535,-1.111051999109165,0.10125438255929871,-0.00785782708303014,0.5377521212037997,-0.5510823206260961,0.2762603751491665,-0.6506995271830383,-0.1828421280447261,-0.09821879053027115
59.0,"Impregnated, coated, covered or laminated textile fabrics; textile articles of a kind suitable ...",265944.0,-250872.0,8.0,19.0,4.0,26.0,3755.0,0.18,1.0,4.5,MAR,Import,0.2802727103768367,-0.2674443308380886,0.09844312904237215,-0.7854137285813847,0.4245735561477532,-0.12986835946997824,0.5749234607846103,-0.9313892758451876,-0.09740967451975406,-0.6363553769926623
62.0,"Articles of apparel and clothing accessories, not knitted or crocheted",262263.0,2653447.0,0.0,4.0,3.0,66.0,5768.0,0.13,1.0,4.5,MAR,Import,-0.11783583704988992,0.25367327325445915,-0.6490043626996619,-0.7117850069651482,0.1430735834028093,0.20009677281501634,0.7930689653866383,-0.26462205734711947,0.4892396822981843,0.21064933341132855
61.0,"Articles of apparel and clothing accessories, knitted or crocheted",259620.0,622797.0,4.0,-3.0,6.0,67.0,5324.0,0.16,1.0,4.5,MAR,Import,-0.03493932035048438,0.013167319620130201,-0.35566046124898176,-0.4721144897572093,-0.0409092727205191,0.15617180895034471,0.291215859794498,-0.25090161765820324,0.5387771734361706,0.054517607920759804
7.0,Edible vegetables and certain roots and tubers,257063.0,1624958.0,24.0,71.0,7.0,54.0,5271.0,0.17,1.0,4.5,MAR,Import,0.1958084654302276,-1.0297844872304165,0.6573217208229011,-0.7928035590878618,0.505325508356136,-0.33330143324385536,0.09286452883974394,0.6434214029520019,-0.30542597315700387,0.772351517730398
21.0,Miscellaneous edible preparations,247761.0,-126063.0,15.0,5.0,9.0,72.0,2860.0,0.11,1.0,4.5,MAR,Import,-0.07022170041755305,-1.5324170995882114,0.26914581947920607,0.25216969037742315,0.3801696030133597,-0.576948163164647,-0.10296809487489615,-0.18580215087048216,-0.002434918584396613,0.2646349414090478
12.0,"Oil seeds and oleaginous fruits; miscellaneous grains, seeds and fruit; industrial or medicinal ...",247389.0,-154512.0,12.0,-9.0,13.0,51.0,6451.0,0.07,1.0,4.5,MAR,Import,0.20533659537047366,-1.5398913006790502,0.2735518188871907,-1.0836396299656292,-0.11549135738442205,0.06660655317274469,-0.39881725754808983,1.197093287237957,0.5955002968370843,0.33323687521574996
22.0,"Beverages, spirits and vinegar",216329.0,-180969.0,19.0,20.0,6.0,70.0,2189.0,0.19,1.0,4.5,MAR,Import,-0.07075960490763641,-1.1724415859352704,0.3979312423160864,0.3813299028799096,0.6371241996196575,-0.7541468613346252,0.06323386889983977,-0.5373824682268183,-0.5406773463665807,0.29392000998366163
24.0,"Tobacco and manufactured tobacco substitutes; products, whether or not containing nicotine, ...",212784.0,-118455.0,4.0,23.0,3.0,55.0,3863.0,0.16,1.0,4.5,MAR,Import,-0.13200580844942755,-0.7068616804633543,-0.26453922311575556,-0.44425097875816205,0.7565616544658286,-0.5877071724204619,0.6114347669261048,-0.09938376988304946,-0.4394141746192793,0.07075836484239408
58.0,Special woven fabrics; tufted textile fabrics; lace; tapestries; trimmings; embroidery,185244.0,-150476.0,0.0,5.0,2.0,16.0,6307.0,0.23,1.0,4.5,MAR,Import,0.2806903430781008,0.45941272933358396,-0.3079172916461201,-1.7122507218902687,0.3222880165978545,0.22938939937794778,0.7810183360988922,-0.14388976317397573,-0.13631583970358738,-0.5537942880200448
42.0,"Articles of leather; saddlery and harness; travel goods, handbags and similar containers; articles ...",182975.0,-95939.0,3.0,27.0,7.0,54.0,5062.0,0.13,1.0,4.5,MAR,Import,0.004639363356450942,-0.5637331035394021,-0.18958312952908457,-0.646268375221786,0.19368337814708636,-0.0845931381418259,0.27476819006639763,0.0870380606592984,0.3645358731257638,-0.11063349507010165
63.0,Other made-up textile articles; sets; worn clothing and worn textile articles; rags,179758.0,195112.0,11.0,26.0,-1.0,57.0,3851.0,0.13,1.0,4.5,MAR,Import,0.04749148889139976,0.24801022989933036,-0.36956296715891,-0.546345287543715,0.7128260699525439,-0.384715417550879,0.9933613191227242,-1.2639441968593563,-0.052894424099406694,0.25542288304262273
56.0,"Wadding, felt and nonwovens; special yarns; twine, cordage, ropes and cables and articles thereof",170076.0,-150267.0,1.0,-12.0,3.0,35.0,4766.0,0.12,1.0,4.5,MAR,Import,0.12301843501691928,-0.19085463290440793,-0.4193139286420423,-1.038543995669352,0.4109113094034696,-0.07780953075734584,0.7506748965687235,-0.5925141537896478,0.13611644212511725,-0.36959321729990374
20.0,"Preparations of vegetables, fruit, nuts or other parts of plants",169189.0,39779.0,17.0,46.0,8.0,65.0,3449.0,0.13,1.0,4.5,MAR,Import,0.008176984135229005,-1.2923321381283635,0.38875885767903273,-0.047438099849582686,0.4683372455905865,-0.5441812744585445,0.006490899843687619,-0.03924135976718548,-0.06856359357865241,0.32793101481355363
35.0,Albuminoidal substances; modified starches; glues; enzymes,162104.0,-160080.0,18.0,14.0,10.0,46.0,2648.0,0.09,1.0,4.5,MAR,Import,0.22521001098424345,-1.5734425137319195,0.5968904758882287,-0.09297624135762671,0.29370376222724925,-0.3840421626450361,-0.08604547740926759,-0.6241179807115578,0.1725255737140341,-0.22951200514560646
51.0,"Wool, fine or coarse animal hair; horsehair yarn and woven fabric",158239.0,-147167.0,9.0,28.0,1.0,16.0,2420.0,0.53,1.0,4.5,MAR,Import,0.14231892816445657,0.49248567038537633,0.5678789573719967,-0.2785665210086734,0.6609820616044585,-0.27888793428550424,0.453880212418786,-0.9800463748493092,-1.750340812100146,-1.1806049275463204
82.0,"Tools, implements, cutlery, spoons and forks, of base metal; parts thereof of base metal",147237.0,-140130.0,4.0,21.0,5.0,61.0,5172.0,0.14,1.0,4.5,MAR,Import,0.0696488414319057,0.39717561708895077,-0.3876168670393852,-0.5484825199262265,-0.07273619837194034,0.23559185179642855,0.42862991447429516,-0.8083654377864483,0.8392937600598562,-0.1736483301476724
18.0,Cocoa and cocoa preparations,134326.0,-125228.0,13.0,10.0,6.0,61.0,2125.0,0.15,1.0,4.5,MAR,Import,-0.10579293597509286,-1.4180164846175876,0.2280060517649147,0.21437715964720705,0.7232265889835378,-0.7891705232750915,0.2136149267231689,-0.46433094595370233,-0.5247553985982837,0.055712065754618095
49.0,"Printed books, newspapers, pictures and other products of the printing industry; manuscripts, ...",132981.0,-95121.0,3.0,13.0,2.0,45.0,2686.0,0.13,1.0,4.5,MAR,Import,-0.04269517810597792,-0.5455181561403444,-0.2902319321041904,-0.28357966911598664,0.7487991241793747,-0.5339309161280492,0.8267371183799865,-1.0765763369845613,-0.25067805929777004,-0.40217245621901676
71.0,"Natural or cultured pearls, precious or semi-precious stones, precious metals, metals clad ...",130626.0,30797.0,7.0,37.0,10.0,79.0,4484.0,0.34,1.0,4.5,MAR,Import,-0.11261789107771766,0.291382312497878,0.18795724162650398,0.37756048989145485,-0.45786083282552176,0.31323636914866715,-0.40344811642128714,-0.25600382393517,0.41783129474473946,-0.3562395452855867
95.0,"Toys, games and sports requisites; parts and accessories thereof",123566.0,-109554.0,7.0,3.0,9.0,68.0,8503.0,0.47,1.0,4.5,MAR,Import,0.14871543902243925,1.87030287040603,0.018427393973814717,-0.8714763334364445,-1.089043732027181,1.2319187215307343,-0.5315698445630606,0.44097061710893165,0.698191706489739,-0.16472125622421133
53.0,Other vegetable textile fibres; paper yarn and woven fabrics of paper yarn,110435.0,-108104.0,22.0,48.0,8.0,12.0,6931.0,0.22,1.0,4.5,MAR,Import,0.7076029792808486,-0.01282918337615651,0.7754934080489819,-1.843623630706661,-0.07898411184092997,0.47344354614458317,-0.004696156655061208,0.15320164810182083,0.2732527472202061,-0.1657616220342949
89.0,"Ships, boats and floating structures",108871.0,-88462.0,9.0,21.0,3.0,58.0,5719.0,0.13,1.0,4.5,MAR,Import,0.1920750760063811,0.7547485237689058,-0.3793319368207547,-0.8688081280782898,-0.02157916200056392,0.30102875581066457,0.585126512384634,-1.0042265368211543,0.8677597919986106,0.08254255017141984
6.0,"Live trees and other plants; bulbs, roots and the like; cut flowers and ornamental foliage",93015.0,-66093.0,3.0,0.0,4.0,33.0,1528.0,0.37,1.0,4.5,MAR,Import,-0.19397974934656767,-1.1247536631196813,0.3157394964454287,0.11895492913549036,0.9655255310517622,-0.8429257395636711,0.3407833202137797,-0.2038215052029144,-1.7493151032146805,-0.8277287147006517
5.0,"Products of animal origin, not elsewhere specified or included",84521.0,35322.0,3.0,-4.0,2.0,30.0,3935.0,0.11,1.0,4.5,MAR,Import,-0.019763938474648017,-1.2317357745525375,-0.24227871397474898,-1.0502563413673134,1.078731453512526,-0.7403179735341096,0.8540538947285147,0.10947244382899973,-0.806607729876597,-0.04723674548687054
41.0,Raw hides and skins (other than furskins) and leather,80953.0,-47866.0,-1.0,-12.0,-1.0,35.0,1431.0,0.28,1.0,4.5,MAR,Import,-0.18223223282826592,-0.34798550630148956,-0.27985531927386453,-0.03314629048822778,1.0705603306319562,-0.7686752675458586,0.9982742484716581,-1.2774409175088397,-1.2903435234772815,-0.8168981534972389
57.0,Carpets and other textile floor coverings,71716.0,-40072.0,4.0,2.0,3.0,39.0,3032.0,0.12,1.0,4.5,MAR,Import,0.06152774273069947,-0.48372140831356125,-0.21863015887029041,-0.4567449918598345,0.5744342193097376,-0.33964653899245245,0.7453868032485291,-1.1425289812886066,-0.03729040170149783,-0.5089750808723245
81.0,Other base metals; cermets; articles thereof,71633.0,54714.0,21.0,33.0,11.0,40.0,2721.0,0.62,1.0,4.5,MAR,Import,0.289059913144184,0.6172979839068907,1.3934805745718404,0.5595583873995831,-0.5446099395444199,0.48023017057121237,-0.8485095904755441,-0.9600801750016136,-0.7434548945012838,-1.3048506906152983
16.0,"Preparations of meat, of fish, of crustaceans, molluscs or other aquatic invertebrates, or ...",63362.0,788833.0,14.0,7.0,4.0,78.0,3211.0,0.19,1.0,4.5,MAR,Import,-0.24789305804907574,-0.9023779482620473,0.02030549202731795,0.14718897618002436,0.7020546618200155,-0.6995675414361001,0.29971664975093787,-0.13600468851142658,-0.6090105445859451,0.6138696307699807
47.0,Pulp of wood or of other fibrous cellulosic material; recovered (waste and scrap) paper or ...,52654.0,-48624.0,11.0,-17.0,6.0,57.0,3778.0,0.22,1.0,4.5,MAR,Import,0.012472038207706477,-0.426325543462177,0.09188513071177515,-0.20789443258269535,0.22301453119749487,-0.17270197330972265,0.1250660150262715,-0.5131122980053567,-0.15161007199152668,-0.10197410624701272
91.0,Clocks and watches and parts thereof,44843.0,-43405.0,6.0,0.0,6.0,62.0,4788.0,0.44,1.0,4.5,MAR,Import,0.0009656883254570281,1.202717452175275,0.06456125974078923,-0.023091394239934056,-0.4304972123571769,0.5294068620268705,-0.10408640748927202,-0.7723866484059635,0.019231787951814936,-0.6431011993487487
86.0,"Railway or tramway locomotives, rolling stock and parts thereof; railway or tramway track fixtures ...",43898.0,-42019.0,-32.0,412.0,8.0,69.0,1439.0,0.57,1.0,4.5,MAR,Import,-0.7828771679677279,1.0714544954235332,0.01650009815211694,1.8023783676896135,0.1971506528414972,-0.23142109370694364,0.39646300972089693,-0.35427332518817045,0.017317400199650397,-2.6540505835770394
2.0,Meat and edible meat offal,43450.0,-41538.0,6.0,39.0,6.0,119.0,4423.0,0.39,1.0,4.5,MAR,Import,-0.7330523242338549,-0.2967127249704057,-0.1977492502928416,0.817238386884601,0.36314487083993857,-0.6293461381722744,-0.28561571598130636,1.1201424451306725,-0.8434870204040698,0.9310287954556348
79.0,Zinc and articles thereof,40563.0,-37191.0,7.0,-34.0,6.0,46.0,4359.0,0.13,1.0,4.5,MAR,Import,0.18913191152665423,-0.051738275938278816,-0.16950593429351796,-0.5927082910609779,-0.06213858241250193,0.219925308478314,0.3328270038639708,-1.092039901262004,0.6201389773376964,-0.43207257378347713
93.0,Arms and ammunition; parts and accessories thereof,38532.0,-38513.0,53.0,278.0,11.0,43.0,4643.0,0.41,1.0,4.5,MAR,Import,0.9453715139881544,0.8870340343086766,2.379409538992798,-0.2106628680035606,-0.39647040757526436,0.46834076444231726,-0.7584268311806722,-1.1166012283079296,0.5788918387013496,0.019398038771392137
65.0,Headgear and parts thereof,34226.0,-23589.0,26.0,87.0,12.0,51.0,8134.0,0.33,1.0,4.5,MAR,Import,0.5314081582474727,0.6264300352762775,0.9475320724571958,-1.2175769202616549,-0.7513521124392885,0.869993519075598,-0.7215708876728141,0.7004524327914818,0.7982940895441167,0.2773383190885818
11.0,Products of the milling industry; malt; starches; inulin; wheat gluten,32269.0,-25249.0,17.0,2.0,12.0,112.0,2383.0,0.1,1.0,4.5,MAR,Import,-0.4089082914122458,-1.8980684649222226,0.2441311571347084,1.1433167401319273,0.18215872126603802,-0.7238360709468685,-0.5724258290135448,0.12305646980580859,0.2407995680798955,0.7998755995815818
37.0,Photographic or cinematographic goods,19966.0,-19899.0,-1.0,8.0,0.0,58.0,7395.0,0.15,1.0,4.5,MAR,Import,-0.11301171301103449,0.44432489283699006,-0.8834268660311936,-1.5457548916219037,0.5111245593173259,-0.06399861802952243,0.8917811445814379,0.5532628611695415,0.035673152511517724,0.6188664647729525
13.0,"Lac; gums, resins and other vegetable saps and extracts",15258.0,40593.0,-18.0,-4.0,9.0,63.0,3693.0,0.11,1.0,4.5,MAR,Import,-0.5352960902315331,-1.5623410190262836,-0.7295873136957538,-0.0005639073200772216,0.3965568670073329,-0.4728023281329491,0.2961408333040872,0.6952213457750438,0.044702208547511516,-0.6429915213756069
50.0,Silk,11926.0,-11873.0,27.0,2.0,3.0,21.0,6101.0,0.47,1.0,4.5,MAR,Import,0.5272394583038185,0.8659817810531153,0.862858128361483,-1.4112150003836548,0.1598504945249111,0.29830996773173146,0.018554846999556347,-0.13253899641961228,-1.0521610285102618,0.007016013692400111
26.0,"Ores, slag and ash",11141.0,335923.0,-18.0,-67.0,10.0,83.0,4884.0,0.6,1.0,4.5,MAR,Import,-0.769373466560075,0.1892606290483146,-0.42625147725609286,0.603622121884813,-0.3917702907667308,0.21780237041634293,-0.5945386919331722,1.3697867585953776,-1.0632039622939016,-0.8671637512759196
36.0,Explosives; pyrotechnic products; matches; pyrophoric alloys; certain combustible preparations,9187.0,-8112.0,9.0,67.0,10.0,83.0,3046.0,0.3,1.0,4.5,MAR,Import,-0.2800487113268575,-0.6798949080524807,0.36753588336415893,0.7514730118974146,0.0668016529353182,-0.3136619451172555,-0.36652121325238673,0.00981554823266779,-0.10966886019358964,-0.1521414439923451
66.0,"Umbrellas, sun umbrellas, walking sticks, seat-sticks, whips, riding-crops and parts thereof",6501.0,-6123.0,-1.0,4.0,7.0,61.0,8010.0,0.5,1.0,4.5,MAR,Import,-0.0748417389466852,1.4690526836462534,-0.17425670261769127,-0.9130652964356412,-0.6116848426439192,0.8350688087040452,-0.2628486056983028,0.9172798798582755,-0.04662144196918306,-0.28177895215315374
67.0,Prepared feathers and down and articles made of feathers or of down; artificial flowers; articles ...,5530.0,-5114.0,10.0,-8.0,8.0,76.0,9268.0,0.71,1.0,4.5,MAR,Import,-0.036016734559335135,2.2837404688846457,0.26254280946754804,-0.8097428454343502,-1.0202650799946253,1.1722168934984538,-0.8658077711577193,1.4143412213878233,-0.44072922418029514,0.16101111392545944
75.0,Nickel and articles thereof,5510.0,-1129.0,27.0,48.0,16.0,65.0,3437.0,0.32,1.0,4.5,MAR,Import,0.3259030088588245,-0.4519934497756411,1.3102282864019934,0.5733125205234868,-0.7868143535489417,0.4520112498745035,-1.1127705966539827,-0.679134477653236,0.6932501291304595,-0.49092930474437807
92.0,Musical instruments; parts and accessories of such articles,3398.0,-2716.0,9.0,-8.0,6.0,75.0,7441.0,0.25,1.0,4.5,MAR,Import,0.10065485486549182,1.2772646167450108,-0.3463659229428715,-0.8459103335853614,-0.6105817132080106,0.7741598965084142,0.00862868272994664,-0.24158328668847517,1.0166404612953597,0.3025868965165071
80.0,Tin and articles thereof,2873.0,-2765.0,19.0,12.0,14.0,66.0,6937.0,0.17,1.0,4.5,MAR,Import,0.3695818164942855,0.05468313752351717,0.4729088624629229,-0.6890828320640013,-0.9598097230153205,0.8648463854734679,-0.7201634117751493,0.05523107781347835,1.527073082860293,0.12230201564414207
97.0,"Works of art, collectors' pieces and antiques",2534.0,3747.0,28.0,-8.0,3.0,64.0,3782.0,0.15,1.0,4.5,MAR,Import,0.3658554516481321,0.5698445802770814,0.2557751917236792,-0.2683907178877267,0.02113787065641627,0.11746801378121693,0.3212008731088645,-2.024315586829225,0.600920565370169,0.35799745416379464
78.0,Lead and articles thereof,1402.0,-1382.0,28.0,28.0,8.0,81.0,5515.0,0.27,1.0,4.5,MAR,Import,0.24206161061022574,0.5966542499391795,0.5375321045011422,-0.17393054764347268,-0.4349930602148685,0.38961655505890114,-0.4025152191938197,-0.6230626584208475,0.6507809883839963,0.6065070264913389
14.0,Vegetable plaiting materials; vegetable products not elsewhere specified or included,1294.0,-910.0,12.0,2.0,18.0,68.0,7214.0,0.18,1.0,4.5,MAR,Import,0.07842422307990844,-1.3798902158553028,0.5438789643064617,-0.6846121376003342,-0.6969469702244449,0.43298587134894906,-1.1034406149532165,1.8384112214572899,0.8369123164313994,0.290839041463144
45.0,Cork and articles of cork,1231.0,20142.0,4.0,-2.0,5.0,75.0,1475.0,0.31,1.0,4.5,MAR,Import,-0.3767977950294771,-0.4884673251150014,-0.029730701873966606,0.9002162453996306,0.44571016699499444,-0.5637468914322364,0.16547956984325957,-0.922561803647576,-0.6773491182810801,-0.4449905962738019
46.0,"Manufactures of straw, of esparto or of other plaiting materials; basketware and wickerwork",939.0,14029.0,10.0,-22.0,4.0,80.0,9143.0,0.21,1.0,4.5,MAR,Import,-0.013705428968297436,0.8547078998258687,-0.5780007552907973,-1.5213969990522724,-0.1908269244611732,0.45360288767562,0.15124986852994435,1.0347363597676884,0.5228705664646557,1.2156600442537386
43.0,Furskins and artificial fur; manufactures thereof,340.0,-187.0,-30.0,-50.0,-17.0,82.0,3292.0,0.25,1.0,4.5,MAR,Import,-1.0779230396638462,1.4900218275806363,-2.652877654802645,-0.338697706341838,1.9461380956407688,-1.239000587102968,2.6697718614571655,-1.1456147398013732,-1.7381943679805352,0.2734559284598224
27.0,"Mineral fuels, mineral oils and products of their distillation; bituminous substances; mineral ...",9283557.0,31827870.0,122.0,-1.0,19.0,54.0,1920.0,0.17,1.0,4.5,OMN,Import,2.502204953204678,-2.987904353611496,4.859405559704888,1.1199330584150509,-1.0406993279251875,1.6734545350236556,-0.04787558491897819,-1.2454541495252376,-0.4201779026045318,2.6818562411939015
84.0,"Nuclear reactors, boilers, machinery and mechanical appliances; parts thereof",3621247.0,-2452760.0,-1.0,17.0,6.0,65.0,3553.0,0.13,1.0,4.5,OMN,Import,0.4306055145775375,0.03333300740855829,-0.599756282007471,0.16409946847823378,-0.0886233216541224,-0.06732718367859056,0.42802728514135,-1.1031955264558118,0.8239508620134107,-0.6483199988953738
87.0,"Vehicles other than railway or tramway rolling stock, and parts and accessories thereof",3218821.0,-2562197.0,5.0,8.0,8.0,65.0,6191.0,0.15,1.0,4.5,OMN,Import,0.5884269099944412,0.4909799557466558,-0.45216537037907273,-0.5739765515418422,-0.5354657857202647,0.4398952775671027,0.05962607959601492,-0.374790804718442,1.2450368891568082,-0.20000899766758168
85.0,"Electrical machinery and equipment and parts thereof; sound recorders and reproducers, television ...",2301415.0,-1472347.0,4.0,-2.0,7.0,75.0,2598.0,0.27,1.0,4.5,OMN,Import,0.1617218727878582,0.1834561386365646,-0.20169930468963737,0.755619858704859,-0.20879092785622172,-0.02171373608643066,0.04334249800361939,-1.2924805575983012,0.3495561070559939,-0.6937211863909065
72.0,Iron and steel,1633309.0,195768.0,12.0,4.0,12.0,55.0,2418.0,0.19,1.0,4.5,OMN,Import,0.3507630680523103,-0.8323260298355867,0.4840069892855647,0.5102174821403702,-0.3387481140056643,0.11698637241666408,-0.276090011443465,-1.075969506492452,0.5827068053556973,-0.8393420205795693
29.0,Organic chemicals,1483090.0,-463051.0,93.0,-9.0,8.0,45.0,2657.0,0.3,1.0,4.5,OMN,Import,1.4647898252863072,-0.9735496089115071,2.9807427655657035,-0.33476451305456995,0.29660998423663276,-0.4265049231973511,-1.0442812265906374,-1.5403643469323238,-1.0490489907819198,1.8644939173722397
26.0,"Ores, slag and ash",1452616.0,341931.0,16.0,-9.0,10.0,25.0,9062.0,0.54,1.0,4.5,OMN,Import,0.5912855745189428,0.6198298876952097,0.767903008502483,-1.8001518405357186,-0.5526622459326329,0.8642337266529045,-0.6337978447078775,1.9152503178238904,-0.7278173117759178,-0.0684304133851686
73.0,Articles of iron or steel,1411664.0,-926349.0,-2.0,1.0,9.0,51.0,4220.0,0.21,1.0,4.5,OMN,Import,0.19093182674636577,-0.155073732512125,-0.20654812894972333,-0.15031246952657532,-0.2733608200361116,0.23169801873881768,0.05994407734845201,-0.5254583520564029,0.5904732513942476,-0.9070050262196285
39.0,Plastics and articles thereof,990786.0,1372473.0,6.0,-3.0,6.0,73.0,3460.0,0.22,1.0,4.5,OMN,Import,-0.12310199210474998,-0.5748224122620055,-0.12202850795412529,0.244757029229006,0.25575792312507,-0.26496682416047573,0.2570109143680429,-0.26303380728982606,-0.20217151046326945,0.01246274576133931
71.0,"Natural or cultured pearls, precious or semi-precious stones, precious metals, metals clad ...",915706.0,-697692.0,25.0,2.0,10.0,44.0,597.0,0.82,1.0,4.5,OMN,Import,0.2588068201073641,0.6447427342186431,1.7221625729365517,1.4196795860016111,-0.37126585593237715,0.1377004740617306,-1.0899812549594015,-1.2724979884503111,-1.8928894421642815,-1.579401670924085
4.0,"Dairy produce; birds' eggs; natural honey; edible products of animal origin, not elsewhere ...",764576.0,-346466.0,3.0,-18.0,7.0,38.0,2768.0,0.15,1.0,4.5,OMN,Import,0.000617165501530299,-1.7607964610001399,0.052963516448101454,-0.3034348987582637,0.7332869743274277,-0.7090646714983802,0.2969699262629795,0.1413766409660606,-0.713513152597198,-0.4313318145588168
30.0,Pharmaceutical products,672933.0,-563777.0,7.0,14.0,10.0,78.0,2099.0,0.18,1.0,4.5,OMN,Import,-0.18906894135211172,-1.3713733238253478,0.14449672374264041,0.7870276174727003,0.23212773297457906,-0.5527439827507498,-0.20315795822972402,-0.29806034040684903,-0.030484732787698497,-0.22989454513148025
10.0,Cereals,638133.0,-604109.0,4.0,-9.0,13.0,55.0,4539.0,0.2,1.0,4.5,OMN,Import,-0.009145254817156771,-1.5733427517180945,0.2529825464620651,-0.23885812641555093,-0.01850276536381904,-0.1755637391163338,-0.4720507157256125,0.9685071846033989,-0.02726072816911224,-0.3021543971468323
90.0,"Optical, photographic, cinematographic, measuring, checking, precision, medical or surgical ...",609146.0,-449437.0,6.0,22.0,4.0,68.0,3413.0,0.11,1.0,4.5,OMN,Import,0.07344824628436085,0.2310513151960757,-0.39119342730308315,0.04403733062148765,0.08974886236542563,-0.038702389634551956,0.5520428530376948,-1.5735601609765475,0.7990359837268233,-0.2693434709114343
74.0,Copper and articles thereof,516498.0,-502104.0,1.0,1.0,12.0,46.0,1276.0,0.57,1.0,4.5,OMN,Import,-0.048911517346916476,-0.008057755234635797,0.7486497271615505,1.1574069917819887,-0.44475906185004566,0.2085400652631169,-0.6893356045711364,-0.9291346390570558,-0.7308366880701367,-1.9663897523532032
33.0,"Essential oils and resinoids; perfumery, cosmetic or toilet preparations",421844.0,-374361.0,5.0,8.0,6.0,62.0,1850.0,0.39,1.0,4.5,OMN,Import,-0.2348044425689108,-0.5422455108682793,0.237602819431891,0.6854906049694669,0.4348562255960699,-0.5316804585739673,-0.006936360715406789,-0.45712570573736605,-1.0529155479004682,-0.6309652389467146
8.0,Edible fruit and nuts; peel of citrus fruit or melons,401006.0,-368734.0,9.0,-7.0,3.0,53.0,2039.0,0.17,1.0,4.5,OMN,Import,-0.13303361727625587,-1.3613498560161839,-0.006686946112133897,0.0005783265207375263,1.0403345176270287,-0.9877101176545638,0.5335495219420815,-0.4029178766538611,-1.0127084035333314,0.0226578833225262
1.0,Live animals,391519.0,-143035.0,14.0,18.0,4.0,16.0,2146.0,0.44,1.0,4.5,OMN,Import,0.13790857616500482,-0.965328361001446,0.8520009429904122,-0.3219838126711579,0.9693540793957397,-0.7407070819262088,0.19797372918988734,-0.04104524954025907,-2.080732457269937,-0.7283688630587349
19.0,"Preparations of cereals, flour, starch or milk; pastrycooks' products",389935.0,-185265.0,14.0,9.0,9.0,51.0,2471.0,0.15,1.0,4.5,OMN,Import,0.0686784952138087,-1.630434002454163,0.4692862777889883,0.06736964776731601,0.47096090071974106,-0.5781829374872566,-0.04644437203627425,-0.25634661450796864,-0.315585127823982,-0.1903300629294834
38.0,Miscellaneous chemical products,379820.0,-332197.0,6.0,-23.0,8.0,76.0,3824.0,0.13,1.0,4.5,OMN,Import,-0.14640597841809735,-0.9047795096268382,-0.2134970036879301,0.08636134112005094,0.14400340733033176,-0.2857439791406208,0.018245855339375908,-0.16164214723804912,0.2628778986366565,0.1202802869772266
2.0,Meat and edible meat offal,377349.0,-293657.0,7.0,-2.0,6.0,53.0,5034.0,0.23,1.0,4.5,OMN,Import,-0.06809780496426954,-0.9608414544562183,0.0046573498507212745,-0.7047477596531464,0.5451322019112083,-0.4460703746938267,0.13799311040697235,0.8671651142625256,-0.6909368615204967,0.24937448157347322
15.0,"Animal, vegetable or microbial fats and oils and their cleavage products; prepared edible fats; ...",376758.0,-107555.0,20.0,-20.0,17.0,61.0,5223.0,0.25,1.0,4.5,OMN,Import,0.20632607751170515,-1.5350376401069856,0.9427214914651245,-0.20506031882906783,-0.5042802785904701,0.18726223952244106,-1.1416687470422522,1.097301406341798,0.2099238060038301,0.06790278825408626
28.0,"Inorganic chemicals; organic or inorganic compounds of precious metals, of rare-earth metals, ...",372302.0,-188731.0,12.0,-17.0,17.0,62.0,9108.0,0.57,1.0,4.5,OMN,Import,0.15694576306307848,0.3471722083196626,0.8094978155925939,-0.8979773477469895,-1.213571032307238,1.0846231270394642,-1.5418175807693184,2.4480756609253054,-0.07255160650131794,-0.034297917296858764
24.0,"Tobacco and manufactured tobacco substitutes; products, whether or not containing nicotine, ...",341613.0,-33467.0,13.0,-5.0,3.0,39.0,508.0,0.82,1.0,4.5,OMN,Import,-0.19215392124933392,0.330159569792623,1.0849363739632394,1.0193383337440314,0.6317856237000777,-0.5746504746893693,-0.2708812485882451,-0.5696224738011895,-3.1078093936287723,-1.2460797776668509
40.0,Rubber and articles thereof,311375.0,-258502.0,5.0,-3.0,6.0,72.0,4586.0,0.16,1.0,4.5,OMN,Import,-0.13275869003985247,-0.47064209389357475,-0.3068488168739322,-0.23418342299642425,0.22348996134657972,-0.22446205525181992,0.20827123980638748,-0.03702081926466219,0.16192901450455613,0.19795277882697343
94.0,"Furniture; bedding, mattresses, mattress supports, cushions and similar stuffed furnishings; ...",291181.0,-251375.0,-9.0,-1.0,4.0,70.0,2915.0,0.23,1.0,4.5,OMN,Import,-0.2660872747274541,0.5193565655590731,-0.7241047884778038,0.43859236385572486,-0.010000553030421123,0.04448807515658749,0.548039351917365,-1.460943584150857,0.4542022026199888,-0.9218034985579585
76.0,Aluminium and articles thereof,282615.0,830157.0,5.0,-5.0,12.0,70.0,1745.0,0.26,1.0,4.5,OMN,Import,-0.10693078884300335,-0.6410215253489647,0.3206180586410329,1.0494253427034694,-0.38484537132138774,0.11031552308130359,-0.3638950283634569,-1.1672384087024197,0.4320625741714347,-1.0097668072093395
48.0,"Paper and paperboard; articles of paper pulp, of paper or of paperboard",266531.0,-188516.0,7.0,-7.0,5.0,85.0,2539.0,0.24,1.0,4.5,OMN,Import,-0.2991500560667252,-0.3725070221120423,-0.18799527797037202,0.6615262592521577,0.32389122488260635,-0.4595848332747666,0.1603604047901054,-0.7644785257210084,-0.23817633142795006,0.027557298666352974
34.0,"Soap, organic surface-active agents, washing preparations, lubricating preparations, artificial ...",243533.0,-183670.0,4.0,3.0,6.0,61.0,1812.0,0.27,1.0,4.5,OMN,Import,-0.22871530645712776,-0.8710488290860551,0.07323930938243281,0.5372214909962267,0.5099347892875041,-0.5871720457059838,0.16992054421568076,-0.6176739524494901,-0.6745581661469138,-0.5342615709685662
7.0,Edible vegetables and certain roots and tubers,240392.0,-197379.0,9.0,5.0,7.0,57.0,2107.0,0.16,1.0,4.5,OMN,Import,-0.1498658935979706,-1.6976859975504432,0.20655077249810797,0.20051532023802598,0.7482170767450531,-0.8382276719874906,0.1559392561167473,-0.1280507279310164,-0.6679394939916325,-0.10628116289468384
20.0,"Preparations of vegetables, fruit, nuts or other parts of plants",234244.0,-167941.0,6.0,9.0,8.0,53.0,2999.0,0.13,1.0,4.5,OMN,Import,-0.07163640218324496,-1.4692626007049283,0.0966937898685658,-0.08141804283485517,0.5005364741774098,-0.5464931337073735,0.14933161184275795,-0.07383300778700694,-0.199182256127202,-0.23778744864218243
44.0,Wood and articles of wood; wood charcoal,209076.0,-188925.0,7.0,-15.0,5.0,71.0,3729.0,0.18,1.0,4.5,OMN,Import,-0.14450085412960811,-0.4466583464528312,-0.2375371966440633,-0.022890795884633816,0.32042259645101556,-0.3216043195955187,0.2646472982663402,-0.4535624960578632,-0.04954410379203915,0.11198071388036222
21.0,Miscellaneous edible preparations,192393.0,-62615.0,7.0,15.0,9.0,83.0,3324.0,0.19,1.0,4.5,OMN,Import,-0.2981239406293199,-1.1615155110171982,0.027026830863821565,0.44522600936157225,0.2635769755641442,-0.4871998646539487,-0.15793484989194867,0.20630567509936992,-0.09038682235213688,0.1697643540956436
25.0,"Salt; sulphur; earths and stone; plastering materials, lime and cement",188690.0,282774.0,-10.0,12.0,14.0,62.0,1013.0,0.5,1.0,4.5,OMN,Import,-0.527174688492188,-1.2212452553059867,0.45628335803882136,1.4622026659409006,-0.0967902082318396,-0.2798263603519512,-0.709269129007838,0.2679954079351515,-1.0049274951051526,-1.7093177101339
88.0,"Aircraft, spacecraft, and parts thereof",186751.0,78456.0,16.0,122.0,-3.0,62.0,3390.0,0.2,1.0,4.5,OMN,Import,0.11355697199481002,1.0804976515419815,-0.13172691144522036,-0.2297003621650626,0.7355849189560658,-0.3582061953850036,1.1224558945402083,-1.9138545979350428,0.050368540443694376,0.1753410522902408
23.0,Residues and waste from the food industries; prepared animal fodder,186536.0,-35034.0,9.0,-23.0,11.0,76.0,5863.0,0.13,1.0,4.5,OMN,Import,-0.07604991555378307,-1.0255729507059814,-0.04346004551118158,-0.4578972118035992,-0.13905100848546048,0.0021291761964964046,-0.34415374134893995,0.8615385495625705,0.4888139342145073,0.4959855667946538
69.0,Ceramic products,173795.0,-144935.0,3.0,-1.0,5.0,62.0,3116.0,0.26,1.0,4.5,OMN,Import,-0.10830681840458413,0.07024159549282089,-0.17109620664021397,0.19175632361589096,0.13294296298521444,-0.09449052028655731,0.28318888095457057,-1.0126079137957693,-0.015828049473192777,-0.548485676547357
61.0,"Articles of apparel and clothing accessories, knitted or crocheted",173718.0,-159694.0,2.0,-2.0,6.0,76.0,1454.0,0.52,1.0,4.5,OMN,Import,-0.39865655784868054,0.29137345949423227,0.17770546153906666,1.2668510260047612,0.07162384126862309,-0.23913476553066962,-0.18555183882404053,-0.9332971558687269,-1.0143144996259295,-0.938413191101884
17.0,Sugars and sugar confectionery,160435.0,-137795.0,18.0,2.0,15.0,79.0,2217.0,0.27,1.0,4.5,OMN,Import,-0.12619082676476528,-1.7625734034400748,0.8881750315864774,0.9674416052039098,-0.11295478880309597,-0.37047685700711086,-0.9612438042230311,0.19033529505235705,-0.20145650575906818,-0.13357236322029856
96.0,Miscellaneous manufactured articles,144729.0,-132072.0,0.0,1.0,6.0,69.0,2445.0,0.19,1.0,4.5,OMN,Import,-0.12119983926719398,0.1826592121831569,-0.3344884714183702,0.5485563806565174,-0.10321470573369125,0.05560992395903962,0.31768483926013613,-1.7168433178710238,0.6539300405587164,-0.8204321182176816
32.0,"Tanning or dyeing extracts; tannins and their derivatives; dyes, pigments and other colouring ...",143825.0,-105187.0,4.0,-7.0,3.0,77.0,2147.0,0.34,1.0,4.5,OMN,Import,-0.41611415614917485,-0.3349994065015138,-0.16220472544450265,0.6575270991583045,0.62308268375653,-0.6675464613349337,0.2844746119355191,-0.5323596240840501,-1.0203028921467745,-0.13088303753824818
9.0,"Coffee, tea, maté and spices",137548.0,-126179.0,9.0,5.0,8.0,68.0,1846.0,0.32,1.0,4.5,OMN,Import,-0.29953123247738433,-1.3082365049573257,0.39253368135751243,0.6998105938895169,0.5385932066132477,-0.7345491728881907,-0.19485467824134275,0.018209871953996794,-1.043519337994351,-0.243838809861965
62.0,"Articles of apparel and clothing accessories, not knitted or crocheted",132953.0,-128472.0,1.0,17.0,3.0,86.0,2335.0,0.3,1.0,4.5,OMN,Import,-0.4182762379235717,0.19667347310514208,-0.3848380516922996,0.8069723078043378,0.35515285348698944,-0.41424981564385616,0.37379367291824467,-1.0410919184896994,-0.31997469338336837,-0.25383563969887146
91.0,Clocks and watches and parts thereof,129126.0,-68077.0,6.0,15.0,6.0,42.0,1146.0,0.65,1.0,4.5,OMN,Import,-0.03085616363141174,0.9789640692543983,0.7156641083914805,0.9938633176069971,-0.15171006144179855,0.17479511764655303,-0.22287987999853065,-1.6512707747892532,-1.1917137154898727,-1.8032832774205514
64.0,"Footwear, gaiters and the like; parts of such articles",123566.0,-108123.0,8.0,11.0,6.0,84.0,1733.0,0.48,1.0,4.5,OMN,Import,-0.3442055955422493,0.34013148673826343,0.25890976927648984,1.252743469257714,0.037879702974146334,-0.22973815925423338,-0.2255896980608848,-1.014146060004201,-0.7683950337231817,-0.5732004508267425
18.0,Cocoa and cocoa preparations,118811.0,-113773.0,-2.0,-20.0,6.0,64.0,2158.0,0.26,1.0,4.5,OMN,Import,-0.39912904374491637,-1.1251123590439263,-0.17783487492058417,0.4497649876730413,0.5996646654316347,-0.6806746456451408,0.2024178847797177,-0.1211813242299795,-0.8346124996682364,-0.45452711037471677
70.0,Glass and glassware,112360.0,-53411.0,5.0,7.0,6.0,75.0,2157.0,0.28,1.0,4.5,OMN,Import,-0.2206329002702902,-0.061901066844521,-0.04742027544215602,0.7613400292025128,0.09778955139855239,-0.20657410183362374,0.11032124422871645,-1.2193478753009066,-0.03833069853708171,-0.5312873513095528
83.0,Miscellaneous articles of base metal,108798.0,-92526.0,9.0,5.0,6.0,75.0,2326.0,0.33,1.0,4.5,OMN,Import,-0.1277824338168724,0.33971665913059473,0.10232792881855905,0.7762011720489924,-0.07709463768986896,-0.022967660666220975,-0.0029308484018784713,-1.447984286009899,0.004285307764569603,-0.5509298220090784
22.0,"Beverages, spirits and vinegar",103282.0,-83096.0,-2.0,8.0,6.0,99.0,2787.0,0.23,1.0,4.5,OMN,Import,-0.6337544826118974,-0.8205451345338881,-0.4694729765033534,0.8484562260713674,0.45759309688864225,-0.6865595286013403,0.1181262440557703,0.08511382993488785,-0.3653447471309677,0.177791059431679
68.0,"Articles of stone, plaster, cement, asbestos, mica or similar materials",95040.0,118949.0,-8.0,3.0,5.0,71.0,1816.0,0.24,1.0,4.5,OMN,Import,-0.40898502664312225,-0.21585966212792485,-0.5024125497823587,0.7741696670619757,0.25876790538716604,-0.31150137059777616,0.44145042667815004,-1.1909243320757954,-0.03532495676069279,-0.9067003066486949
82.0,"Tools, implements, cutlery, spoons and forks, of base metal; parts thereof of base metal",90870.0,-77533.0,4.0,6.0,5.0,73.0,2284.0,0.21,1.0,4.5,OMN,Import,-0.16586692304565392,0.06060933058171517,-0.23149436982078664,0.5961238934030407,0.10274617515290668,-0.15131177615744684,0.3232702214635563,-1.5552696851302303,0.3012850424335145,-0.5254629324601781
16.0,"Preparations of meat, of fish, of crustaceans, molluscs or other aquatic invertebrates, or ...",82097.0,-69802.0,5.0,-1.0,4.0,68.0,2047.0,0.39,1.0,4.5,OMN,Import,-0.39953745060410856,-0.6250234126757769,0.09450275241375558,0.5940960664769283,0.706855916477436,-0.7474444925839899,0.1422469060551671,-0.15961025329260645,-1.4086510480377639,-0.24774692428009318
3.0,"Fish and crustaceans, molluscs and other aquatic invertebrates",80243.0,474755.0,13.0,-16.0,5.0,86.0,1784.0,0.23,1.0,4.5,OMN,Import,-0.41946396354110455,-1.3698467770784208,0.09804523530697895,0.7556093063697903,0.8084371564130856,-0.9836977256384708,0.10518501376061784,-0.16944905617301995,-1.0208287602727646,0.4879324204492493
63.0,Other made-up textile articles; sets; worn clothing and worn textile articles; rags,71680.0,-57477.0,4.0,4.0,-1.0,92.0,2654.0,0.21,1.0,4.5,OMN,Import,-0.4221805383235771,0.3794077859659123,-0.7120879046525543,0.5198634828379086,0.6513694596980922,-0.586994448817879,0.8057477667126652,-1.3345618868372058,-0.2600255641870581,0.3104770115163509
89.0,"Ships, boats and floating structures",60170.0,122662.0,-22.0,205.0,3.0,80.0,4751.0,0.35,1.0,4.5,OMN,Import,-0.5689040030456284,1.442907943275295,-0.8611089802393405,0.3512642277756911,0.09081839729449448,0.09984389446192896,0.7692624107754211,-0.3031997980962193,0.551138706679519,-1.0188468476168946
95.0,"Toys, games and sports requisites; parts and accessories thereof",56375.0,-45063.0,-3.0,4.0,9.0,92.0,3059.0,0.3,1.0,4.5,OMN,Import,-0.35331069317743824,0.4466512784149428,-0.32155400025350567,1.0231597086600674,-0.5189007860400114,0.27679813586288,-0.18644062474646653,-1.1077117702359762,0.7245551009079,-0.7469565010118726
12.0,"Oil seeds and oleaginous fruits; miscellaneous grains, seeds and fruit; industrial or medicinal ...",53654.0,-30168.0,9.0,-11.0,13.0,90.0,3948.0,0.12,1.0,4.5,OMN,Import,-0.29008040683244213,-1.715871054424051,0.11704808964607796,0.401708195410485,-0.020830840704424685,-0.35597144606274495,-0.5495011758019502,0.6817079152100736,0.3496643087376508,0.3921269425580238
42.0,"Articles of leather; saddlery and harness; travel goods, handbags and similar containers; articles ...",51389.0,-49271.0,9.0,25.0,7.0,78.0,2720.0,0.37,1.0,4.5,OMN,Import,-0.27922776671228844,-0.2589324957570219,0.2562474833223726,0.7139819562378037,0.18503842119005084,-0.3304729092376124,-0.18019840388188843,-0.3582969609551451,-0.578634100268061,-0.22867709160266764
99.0,Commodities not elsewhere specified,47310.0,-24135.0,27.0,-57.0,8.0,88.0,4590.0,0.22,1.0,4.5,OMN,Import,0.22199017164323026,0.6058474837243626,0.27877763285774626,0.1638384878358275,-0.6388104199171444,0.49559322228981356,-0.4026511909570168,-1.430605053712923,0.934760930143379,0.4786110231482783
11.0,Products of the milling industry; malt; starches; inulin; wheat gluten,46975.0,60831.0,9.0,14.0,12.0,94.0,3216.0,0.12,1.0,4.5,OMN,Import,-0.36258818071612603,-1.7535502239382534,0.12244457931196301,0.6644936607682927,0.1545662008612875,-0.544016927953848,-0.42804814121818147,0.4707200041481119,0.2283674159482482,0.3874234282390715
79.0,Zinc and articles thereof,42980.0,-37248.0,1.0,-31.0,6.0,45.0,1856.0,0.36,1.0,4.5,OMN,Import,-0.06308945673152995,0.08176404424753494,0.09089565998188244,0.4520242766904598,0.02694097534449585,0.010591934973182943,0.14670443986233153,-1.4772897351087504,-0.39793464614683777,-1.310215403668449
35.0,Albuminoidal substances; modified starches; glues; enzymes,42887.0,-39923.0,15.0,-1.0,10.0,77.0,2870.0,0.17,1.0,4.5,OMN,Import,-0.1053716815502925,-1.1810022720405804,0.33867532964552327,0.46819052998943794,0.11206356359964766,-0.3578112907530697,-0.30131277088121383,-0.3456903778905192,0.11130398817163699,0.10995940989617327
54.0,Man-made filaments; strip and the like of man-made textile materials,39157.0,-32081.0,6.0,15.0,5.0,101.0,2028.0,0.41,1.0,4.5,OMN,Import,-0.5302923489921423,0.1940396453948373,-0.06210139859669535,1.3179272884675945,0.18644930461546497,-0.4175363546433904,-0.0881754020181545,-0.7682004977153108,-0.624687666465683,-0.10106489178364428
31.0,Fertilisers,36891.0,1137496.0,2.0,-12.0,19.0,128.0,3278.0,0.11,1.0,4.5,OMN,Import,-0.6282439586809156,-1.8760773251208143,-0.008113325867887038,1.585018744525025,-0.7155336446073249,-0.04384093305228226,-1.098765576557156,0.6523079019620834,1.233750683662814,0.2152946430965657
57.0,Carpets and other textile floor coverings,34097.0,-32510.0,6.0,4.0,3.0,52.0,2051.0,0.27,1.0,4.5,OMN,Import,-0.10229390645216967,-0.20424080537475398,-0.006382650576974294,0.22753061258568755,0.531912941910171,-0.4210948758527259,0.48523812891962553,-1.2540502237564553,-0.5658221883868858,-0.5910100498147545
56.0,"Wadding, felt and nonwovens; special yarns; twine, cordage, ropes and cables and articles thereof",28128.0,-26990.0,15.0,-19.0,3.0,90.0,3374.0,0.15,1.0,4.5,OMN,Import,-0.1840259316992031,-0.13330168063766845,-0.27246882463737215,0.2671547407788991,0.3585276547015485,-0.4003767562972257,0.33766574656729753,-1.0242033663947527,0.1094957769611673,0.6436959263934062
55.0,Man-made staple fibres,24419.0,-16199.0,-2.0,-7.0,3.0,106.0,3448.0,0.21,1.0,4.5,OMN,Import,-0.593372464739606,0.11452247925548768,-0.8271259913389509,0.6882176275639212,0.2902835407416392,-0.4022345379675611,0.4027640228419443,-0.5880437781133083,0.08674557179797612,0.32815165793725964
75.0,Nickel and articles thereof,22301.0,-19702.0,3.0,85.0,16.0,50.0,2772.0,0.2,1.0,4.5,OMN,Import,0.09571637305587494,-0.9445358595640424,0.6381906617051338,0.5303379856151615,-0.5504558024759324,0.2952094658655514,-0.5596636167786364,-0.6391252594827144,1.049346021619674,-1.4117098649111115
36.0,Explosives; pyrotechnic products; matches; pyrophoric alloys; certain combustible preparations,19958.0,-17608.0,8.0,-21.0,10.0,59.0,5660.0,0.4,1.0,4.5,OMN,Import,-0.04244443967173231,-0.0886160936221282,0.3201126411986508,-0.37398090111263826,-0.29379462418579316,0.27989276847563654,-0.5197430699203972,0.7347798894558822,-0.35037890179486125,-0.21021810970513785
49.0,"Printed books, newspapers, pictures and other products of the printing industry; manuscripts, ...",19012.0,128778.0,-39.0,-28.0,2.0,120.0,2648.0,0.16,1.0,4.5,OMN,Import,-1.3198513667385317,-0.15922350450566183,-2.1636156463195593,1.2452866650819883,0.4680608393205375,-0.6365189476225566,0.9457436937108352,-0.20846231709367907,0.17357865080863055,-0.4979414433598661
5.0,"Products of animal origin, not elsewhere specified or included",17059.0,-16537.0,78.0,93.0,2.0,57.0,1862.0,0.51,1.0,4.5,OMN,Import,0.706518619079097,-0.32968777912330655,2.650795250756701,0.15687791932895764,1.0472204348223115,-0.9977866932440478,-0.5583899673455806,-1.0466093848258613,-2.3322498666319023,1.7081629944693837
97.0,"Works of art, collectors' pieces and antiques",13877.0,-11216.0,70.0,124.0,3.0,41.0,1902.0,0.38,1.0,4.5,OMN,Import,1.058721805670199,0.8445248746236406,2.3385887550468487,0.03399955513718353,0.2738956029916348,-0.10178837090184427,-0.23177087449597247,-2.9131048699244655,-0.46783589589907065,0.5846995354583572
6.0,"Live trees and other plants; bulbs, roots and the like; cut flowers and ornamental foliage",13082.0,-11082.0,14.0,-7.0,4.0,75.0,2020.0,0.13,1.0,4.5,OMN,Import,-0.27527914909244394,-1.4937176236958083,0.019805890534881555,0.3323417286395096,0.9540264110232273,-1.036100239714902,0.3440746572495961,-0.37386282320595704,-0.7481077387035214,0.5280990991248778
65.0,Headgear and parts thereof,12958.0,-11353.0,-5.0,30.0,12.0,68.0,2285.0,0.3,1.0,4.5,OMN,Import,-0.29454681693810864,-0.5815788920522196,0.10322563999394094,0.9257483107414897,-0.29067316587057657,0.03341014299943029,-0.3357218559186062,-0.5650481596216808,0.2938142001261414,-1.2401826325140075
78.0,Lead and articles thereof,12506.0,-389.0,-12.0,-48.0,8.0,47.0,1324.0,0.32,1.0,4.5,OMN,Import,-0.27617704142904304,-0.3235080552792633,-0.2510665088180474,0.7367404232514799,-0.06549358392736568,0.0036689227870013224,0.14577909291154661,-1.3529754653236603,-0.17509085545203798,-1.790458025180132
59.0,"Impregnated, coated, covered or laminated textile fabrics; textile articles of a kind suitable ...",11632.0,-11329.0,11.0,13.0,4.0,98.0,3404.0,0.18,1.0,4.5,OMN,Import,-0.3002892815627206,-0.0065901627143496585,-0.31400105604436246,0.5200562156687589,0.2480394207947335,-0.3529889804441843,0.24718467243877817,-0.8682496580321495,0.23967050599850503,0.520698759520117
47.0,Pulp of wood or of other fibrous cellulosic material; recovered (waste and scrap) paper or ...,11330.0,-9107.0,91.0,51.0,6.0,89.0,6073.0,0.3,1.0,4.5,OMN,Import,1.0435729625543075,0.45599625503980956,2.3961522571101233,-0.6534448958043002,-0.0605920283393634,0.011913777139377075,-1.0360817352918277,-0.834760844895049,-0.1521685365608195,2.988400039871269
13.0,"Lac; gums, resins and other vegetable saps and extracts",9932.0,-8456.0,7.0,25.0,9.0,71.0,1522.0,0.24,1.0,4.5,OMN,Import,-0.3364300016764499,-1.5698790749107276,0.3249059246571326,0.8232290230541607,0.5282897734380007,-0.7715129890073816,-0.14439388032184225,-0.13291157195469452,-0.64922129217361,-0.3043304973066614
60.0,Knitted or crocheted fabrics,8640.0,-7718.0,24.0,4.0,4.0,113.0,3941.0,0.27,1.0,4.5,OMN,Import,-0.22742822151668451,0.424217509162938,0.03471434639881118,0.6468162477476751,0.0708418868806141,-0.24524630925470323,-0.10624022318153413,-0.798361444988518,0.059334925633739356,1.1089167392168477
52.0,Cotton,8416.0,-5281.0,-1.0,-78.0,2.0,123.0,1405.0,0.4,1.0,4.5,OMN,Import,-0.8766435004848571,0.2720566912313721,-0.735765511633647,1.7191921809132096,0.32275637327692414,-0.6222616316758725,0.12971475553126946,-1.0066574365777612,-0.8933851692171603,0.17911722606009584
37.0,Photographic or cinematographic goods,7298.0,-5752.0,4.0,16.0,0.0,74.0,5972.0,0.25,1.0,4.5,OMN,Import,-0.25105346924655203,0.5195376419586848,-0.623026492125095,-0.748869000918815,0.5429766452902227,-0.2574844556555029,0.6657277384650314,0.22689301004219964,-0.37724282141659055,0.659527507852124
86.0,"Railway or tramway locomotives, rolling stock and parts thereof; railway or tramway track fixtures ...",6784.0,-5037.0,5.0,-2.0,8.0,112.0,1784.0,0.31,1.0,4.5,OMN,Import,-0.48612349054310316,0.2320714452516284,-0.1805814290611109,1.6482055965561813,-0.30669946099164563,-0.08331433229761544,-0.26885480426811453,-1.4099047623940595,0.39813004725458506,-0.2855824207981422
46.0,"Manufactures of straw, of esparto or of other plaiting materials; basketware and wickerwork",5420.0,-5246.0,-11.0,-5.0,4.0,48.0,1050.0,0.52,1.0,4.5,OMN,Import,-0.4817165891493884,-0.025987492017063844,-0.08042544205694625,0.861071069313287,0.48515119886570407,-0.43831180254203195,0.2733861934478259,-0.7456047089744142,-1.5455186768383729,-1.5852220130212313
80.0,Tin and articles thereof,4936.0,-4722.0,0.0,42.0,14.0,54.0,544.0,0.75,1.0,4.5,OMN,Import,-0.25266998298280885,0.3525929347123001,1.122617554675437,1.8439580841694416,-0.6715552105372995,0.3306444882816364,-1.082290735653249,-0.8861892301842703,-1.0570790069118101,-2.3787530594368462
81.0,Other base metals; cermets; articles thereof,4846.0,20380.0,25.0,-26.0,11.0,73.0,3039.0,0.45,1.0,4.5,OMN,Import,0.14306144424027908,0.3148776078690617,0.9527020350319885,0.759288219508315,-0.6259875474903434,0.38128762032518376,-0.8702315826488669,-1.0763631621321195,-0.07995851716190197,-0.38170972765052663
45.0,Cork and articles of cork,3927.0,-1532.0,-9.0,3.0,5.0,45.0,972.0,0.68,1.0,4.5,OMN,Import,-0.47628653855444625,0.2879762042007789,0.2720253865805921,1.0571004555043166,0.334483470637508,-0.31381179268956205,-0.04072701495371414,-0.5480978094222568,-2.0180136585187296,-1.8338977959016947
92.0,Musical instruments; parts and accessories of such articles,3032.0,-2253.0,2.0,90.0,6.0,78.0,3863.0,0.15,1.0,4.5,OMN,Import,-0.12605937018255037,0.4074151785373846,-0.31420956540441186,0.26209030075378853,-0.08482867577126708,0.09083839969731372,0.3692180006946964,-1.178575925244471,1.0637099140435708,-0.3606663537821936
67.0,Prepared feathers and down and articles made of feathers or of down; artificial flowers; articles ...,2676.0,-2584.0,0.0,8.0,8.0,107.0,2246.0,0.51,1.0,4.5,OMN,Import,-0.6321595924045106,0.5150496464561345,-0.04357425293057373,1.6533650405528117,-0.2809523525393234,-0.06784549749217422,-0.4681223820737064,-0.5900605559664625,-0.4571971051470141,-0.5378435238825533
41.0,Raw hides and skins (other than furskins) and leather,2299.0,-1357.0,33.0,-10.0,-1.0,86.0,2444.0,0.14,1.0,4.5,OMN,Import,0.005663537716781583,-0.29110316418788273,0.17054783009941268,0.17583294728590448,0.9253737790352683,-0.8689042885032952,0.5571822489370535,-1.507041442096331,-0.5653079015370329,1.3125657477937003
58.0,Special woven fabrics; tufted textile fabrics; lace; tapestries; trimmings; embroidery,1808.0,-1706.0,-14.0,-8.0,2.0,135.0,2768.0,0.26,1.0,4.5,OMN,Import,-1.0540380166342367,0.38987203397072595,-1.3713143618425443,1.4772930008059453,0.2866499865440422,-0.5471088782318633,0.4683643846697531,-0.5734096366894345,0.02607476767234247,0.28415560685648994
50.0,Silk,1653.0,-1644.0,-16.0,22.0,3.0,60.0,1173.0,0.54,1.0,4.5,OMN,Import,-0.6519614518025588,0.2903174926269064,-0.3248983403388536,1.0660362970509152,0.49914879597544054,-0.4641206273613314,0.37946541202095846,-0.6829208735402778,-1.4786807868001708,-1.5443197189486297
53.0,Other vegetable textile fibres; paper yarn and woven fabrics of paper yarn,1594.0,-1589.0,8.0,-13.0,8.0,96.0,2314.0,0.38,1.0,4.5,OMN,Import,-0.42201116159807134,-0.14991754309606414,0.11035106438897736,1.200183927108451,-0.062363510592640115,-0.23815274861429733,-0.37370037704093706,-0.6053467126247047,-0.3728418257179969,-0.1768401979316832
66.0,"Umbrellas, sun umbrellas, walking sticks, seat-sticks, whips, riding-crops and parts thereof",1524.0,-1368.0,22.0,54.0,7.0,106.0,3125.0,0.34,1.0,4.5,OMN,Import,-0.20754865787410207,0.327598684520447,0.4064601245675857,1.0349615757721162,-0.1028212362714343,-0.1601508372045598,-0.3722489181003681,-0.8549798160213082,0.07709480882723961,0.484237086238758
14.0,Vegetable plaiting materials; vegetable products not elsewhere specified or included,386.0,-355.0,-27.0,48.0,18.0,93.0,3058.0,0.29,1.0,4.5,OMN,Import,-0.9091565275379857,-1.7350633127119133,-0.37488033735598664,1.3651605430305083,-0.3860922640036649,-0.18300198750676638,-0.7750021360083668,1.4785744656793993,0.3237200082890813,-1.2999606728506312
51.0,"Wool, fine or coarse animal hair; horsehair yarn and woven fabric",139.0,-137.0,33.0,1290.0,1.0,131.0,1205.0,0.46,1.0,4.5,OMN,Import,-0.38752449889478313,1.809897289163408,2.5757071696246063,2.641999945805825,2.092390497698628,-2.0395011542825117,1.0135727575855238,-0.13376324715413535,0.63431254940488,0.49759293837035923
43.0,Furskins and artificial fur; manufactures thereof,90.0,-88.0,13.0,30.0,-17.0,110.0,7789.0,0.28,1.0,4.5,OMN,Import,-0.4788453280186917,2.6644435685059724,-1.6444904349873952,-1.3612597713299832,1.514560444999619,-0.7463879434958219,2.0023591552589197,-0.2993548566346137,-1.1659272414003752,2.61393587382882
93.0,Arms and ammunition; parts and accessories thereof,114610.5,3.0,7.0,1.0,11.0,70.0,4590.0,0.22,1.0,4.5,OMN,Import,0.07820052565876912,0.2195823025489029,0.06859439522561063,0.11575595489141892,-0.6892079997456206,0.5682131546934084,-0.32677376583366247,-0.8206456647587989,1.113133797430443,-0.5409969995996652
17.0,Sugars and sugar confectionery,836175.0,-834853.0,18.0,-20.0,15.0,25.0,4590.0,0.63,1.0,4.5,SD,Import,0.377244485478696,-0.5791694499531068,1.4923409963989738,-0.23414800368607402,-0.4678740490617682,0.33460200983112265,-1.2962965632638217,1.1049609134498029,-1.3656513463740252,-1.0407001629833594
85.0,"Electrical machinery and equipment and parts thereof; sound recorders and reproducers, television ...",458014.0,-456339.0,-3.0,-32.0,7.0,128.0,4590.0,0.28,1.0,4.5,SD,Import,-0.567864280010876,0.8196216526849479,-0.8903589559785926,1.0339949316883223,-0.5576081023113647,0.22030726869938558,-0.18839210307467974,-0.5029086783841211,0.842563063678498,0.27870760277131806
84.0,"Nuclear reactors, boilers, machinery and mechanical appliances; parts thereof",403376.0,-400751.0,-12.0,-46.0,6.0,141.0,4590.0,0.16,1.0,4.5,SD,Import,-0.7920894917970055,0.6046089392030259,-1.4841588127946028,1.1083595081200843,-0.4429781787864924,0.07815028516371002,0.10936235586609454,-0.504832843410894,1.223039479263482,0.43430670936021903
30.0,Pharmaceutical products,359879.0,-359689.0,4.0,-30.0,10.0,101.0,4590.0,0.16,1.0,4.5,SD,Import,-0.3680105983299335,-0.8704229032692142,-0.35827102828863067,0.38570030512984954,-0.10751392729690339,-0.20920311318353815,-0.3224368591778169,0.47396993151847167,0.4228075487434243,0.4912384652249189
87.0,"Vehicles other than railway or tramway rolling stock, and parts and accessories thereof",349280.0,-349026.0,-21.0,-38.0,8.0,132.0,4590.0,0.16,1.0,4.5,SD,Import,-0.8386247286301085,0.4572148906377032,-1.5699345932619988,1.0964702840286036,-0.587886205795601,0.21703557398585163,0.06952686059318813,-0.3351748835136088,1.4048628461791626,-0.10789153509305548
11.0,Products of the milling industry; malt; starches; inulin; wheat gluten,348024.0,-347687.0,146.0,215.0,12.0,23.0,4590.0,0.61,1.0,4.5,SD,Import,2.2594721728255207,-0.2862904645093296,5.699132874157097,-0.9905723221352343,0.13532662570630713,-0.14656501946791484,-2.2594675406509195,-0.737189242763683,-1.789094578917489,2.829566438062648
27.0,"Mineral fuels, mineral oils and products of their distillation; bituminous substances; mineral ...",280256.0,967912.0,46.0,-27.0,19.0,158.0,4590.0,0.34,1.0,4.5,SD,Import,-0.1953503335056708,-0.9352658339108086,1.2922761169337598,1.7228883443392011,-1.0720827994733453,0.15511448247598145,-2.090625342946833,0.7686493106419672,0.5901635547050853,1.940708727621562
39.0,Plastics and articles thereof,230872.0,-228586.0,-11.0,-58.0,6.0,125.0,4590.0,0.21,1.0,4.5,SD,Import,-0.8356919399984274,-0.1542133468130911,-1.220331589963826,0.7745160691071328,-0.020081817556520505,-0.27470096801912003,0.05827062134370989,0.3965625756342509,0.27151533080493534,0.524692893752377
99.0,Commodities not elsewhere specified,230309.0,-226772.0,33.0,-29.0,8.0,60.0,4590.0,0.22,1.0,4.5,SD,Import,0.5674631455792781,0.5030747389174554,0.7070931574817096,-0.3242776718774711,-0.5259554373421891,0.5268311448836184,-0.3360920565111703,-1.5788107800987616,0.7957014304056311,0.2017042626565538
10.0,Cereals,218813.0,-216071.0,-3.0,-65.0,13.0,104.0,4590.0,0.15,1.0,4.5,SD,Import,-0.5560326336256335,-1.526759424229291,-0.45916568529289425,0.5129838513888085,-0.19351125102560526,-0.24944198966378933,-0.5728458199412662,1.1231825057973766,0.35664047038123203,0.3613180112958839
9.0,"Coffee, tea, maté and spices",205137.0,-203075.0,10.0,3.0,8.0,55.0,4590.0,0.35,1.0,4.5,SD,Import,-0.07791894826598209,-0.7477541714971704,0.37434575092726824,-0.3153223751653223,0.28981408616128373,-0.28546566632503495,-0.24521829846869614,0.7970358765145424,-0.8721778897227173,-0.015204533828171789
15.0,"Animal, vegetable or microbial fats and oils and their cleavage products; prepared edible fats; ...",167729.0,-147151.0,9.0,5.0,17.0,99.0,4590.0,0.16,1.0,4.5,SD,Import,-0.28684548305217317,-1.7004802207453602,0.3021849282385005,0.5919121979617507,-0.45258327325750464,-0.08332058876181224,-1.0234622703864538,1.123071345553696,0.7058000965641724,0.32899616564535733
71.0,"Natural or cultured pearls, precious or semi-precious stones, precious metals, metals clad ...",139251.0,896086.0,13.0,-75.0,10.0,78.0,4590.0,0.88,1.0,4.5,SD,Import,-0.2038688008469979,1.6600943696455612,0.8531229135600795,0.8859621188280646,-0.9874869164952714,0.8392848545118851,-1.2507780538462039,0.16225871203586228,-1.4677441691493642,-0.769031647262384
21.0,Miscellaneous edible preparations,126421.0,-125903.0,14.0,3.0,9.0,101.0,4590.0,0.14,1.0,4.5,SD,Import,-0.2793734974742506,-0.9743424312525385,-0.048717352865295806,0.26159199448557824,0.11233055625943827,-0.38019317946513986,-0.28803015927237846,0.45380684812004685,0.2841205190787913,0.9257871673311695
73.0,Articles of iron or steel,119225.0,-118963.0,-7.0,-40.0,9.0,141.0,4590.0,0.34,1.0,4.5,SD,Import,-0.8248731439153214,0.6520459337319893,-0.901096996267264,1.389726572672394,-0.6815912065660203,0.21910504646322068,-0.4786542792403707,0.009682438530722712,0.6866173084619549,0.2868887188903913
34.0,"Soap, organic surface-active agents, washing preparations, lubricating preparations, artificial ...",115303.0,-115197.0,38.0,106.0,6.0,86.0,4590.0,0.23,1.0,4.5,SD,Import,0.19761994422981088,-0.21846823923910705,0.8946538524765432,-0.04350057783772274,0.331162478371306,-0.39493681124995056,-0.23424024125564957,-0.1996663858255836,-0.04764981867284842,1.295308119338592
7.0,Edible vegetables and certain roots and tubers,112032.0,36870.0,8.0,-28.0,7.0,77.0,4590.0,0.33,1.0,4.5,SD,Import,-0.3113859643049787,-0.6847622345102484,0.02886628229111941,-0.017944963371511947,0.2965301988735431,-0.3733894539402158,-0.20890978554066078,0.8269615134928486,-0.8248604348158639,0.3837567014769396
72.0,Iron and steel,109666.0,-109380.0,-15.0,-25.0,12.0,130.0,4590.0,0.33,1.0,4.5,SD,Import,-0.8332824077401835,0.32003106642526735,-0.880975882837233,1.3631706617991624,-0.8450774398599475,0.3494065522157661,-0.6020447924559285,0.2933114100024666,0.9050380119564485,-0.2724267529152306
61.0,"Articles of apparel and clothing accessories, knitted or crocheted",104361.0,-104326.0,-17.0,-41.0,6.0,101.0,4590.0,0.4,1.0,4.5,SD,Import,-0.7469525172980748,0.6619621254177377,-0.9979932116201468,0.6848388592483212,-0.2645982109427531,0.12544915980064814,0.005627935424526135,0.18499536914315515,-0.08299908382588685,-0.44054785476006364
63.0,Other made-up textile articles; sets; worn clothing and worn textile articles; rags,94813.0,-94681.0,3.0,-31.0,-1.0,82.0,4590.0,0.31,1.0,4.5,SD,Import,-0.31666095394537785,0.9540607184303739,-0.7322366473055992,-0.12923757241430628,0.38250231934158,-0.1817404706319615,0.6561900878690522,-0.7094445771613711,-0.43298517148663634,0.3306080528893025
19.0,"Preparations of cereals, flour, starch or milk; pastrycooks' products",91534.0,-90725.0,27.0,-7.0,9.0,111.0,4590.0,0.26,1.0,4.5,SD,Import,-0.21085406141278384,-0.6459582437118097,0.4112226712546096,0.49203385150792806,0.007729343589398414,-0.3448483385955154,-0.6540989393036133,0.4441328839454796,-0.1334835795125318,1.3391401995337282
62.0,"Articles of apparel and clothing accessories, not knitted or crocheted",89937.0,-89897.0,-29.0,-31.0,3.0,96.0,4590.0,0.28,1.0,4.5,SD,Import,-0.8781144990310816,0.5883351459249263,-1.6309010676553364,0.40907064602474963,0.06656002944182815,-0.057692219997333885,0.6299268554689568,0.04596387955404394,0.13142910096166122,-0.5729249403330183
40.0,Rubber and articles thereof,89605.0,-89291.0,-11.0,-46.0,6.0,118.0,4590.0,0.38,1.0,4.5,SD,Import,-0.8532679954306656,0.30536800683981524,-0.9387844580972151,0.865416300133411,-0.10824360424882386,-0.1394756302822093,-0.12662318974297418,0.5501171811059639,-0.2732948827137031,0.19539412076904156
94.0,"Furniture; bedding, mattresses, mattress supports, cushions and similar stuffed furnishings; ...",77925.0,-77667.0,-7.0,-28.0,4.0,123.0,4590.0,0.27,1.0,4.5,SD,Import,-0.6426307410764733,1.1802100366872519,-1.1456181253799815,0.8521413702997168,-0.3796979594104199,0.20887194721713018,0.19893058982023457,-0.8257312355924028,0.788345914790964,0.19602350314701952
90.0,"Optical, photographic, cinematographic, measuring, checking, precision, medical or surgical ...",76647.0,-75923.0,-3.0,-31.0,4.0,134.0,4590.0,0.18,1.0,4.5,SD,Import,-0.6525185658361323,0.9112120107598016,-1.2099130700198673,0.8986982503482656,-0.3161119453423209,0.08177659538085852,0.22157314721612562,-0.8734751248831973,1.0535106215336039,0.6292848762594386
64.0,"Footwear, gaiters and the like; parts of such articles",75529.0,-75528.0,-17.0,-40.0,6.0,100.0,4590.0,0.51,1.0,4.5,SD,Import,-0.7698309004259167,1.0122270504867474,-0.860057212468969,0.806258446617712,-0.3633834895156865,0.23038624773561542,-0.1343177402734656,0.24135761034721956,-0.38898958685599405,-0.6155780518277565
24.0,"Tobacco and manufactured tobacco substitutes; products, whether or not containing nicotine, ...",70515.0,-70433.0,24.0,24.0,3.0,90.0,4590.0,0.21,1.0,4.5,SD,Import,-0.11338664058978425,-0.2623574931343218,0.11689050881901397,-0.12100221757099346,0.5561704240704983,-0.5532733480745949,0.14864761669493995,-0.03772244873532576,-0.38620340051522817,1.2598502321394596
48.0,"Paper and paperboard; articles of paper pulp, of paper or of paperboard",70153.0,-69733.0,-10.0,-54.0,5.0,125.0,4590.0,0.21,1.0,4.5,SD,Import,-0.8250380625111473,0.09265195379896105,-1.2439858404674284,0.7482373762539513,-0.020615944261398362,-0.22337801299460644,0.15532270408208854,0.1395236939717464,0.3375485653948051,0.5392804991368658
4.0,"Dairy produce; birds' eggs; natural honey; edible products of animal origin, not elsewhere ...",69539.0,-69441.0,-2.0,-53.0,7.0,106.0,4590.0,0.3,1.0,4.5,SD,Import,-0.7018240055409608,-0.7056894693549287,-0.5688282586579738,0.46823571055720503,0.2338392508543758,-0.47431470042361507,-0.20327870508771603,1.0751008993752582,-0.6080504903155832,0.611136517255223
38.0,Miscellaneous chemical products,69275.0,-68879.0,-6.0,-52.0,8.0,125.0,4590.0,0.15,1.0,4.5,SD,Import,-0.748346554311229,-0.4985995317753391,-1.0029432450347513,0.7542531086045177,-0.11396444486090475,-0.23989162482999923,-0.10670172976619914,0.3875348367846328,0.5742312977310398,0.6455146072766019
33.0,"Essential oils and resinoids; perfumery, cosmetic or toilet preparations",65424.0,-65145.0,-7.0,-44.0,6.0,126.0,4590.0,0.16,1.0,4.5,SD,Import,-0.809355265682149,-0.38207094432446825,-1.122530839209592,0.7012207139676099,0.0875618637189699,-0.37716483583884164,0.0856831052403256,0.4164615676100593,0.34645140853805967,0.7644298874568184
69.0,Ceramic products,56638.0,-56636.0,-13.0,-32.0,5.0,117.0,4590.0,0.5,1.0,4.5,SD,Import,-0.8364184705599949,1.244978909230698,-0.923663648441401,1.037643717548747,-0.3652544647222745,0.17735133236466713,-0.13014957520605577,0.06953937971929129,-0.2615022446850344,-0.2108044802437488
55.0,Man-made staple fibres,51220.0,-51202.0,-9.0,-23.0,3.0,85.0,4590.0,0.53,1.0,4.5,SD,Import,-0.5925103165980041,1.1004551332175116,-0.6063846549883667,0.3987394070670057,0.0028803888117989685,0.045990383965470755,0.10693219307818475,0.1259422813541342,-0.8916896088240075,-0.408398143712809
31.0,Fertilisers,45784.0,-45784.0,-3.0,-86.0,19.0,120.0,4590.0,0.53,1.0,4.5,SD,Import,-0.7141195059562816,-0.5582654046929411,0.1638388400836934,1.5140465294710357,-1.1821319860240322,0.44898391476543015,-1.7324885993549255,1.4686693870720433,-0.041751771671677235,-0.34091105370269764
20.0,"Preparations of vegetables, fruit, nuts or other parts of plants",42518.0,-42167.0,1.0,-4.0,8.0,112.0,4590.0,0.14,1.0,4.5,SD,Import,-0.5925869102893451,-0.8643199815750221,-0.5945108009669237,0.47122041190354774,0.16032700141267187,-0.4413554889541661,-0.08845393909439232,0.6466643264538379,0.29994560933726006,0.7808761432533803
54.0,Man-made filaments; strip and the like of man-made textile materials,41417.0,-41138.0,-7.0,-33.0,5.0,98.0,4590.0,0.38,1.0,4.5,SD,Import,-0.6032809219351829,0.5575433847245241,-0.7205611789113476,0.5018916381316272,-0.0890609229748318,-0.0026263390639563785,0.027217189779195586,0.09249622325277962,-0.2415856137730615,-0.05882878827722735
96.0,Miscellaneous manufactured articles,41104.0,-41079.0,-4.0,-38.0,6.0,113.0,4590.0,0.33,1.0,4.5,SD,Import,-0.5178321344192668,1.156421571302095,-0.8107387787006067,0.8154259188321397,-0.5770217127853331,0.3884491486384837,-0.07719959546065581,-0.7781235245145014,0.6884906895084654,-0.06342046845650298
52.0,Cotton,38782.0,207994.0,-12.0,-45.0,2.0,78.0,4590.0,0.73,1.0,4.5,SD,Import,-0.6739974291047297,1.6180439561707258,-0.49115018057956283,0.47793278408928075,-0.039138529700913235,0.1612828676379013,-0.008043876567637557,0.3553172548298029,-1.6998698768245653,-0.757298544556143
70.0,Glass and glassware,31356.0,-31289.0,-19.0,-52.0,6.0,125.0,4590.0,0.41,1.0,4.5,SD,Import,-0.9556136997094619,0.9522192763549212,-1.2523790392291694,1.1286451844828134,-0.4376719101811432,0.17454692227040164,-0.08614216939234184,0.10350275773188625,0.14799467911531283,-0.20418572688104733
29.0,Organic chemicals,31355.0,-31335.0,-12.0,-62.0,8.0,121.0,4590.0,0.24,1.0,4.5,SD,Import,-0.8731762414937532,-0.4426210717811054,-1.0527822776986766,0.7986139048987757,-0.09087036972441297,-0.24443478618817702,-0.15460841790560373,0.7422987970829985,0.14051081747857014,0.37354824234825446
22.0,"Beverages, spirits and vinegar",29042.0,-23605.0,26.0,165.0,6.0,154.0,4590.0,0.19,1.0,4.5,SD,Import,-0.5651013245890413,-0.16735383347801586,0.09522081022711987,1.1415661817396479,0.3533269258544362,-0.7634872707217621,-0.2679711348376381,0.4624790510307583,0.40606082911173974,2.107732982266576
82.0,"Tools, implements, cutlery, spoons and forks, of base metal; parts thereof of base metal",28307.0,-28292.0,-1.0,-16.0,5.0,116.0,4590.0,0.51,1.0,4.5,SD,Import,-0.6092371397332003,1.5152495944414615,-0.5238303152319213,1.0063106756787668,-0.4717770645364842,0.2939208672065143,-0.25743257408937914,-0.3624687410222589,-0.12614189545594956,0.004069998012866882
25.0,"Salt; sulphur; earths and stone; plastering materials, lime and cement",27529.0,-27186.0,30.0,-55.0,14.0,152.0,4590.0,0.55,1.0,4.5,SD,Import,-0.5346068573250313,-0.016619352057176035,0.7484008494406892,1.704657829187092,-0.808705620711637,0.05621944288566363,-1.771539948444764,0.9500338650147436,-0.45419801005907356,1.4106415505141754
83.0,Miscellaneous articles of base metal,27179.0,-27018.0,-7.0,-30.0,6.0,122.0,4590.0,0.59,1.0,4.5,SD,Import,-0.7642283871972148,1.6834851771254702,-0.625633252440983,1.2709268649327223,-0.6472319128147448,0.4003094099741972,-0.42769103110627843,-0.1409668227506313,-0.25545757174085565,-0.23414796450226746
42.0,"Articles of leather; saddlery and harness; travel goods, handbags and similar containers; articles ...",27013.0,-27002.0,-10.0,-47.0,7.0,103.0,4590.0,0.92,1.0,4.5,SD,Import,-0.8893311552171318,1.6610426162499308,-0.09496630982741536,1.2931577414063764,-0.5299859059740214,0.3185675606299859,-0.895979213041486,1.0940723927469642,-1.9656704390607374,-0.7426282839219703
44.0,Wood and articles of wood; wood charcoal,26623.0,-24880.0,-14.0,-41.0,5.0,133.0,4590.0,0.18,1.0,4.5,SD,Import,-0.9593140608343169,-0.011263885490156368,-1.4325552902077625,0.86885714829987,0.03192217935250895,-0.3113754482290109,0.22053888646561315,0.28887731882166456,0.4497058461705064,0.6077262145840826
28.0,"Inorganic chemicals; organic or inorganic compounds of precious metals, of rare-earth metals, ...",25348.0,-24943.0,-6.0,-58.0,17.0,132.0,4590.0,0.17,1.0,4.5,SD,Import,-0.7674833542139472,-1.345847940028652,-0.5100584471780201,1.234191667018658,-0.7528210704445388,0.04374425181520892,-1.0451912741388176,1.1350295968213855,1.0251063201532047,0.3192508070225782
76.0,Aluminium and articles thereof,23925.0,-18890.0,-13.0,-56.0,12.0,143.0,4590.0,0.24,1.0,4.5,SD,Import,-0.8787984293501034,0.17621086446594694,-1.07558321619588,1.453361415764844,-0.8967257261556277,0.3300622279247472,-0.5837630205455331,0.08724711796083563,1.270355459012597,0.08682999263120243
49.0,"Printed books, newspapers, pictures and other products of the printing industry; manuscripts, ...",23812.0,-23774.0,-12.0,-64.0,2.0,104.0,4590.0,0.47,1.0,4.5,SD,Import,-0.8052028423461031,0.9619868300779364,-1.0265673380961833,0.585615612009579,0.07161801529011598,-0.10164381375547529,0.19918948754968485,0.19105527009963527,-0.8034445122455632,-0.002346559423443396
95.0,"Toys, games and sports requisites; parts and accessories thereof",23524.0,-23517.0,9.0,-25.0,9.0,109.0,4590.0,0.88,1.0,4.5,SD,Import,-0.44415975173836875,2.384115909008525,0.47439459342874335,1.460679381525152,-1.1463520122710609,0.8548575474397465,-1.2302296704762319,-0.18680948524040586,-0.9047051755473826,-0.5837571747733176
32.0,"Tanning or dyeing extracts; tannins and their derivatives; dyes, pigments and other colouring ...",20460.0,-19955.0,-13.0,-44.0,3.0,141.0,4590.0,0.22,1.0,4.5,SD,Import,-1.0784972441039342,0.08392207486902392,-1.5141575772458178,0.9365666360859473,0.24490563684595035,-0.5076178626448393,0.30524382258740235,0.47447304370921334,0.037280314117462604,0.9191450240188461
12.0,"Oil seeds and oleaginous fruits; miscellaneous grains, seeds and fruit; industrial or medicinal ...",14381.0,1183028.0,-5.0,-24.0,13.0,122.0,4590.0,0.19,1.0,4.5,SD,Import,-0.7852434398328964,-1.280230843754714,-0.5005985055478176,0.9280518603179212,-0.2523790774212651,-0.2091220355490946,-0.5625870830809533,1.257582672806766,0.4112651389408554,0.514981674284112
36.0,Explosives; pyrotechnic products; matches; pyrophoric alloys; certain combustible preparations,14223.0,-14222.0,17.0,75.0,10.0,69.0,4590.0,0.42,1.0,4.5,SD,Import,-0.026050623905905918,-0.10621109566922082,0.7772165997848209,0.1540350267109756,-0.11289954776742096,0.012187054088251275,-0.5842128934471755,0.43306344274131126,-0.39245581275066443,-0.038686602608346776
23.0,Residues and waste from the food industries; prepared animal fodder,13923.0,66366.0,-7.0,-67.0,11.0,144.0,4590.0,0.17,1.0,4.5,SD,Import,-0.952857262917949,-0.8897269643744066,-0.9771903331403372,1.1848360150109796,-0.29068506978975617,-0.27632882537471815,-0.5086086152522662,0.9458753280478133,0.583473002669701,0.8513445862025584
8.0,Edible fruit and nuts; peel of citrus fruit or melons,13394.0,-11757.0,1.0,-58.0,3.0,139.0,4590.0,0.39,1.0,4.5,SD,Import,-0.9812790567026874,0.09438313509320115,-0.8511196272402929,0.9641127431635553,0.3422870654971075,-0.6252640546494795,-0.10886619359568185,0.9171298206035098,-0.9478624915041175,1.2916055296831854
56.0,"Wadding, felt and nonwovens; special yarns; twine, cordage, ropes and cables and articles thereof",12107.0,-11935.0,5.0,-6.0,3.0,120.0,4590.0,0.2,1.0,4.5,SD,Import,-0.5502950755416283,0.3965952551695425,-0.7974611767422485,0.5357758366854779,0.13965496406597575,-0.27518529131322933,0.2570090254926261,-0.3505985721868953,0.32956163167871194,0.938132512958467
74.0,Copper and articles thereof,11196.0,14845.0,-4.0,-46.0,12.0,118.0,4590.0,0.24,1.0,4.5,SD,Import,-0.5489357226532522,0.0316133099349865,-0.5919991029357891,0.9799893047202227,-0.794304334311397,0.3619858895609351,-0.5779818840621109,-0.0800862096463189,1.0786495036115784,-0.02322598473566219
57.0,Carpets and other textile floor coverings,10958.0,-10954.0,0.0,-18.0,3.0,87.0,4590.0,0.32,1.0,4.5,SD,Import,-0.4007016914380134,0.5760387259734482,-0.5864782476231071,0.13917124585631727,0.1279694798429143,-0.08520599872639115,0.28023918701455347,-0.27653956887015657,-0.2161072231000189,0.13010908630513143
18.0,Cocoa and cocoa preparations,10673.0,-10658.0,20.0,-43.0,6.0,123.0,4590.0,0.3,1.0,4.5,SD,Import,-0.4721850741199332,-0.2835137948883893,-0.07141637571934717,0.6337595554460178,0.14237328492515014,-0.44290781392666134,-0.4172801096384414,0.44850806570338636,-0.443217647539145,1.463662831975987
35.0,Albuminoidal substances; modified starches; glues; enzymes,9827.0,-9764.0,-8.0,-44.0,10.0,116.0,4590.0,0.13,1.0,4.5,SD,Import,-0.7006384989421608,-0.808630257766313,-0.8871242038656745,0.6660053500027691,-0.1890665043088095,-0.1779896124097274,-0.20632388222784268,0.5494976341487183,0.7009674263791454,0.38293089375427763
68.0,"Articles of stone, plaster, cement, asbestos, mica or similar materials",9280.0,-9277.0,-17.0,-44.0,5.0,149.0,4590.0,0.26,1.0,4.5,SD,Import,-1.0857168782819673,0.7099363576597065,-1.586655103097001,1.3066309992401908,-0.29793375145860923,-0.05651114468104243,0.09605224550590832,-0.024898716909893915,0.6579809959618517,0.4786205781732615
93.0,Arms and ammunition; parts and accessories thereof,7203.0,-7203.0,2.0,-48.0,11.0,81.0,4590.0,0.32,1.0,4.5,SD,Import,-0.13640257966428374,0.4985528188865246,-0.12623582185996615,0.4138818398370762,-0.8475198410404913,0.6548719177963119,-0.49842301101748027,-0.6517290067378597,0.8104622491741224,-0.6132917129337621
58.0,Special woven fabrics; tufted textile fabrics; lace; tapestries; trimmings; embroidery,6587.0,-6577.0,0.0,-20.0,2.0,103.0,4590.0,0.37,1.0,4.5,SD,Import,-0.5515485942694177,0.8870000234261599,-0.7063076505964608,0.4318789261478408,0.11309169656672079,-0.1246260179036134,0.2431449364119621,-0.25039452415534214,-0.34241820319620664,0.3642513335056999
60.0,Knitted or crocheted fabrics,6052.0,-6052.0,-2.0,-17.0,4.0,117.0,4590.0,0.93,1.0,4.5,SD,Import,-0.8530278654443842,2.354863570509997,-0.08494536688051038,1.4385137568381317,-0.4779134329628654,0.3073979220998546,-0.73061045678112,0.5146599328220807,-1.8469835124102982,-0.29694669366255194
2.0,Meat and edible meat offal,5923.0,28250.0,14.0,37.0,6.0,181.0,4590.0,0.33,1.0,4.5,SD,Import,-1.0854453230637784,-0.13969294377482672,-0.4906506628291554,1.7059048162909731,0.20772771525095174,-0.8064177873405675,-0.5569999261452193,1.1689050000659669,-0.32041897233957034,2.2306041184089835
88.0,"Aircraft, spacecraft, and parts thereof",3744.0,-3502.0,-8.0,-30.0,-3.0,150.0,4590.0,0.26,1.0,4.5,SD,Import,-0.9647335037939883,1.7522469200411763,-1.7776711544989372,1.0050735310507337,0.14350142941025695,-0.21734218576942577,0.7863753048026024,-1.0091906124686483,0.38671227537642044,1.0321416851530913
59.0,"Impregnated, coated, covered or laminated textile fabrics; textile articles of a kind suitable ...",3734.0,-3733.0,-19.0,-34.0,4.0,135.0,4590.0,0.46,1.0,4.5,SD,Import,-1.1084405861314541,1.1220012787892915,-1.3327707026035276,1.263314634922637,-0.21975283340227783,-0.029021486016475626,0.00980151204820517,0.3224441534919521,-0.2365480626496084,0.07711463895101754
89.0,"Ships, boats and floating structures",1808.0,-1808.0,79.0,-83.0,3.0,169.0,4590.0,0.49,1.0,4.5,SD,Import,0.20104729691428808,1.9334647894795287,1.2999203511607174,1.3363168284342515,-0.6110878113141543,0.14091870861578268,-1.2607500755836971,-1.794831490778819,-0.2058703532095908,3.3058928153374287
46.0,"Manufactures of straw, of esparto or of other plaiting materials; basketware and wickerwork",1756.0,-1756.0,17.0,11.0,4.0,68.0,4590.0,0.34,1.0,4.5,SD,Import,-0.01996207933114801,0.2878709825966429,0.2254329538063611,-0.2203930208878698,0.23120237624593756,-0.12844786163534241,0.05391918660810782,-0.2668650850864784,-0.5072842421986605,0.3305275461955308
86.0,"Railway or tramway locomotives, rolling stock and parts thereof; railway or tramway track fixtures ...",1660.0,-1391.0,3.0,-96.0,8.0,152.0,4590.0,0.24,1.0,4.5,SD,Import,-0.714635201046948,0.691586432591241,-0.9559097604535344,1.3531808940813277,-0.7601217576294669,0.2663036829653011,-0.45434927234567146,-0.6068452917318626,1.0717653812351817,0.8618601298945142
16.0,"Preparations of meat, of fish, of crustaceans, molluscs or other aquatic invertebrates, or ...",1497.0,-1415.0,-5.0,-62.0,4.0,193.0,4590.0,0.18,1.0,4.5,SD,Import,-1.4031516917436557,-0.1690785376038969,-1.6470067426014314,1.721964953578018,0.17417168180276524,-0.7739083924946978,-0.07358386557462723,0.8351035004645796,0.2265208111379894,2.0933131511538674
67.0,Prepared feathers and down and articles made of feathers or of down; artificial flowers; articles ...,1428.0,-1397.0,0.0,-44.0,8.0,130.0,4590.0,0.4,1.0,4.5,SD,Import,-0.6955002751315522,0.7346090615979888,-0.5801657771625547,1.175977517452137,-0.5613650761415327,0.1908398058892293,-0.5057988180334233,-0.007185644136022769,0.2403530231189409,0.35750402216970284
91.0,Clocks and watches and parts thereof,1385.0,-1381.0,-20.0,-59.0,6.0,151.0,4590.0,0.35,1.0,4.5,SD,Import,-1.0968952571143233,1.280067448481997,-1.587548553357801,1.5485944786139052,-0.6773801084613805,0.28519238588496104,-0.09324205688019445,-0.30682806030576226,0.7949453734542855,0.08000471892460492
37.0,Photographic or cinematographic goods,1354.0,-1354.0,-15.0,-39.0,0.0,121.0,4590.0,0.27,1.0,4.5,SD,Import,-0.9800942756834181,0.47068124796654365,-1.5376792220129771,0.5594435822279124,0.4584693248843112,-0.5020084715700242,0.6428365755171975,0.2316192867725755,-0.35384110635753385,0.6112227482381403
13.0,"Lac; gums, resins and other vegetable saps and extracts",1252.0,152162.0,14.0,-8.0,9.0,120.0,4590.0,0.39,1.0,4.5,SD,Import,-0.5606246708207802,-0.36005236902247956,0.11412743276249905,0.8586942868409307,-0.0514644199179218,-0.3199878854608104,-0.7057522854913629,0.9398829656985314,-0.5375238072413301,0.9867372759792689
80.0,Tin and articles thereof,1018.0,-1018.0,3.0,-18.0,14.0,88.0,4590.0,0.9,1.0,4.5,SD,Import,-0.3805539530332692,1.6616304155076327,0.78788899463123,1.3319054669972934,-1.3337014900675834,0.9833447513776441,-1.5865755815330114,0.4597579606230998,-0.9270414965837163,-1.2691197608285723
45.0,Cork and articles of cork,873.0,-873.0,29.0,-49.0,5.0,84.0,4590.0,0.72,1.0,4.5,SD,Import,-0.08507193565520553,1.241809576600805,0.8913736169871087,0.4398700015563966,-0.2180017026584289,0.16074656599735415,-0.81761715022215,0.028688280203424482,-1.691457795097896,0.4504791272515713
79.0,Zinc and articles thereof,828.0,-358.0,-33.0,-2.0,6.0,119.0,4590.0,0.6,1.0,4.5,SD,Import,-1.158728644667651,1.6527367213177633,-1.3413179328623868,1.38308196876582,-0.5704407927683592,0.36621441165999646,-0.0964475341805714,0.37757083429100324,-0.22449762412459304,-1.0444584817528426
65.0,Headgear and parts thereof,743.0,-743.0,-26.0,-69.0,12.0,162.0,4590.0,0.22,1.0,4.5,SD,Import,-1.263026823449769,0.0015319861700703171,-1.6462413858709681,1.7901528374413482,-0.849096819410533,0.17986050424897174,-0.5005242544617898,0.5406865670405963,1.3053623185793617,0.11704078359182726
66.0,"Umbrellas, sun umbrellas, walking sticks, seat-sticks, whips, riding-crops and parts thereof",510.0,-510.0,23.0,6.0,7.0,152.0,4590.0,0.8,1.0,4.5,SD,Import,-0.6584814581101841,2.042865875862924,0.4755738957666783,1.8919391501770362,-0.7490809482556731,0.2785041357256566,-1.2608554987828744,0.15829862157085212,-1.0031446251638618,0.918886521189622
81.0,Other base metals; cermets; articles thereof,309.0,-304.0,31.0,9.0,11.0,128.0,4590.0,0.26,1.0,4.5,SD,Import,-0.0822986072937323,0.3935099545843925,0.46520218352221293,0.9921912932743081,-0.7576389219903877,0.29869427597975845,-0.9080395477619039,-0.7179518169210399,1.0483595768609295,1.109437303263876
6.0,"Live trees and other plants; bulbs, roots and the like; cut flowers and ornamental foliage",276.0,-235.0,6.0,-44.0,4.0,160.0,4590.0,0.39,1.0,4.5,SD,Import,-1.0705284161941648,0.08700656787304109,-0.7673304104239188,1.3389518520351735,0.24168524120255425,-0.6743280220009606,-0.33905677224336755,1.0160172091499553,-0.7898548785247684,1.7179928192277663
1.0,Live animals,257.0,866243.0,-39.0,-91.0,4.0,167.0,4590.0,0.55,1.0,4.5,SD,Import,-1.9030453709725634,0.4093628089657222,-2.069858774801892,1.8717911729982262,0.09116942233113637,-0.5123778738937433,-0.04603712162133685,1.9767122216524986,-1.2319805492550493,0.3775314980608323
3.0,"Fish and crustaceans, molluscs and other aquatic invertebrates",249.0,570.0,-18.0,-33.0,5.0,210.0,4590.0,0.14,1.0,4.5,SD,Import,-1.7566705788648065,-0.4865004855093111,-2.0976437297003683,2.0644525948106907,0.23580015766688905,-0.9513333187175921,-0.013539536609909591,1.401362684403896,0.41260174798214244,2.0542482311700128
47.0,Pulp of wood or of other fibrous cellulosic material; recovered (waste and scrap) paper or ...,158.0,320.0,18.0,-20.0,6.0,139.0,4590.0,0.44,1.0,4.5,SD,Import,-0.5846037462895413,0.7161769059085725,-0.0868724492897923,1.1663353196413921,-0.2428420315406059,-0.12529667694034222,-0.6060272749750207,0.10888863178258072,-0.3158864282250818,1.2354146000995194
14.0,Vegetable plaiting materials; vegetable products not elsewhere specified or included,151.0,16.0,0.0,-34.0,18.0,112.0,4590.0,0.4,1.0,4.5,SD,Import,-0.6290549709413191,-1.1233021587627092,0.21730805771451425,1.1586569848180102,-0.767190191562619,0.12346181981407288,-1.425024862316586,1.6008609253778177,0.05603955423839726,-0.053023093786133485
75.0,Nickel and articles thereof,127.0,-126.0,5.0,-84.0,16.0,137.0,4590.0,0.44,1.0,4.5,SD,Import,-0.5913330616688984,0.3156305038663569,-0.05130340612022814,1.6323443805291873,-1.350424757039593,0.6519339161283515,-1.4547508090693977,0.22281331411667502,0.7637055805923182,0.08358144584125711
92.0,Musical instruments; parts and accessories of such articles,119.0,-119.0,-18.0,-59.0,6.0,169.0,4590.0,0.44,1.0,4.5,SD,Import,-1.2363618129544809,1.6283028117311242,-1.5521734749523959,1.9540852247231375,-0.799850094932545,0.3054778785567265,-0.31081079423276803,-0.20348280567829732,0.6192945767575568,0.29871708657228296
5.0,"Products of animal origin, not elsewhere specified or included",90.0,97.0,-24.0,-56.0,2.0,164.0,4590.0,0.44,1.0,4.5,SD,Import,-1.6023248425567977,0.3807856520689091,-1.7973955436228364,1.5407518961340558,0.3460342936768849,-0.7151285393885329,0.1143549322087703,1.4483844686152,-0.9817257475053335,0.956093409056324
41.0,Raw hides and skins (other than furskins) and leather,68.0,13325.0,-1.0,1568.0,-1.0,139.0,4590.0,0.53,1.0,4.5,SD,Import,-0.9074530352118545,2.9608233665774533,1.701092416648318,2.1082729249006937,2.299891718179548,-1.9549802525702724,1.6821716096967372,1.8697150688353033,1.1120485805651577,0.10454432658088803
53.0,Other vegetable textile fibres; paper yarn and woven fabrics of paper yarn,45.0,-45.0,0.0,-70.0,8.0,167.0,4590.0,0.37,1.0,4.5,SD,Import,-1.0272117806845058,0.5504401625662533,-0.9120979415154754,1.7211526888033304,-0.5477790014068928,-0.03977069095888059,-0.6514014141990169,0.33744202879527346,0.2937702046094002,1.093662970690137
26.0,"Ores, slag and ash",42.0,1849.0,-18.0,-78.0,10.0,165.0,4590.0,0.37,1.0,4.5,SD,Import,-1.3562822903031326,-0.11653690647053548,-1.3138213214841572,1.7996352564164844,-0.450605929072544,-0.19895648728091525,-0.6487374037958482,1.2733414227375828,0.07326487491182422,0.6408188868745602
97.0,"Works of art, collectors' pieces and antiques",10.0,52.0,26.0,-99.0,3.0,186.0,4590.0,0.4,1.0,4.5,SD,Import,-0.6958393091608605,1.8979483685148555,-0.6103654989035407,1.8178984364947268,-0.6907448327861856,0.167718126867814,-0.5923606640634014,-1.1942786479306726,0.477915878791642,2.058980228294355
51.0,"Wool, fine or coarse animal hair; horsehair yarn and woven fabric",8.0,-8.0,-37.0,243.0,1.0,174.0,4590.0,0.41,1.0,4.5,SD,Import,-1.7193406516733696,1.5413239464841129,-1.9325906574629272,2.0058606212281562,0.3603042257883737,-0.6280433519473645,0.6783039182765803,0.9521986805148289,0.2644389047325852,0.2839315789759468
50.0,Silk,6.0,-6.0,-51.0,-67.0,3.0,162.0,4590.0,0.72,1.0,4.5,SD,Import,-1.9414706868573115,1.8506834857049606,-2.3092721878934293,2.1273507169011223,-0.3524967822726797,-0.008357078786425503,-0.01094631379679399,1.2883795464110699,-1.0342579590012084,-0.6263087031303165
78.0,Lead and articles thereof,1.0,9752.0,-51.0,1.0,8.0,196.0,4590.0,1.0,1.0,4.5,SD,Import,-2.166496122035079,2.926202107663054,-1.8663605174463007,3.352771113633203,-1.2035276039763254,0.5096339444619169,-0.9265538896089596,1.475289046286291,-0.8547793310941291,-0.9816070466083686
27.0,"Mineral fuels, mineral oils and products of their distillation; bituminous substances; mineral ...",3434779.0,-3343628.0,9.0,-17.0,19.0,78.0,2812.0,0.35,1.0,4.5,JOR,Import,0.30489759305621195,-1.5714658510493935,0.676629347713707,1.1643331433476485,-0.6947458208005705,-0.1089520928385992,-1.4144648492523062,0.6657176461357714,0.08748540107572074,-0.7920660093834
87.0,"Vehicles other than railway or tramway rolling stock, and parts and accessories thereof",2326435.0,-2193754.0,15.0,41.0,8.0,72.0,7082.0,0.19,1.0,4.5,JOR,Import,0.5802449993573927,0.8400023374822222,-0.11055556895440656,-0.7382424182399191,-0.606947515225277,0.5561073895002482,-0.14240756679711894,-0.19459401855656383,1.2749756719006917,0.2940677594669039
71.0,"Natural or cultured pearls, precious or semi-precious stones, precious metals, metals clad ...",1741004.0,-526162.0,100.0,-28.0,10.0,33.0,4565.0,0.28,1.0,4.5,JOR,Import,1.933037708824707,-0.14119011659051284,3.1525124972291647,-0.9992811797055657,-0.41796903821716463,0.3825382882820202,-1.2615169765207188,-1.9179073779724556,-0.08953899645571645,1.7767434758624265
84.0,"Nuclear reactors, boilers, machinery and mechanical appliances; parts thereof",1581306.0,-1316120.0,2.0,9.0,6.0,88.0,5947.0,0.15,1.0,4.5,JOR,Import,0.07833244045189793,0.6551098658358215,-0.725369508550838,-0.2239405977126895,-0.36571805336938734,0.2964877364248918,0.2001717039625004,-0.41741670963069843,1.1587947803497243,0.19876619780101484
85.0,"Electrical machinery and equipment and parts thereof; sound recorders and reproducers, television ...",1338758.0,-1007093.0,2.0,9.0,7.0,87.0,6314.0,0.36,1.0,4.5,JOR,Import,0.005350911280390386,1.227518453837937,-0.4191936764350672,-0.06141089197079346,-0.6249897075027717,0.5587308639712444,-0.17201224377838017,-0.05204805342065327,0.6195764495728394,-0.07298916941750468
99.0,Commodities not elsewhere specified,1236148.0,-1215755.0,14.0,-11.0,8.0,34.0,4590.0,0.22,1.0,4.5,JOR,Import,0.636883673776269,0.408816878806955,0.28594082141867416,-0.6281793216967496,-0.44224025243672666,0.5367533739284531,-0.001987013650974259,-1.3209006768726979,0.7582625406528375,-0.798450286046565
10.0,Cereals,978422.0,-976824.0,12.0,-31.0,13.0,41.0,6295.0,0.11,1.0,4.5,JOR,Import,0.37167346584992567,-1.556435788505804,0.3283020490998894,-1.1635643397645519,-0.11746686290039904,0.05314521138845232,-0.44768769297708866,1.1995592766880558,0.3405032489629626,0.11204301928529445
39.0,Plastics and articles thereof,833612.0,-534493.0,9.0,-11.0,6.0,78.0,3400.0,0.2,1.0,4.5,JOR,Import,-0.10418867007056198,-0.5917035241651954,-0.13971488953039646,0.25897972647406614,0.2805734725247258,-0.4049332418588008,0.1015965916215559,-0.35754212995875956,-0.11941456645977061,0.17266466623591378
30.0,Pharmaceutical products,776131.0,-2296.0,8.0,13.0,10.0,74.0,4308.0,0.07,1.0,4.5,JOR,Import,-0.01847581982617203,-1.2667514311691654,-0.058176254213259546,-0.06705922837577223,0.09589361641520669,-0.2603274995427746,-0.05323839999540629,0.20407658798390457,0.5597275924507151,0.2336510189219637
60.0,Knitted or crocheted fabrics,659150.0,-644745.0,3.0,-16.0,4.0,13.0,6743.0,0.29,1.0,4.5,JOR,Import,0.4434373792422357,0.5493137176448603,-0.09958127696540994,-1.7567596678121231,0.042330333536220066,0.4358782796363305,0.44879951729622997,0.05369974042527441,-0.15253533205832998,-0.642699005779533
72.0,Iron and steel,641403.0,-511531.0,14.0,-13.0,12.0,79.0,3357.0,0.19,1.0,4.5,JOR,Import,0.09961787203934715,-0.5316551037212891,0.2959903978944465,0.5600210879188864,-0.4816848407781649,0.160789928687549,-0.5159332811020952,-0.8081355303553307,0.813638873675417,-0.24766885636690109
29.0,Organic chemicals,502568.0,-475460.0,13.0,-2.0,8.0,61.0,4354.0,0.21,1.0,4.5,JOR,Import,0.06589854916356981,-0.7922524171144818,0.21676798678293693,-0.2760286430046193,0.19118304293022473,-0.23961957673883424,-0.10857396988614591,0.135229359135409,-0.13970028374293597,0.1373368100998265
2.0,Meat and edible meat offal,394831.0,-347514.0,4.0,-14.0,6.0,52.0,9181.0,0.24,1.0,4.5,JOR,Import,0.047150062542311647,-0.13160382404723595,-0.35302706196701344,-1.9468640934032684,0.13031301463720837,0.1756036371849057,0.07752626115639794,2.1226945272340987,-0.21161995742303596,0.8008085799445341
21.0,Miscellaneous edible preparations,379810.0,-192689.0,11.0,6.0,9.0,55.0,3475.0,0.08,1.0,4.5,JOR,Import,0.05581690096648866,-1.571698246972387,0.1919368105281082,-0.23110616462280312,0.38930217689504326,-0.46436521965065974,0.04637989644329728,-0.025035718425877682,0.09163409751474275,0.01540382039963405
48.0,"Paper and paperboard; articles of paper pulp, of paper or of paperboard",374227.0,-191243.0,10.0,-18.0,5.0,77.0,4292.0,0.12,1.0,4.5,JOR,Import,-0.07047828058116158,-0.4038673215284376,-0.31265351076327513,-0.16387764013667833,0.24419579462311564,-0.2535815359286269,0.2817688855503162,-0.46383057646883463,0.2885262004904395,0.4252953861594088
4.0,"Dairy produce; birds' eggs; natural honey; edible products of animal origin, not elsewhere ...",366879.0,-287006.0,8.0,4.0,7.0,55.0,4023.0,0.09,1.0,4.5,JOR,Import,-0.04604914873059582,-1.5748265249966185,-0.018077129738995088,-0.49121554494617536,0.6434545316641165,-0.6335446786655509,0.2334257408920962,0.42875312976495034,-0.25982172200006104,0.24728344202485042
90.0,"Optical, photographic, cinematographic, measuring, checking, precision, medical or surgical ...",359109.0,-300864.0,6.0,15.0,4.0,79.0,5969.0,0.11,1.0,4.5,JOR,Import,0.04370280251804304,0.7789299316025794,-0.6342390441407536,-0.5483154963534776,-0.18978827878520416,0.31785501324319543,0.45321381294141166,-0.8052811066602712,1.1708187098115692,0.31807677351483377
61.0,"Articles of apparel and clothing accessories, knitted or crocheted",346801.0,1530610.0,8.0,-1.0,6.0,59.0,5179.0,0.26,1.0,4.5,JOR,Import,0.049872646607898016,0.2057019345930323,-0.0220935771230976,-0.4448144865311857,-0.08475210215309047,0.2697121800853313,0.20463227254612132,-0.2609818669726575,0.1370481769556363,-0.0868685604886751
8.0,Edible fruit and nuts; peel of citrus fruit or melons,332666.0,-91309.0,2.0,-2.0,3.0,60.0,5059.0,0.09,1.0,4.5,JOR,Import,-0.17162007057173065,-0.9510632378610755,-0.5444575745721829,-0.8385876335081631,0.791331546710494,-0.60450476177753,0.6600107824815991,0.5283103149872017,-0.3105439922849398,0.5071026925960693
17.0,Sugars and sugar confectionery,312057.0,-277373.0,18.0,5.0,15.0,58.0,2500.0,0.24,1.0,4.5,JOR,Import,0.0848978910291603,-1.8832153605029633,0.986160663433695,0.49443992430293865,-0.057931372653421354,-0.30431160524510203,-0.8385580193481075,0.1812241676054523,-0.1834571401471079,-0.38191867818576153
33.0,"Essential oils and resinoids; perfumery, cosmetic or toilet preparations",300125.0,-254506.0,10.0,11.0,6.0,71.0,3674.0,0.07,1.0,4.5,JOR,Import,-0.07542642383900992,-1.0132277151080216,-0.16080098101835438,-0.11993489154470065,0.45849010895142417,-0.4994172410246604,0.2983031054560709,-0.32551519442646115,0.2197190928944095,0.3439212157843819
19.0,"Preparations of cereals, flour, starch or milk; pastrycooks' products",297767.0,-200023.0,11.0,1.0,9.0,58.0,2856.0,0.09,1.0,4.5,JOR,Import,-0.012133393379963818,-1.6922115496258294,0.21792858296832932,0.00643956245835613,0.44791204604194873,-0.5713209771701598,0.021481751049432625,-0.1520304942138275,-0.0379269113574833,-0.029715077715881062
9.0,"Coffee, tea, maté and spices",291180.0,-215973.0,12.0,13.0,8.0,46.0,6675.0,0.1,1.0,4.5,JOR,Import,0.19661604897715979,-1.052998499093601,0.08516214004796185,-1.3949178354870677,0.29733308595268776,-0.13406228051135205,0.0789299461696048,1.0851630701257098,0.13413356961411657,0.5393367612270197
1.0,Live animals,290937.0,-126168.0,19.0,-29.0,4.0,25.0,4368.0,0.32,1.0,4.5,JOR,Import,0.24841386540859087,-0.8578711282398066,0.5809722967849046,-1.041260753178335,0.7560702404990484,-0.47717365604311435,0.175516774231772,0.3756236803414397,-1.457816452110829,0.08947080245869596
28.0,"Inorganic chemicals; organic or inorganic compounds of precious metals, of rare-earth metals, ...",290017.0,1214676.0,31.0,-14.0,17.0,67.0,2259.0,0.2,1.0,4.5,JOR,Import,0.24278880265610714,-2.0112229409932145,1.3914000479017674,0.7228646089731126,-0.33518067906037313,-0.09894872929178408,-1.0889052561066355,-0.2347626983883808,0.17662566821890127,-0.012779352623079233
23.0,Residues and waste from the food industries; prepared animal fodder,262976.0,-202061.0,12.0,-12.0,11.0,66.0,10463.0,0.56,1.0,4.5,JOR,Import,0.09344198790820636,1.0212947893778384,0.3587175329460162,-1.5050493138337766,-0.8293589804197056,0.9549491933864552,-0.9917527158310594,2.6145591340595584,-0.34012448686457014,0.6240077785841179
15.0,"Animal, vegetable or microbial fats and oils and their cleavage products; prepared edible fats; ...",262901.0,-252760.0,18.0,-26.0,17.0,80.0,3446.0,0.16,1.0,4.5,JOR,Import,-0.026175489558953175,-2.0441660562839816,0.7355831062885269,0.5442248645835532,-0.3298798758924441,-0.1809929713812539,-1.063448795030717,0.5588056238725785,0.37826359016201877,0.1329320440974292
74.0,Copper and articles thereof,227641.0,-128385.0,18.0,2.0,12.0,59.0,2615.0,0.53,1.0,4.5,JOR,Import,0.12626213830016433,0.20344581757950322,1.0655839041767377,0.8311929633438995,-0.5793416522266882,0.3509530294729636,-0.9034673990369881,-0.8117819457934864,-0.4318917874506011,-0.9913228811030039
76.0,Aluminium and articles thereof,226660.0,-31087.0,9.0,-16.0,12.0,74.0,3850.0,0.16,1.0,4.5,JOR,Import,0.039096087624611225,-0.47613213113604375,0.12497321647311682,0.31772050645339145,-0.5301169037828569,0.29805365332458555,-0.39449290994035424,-0.7294525876229299,1.0133716744803432,-0.3755573912683257
73.0,Articles of iron or steel,222665.0,-79330.0,-7.0,-18.0,9.0,113.0,4204.0,0.15,1.0,4.5,JOR,Import,-0.5387221330192026,-0.054894457444659275,-0.8630524169186573,0.8208510794642199,-0.4104958943706452,0.09365976671005573,-0.07448227320766881,-0.3738501653557075,1.110678601552121,0.013363152723590314
44.0,Wood and articles of wood; wood charcoal,216517.0,-206435.0,11.0,-5.0,5.0,70.0,5365.0,0.13,1.0,4.5,JOR,Import,0.003984187529955277,-0.25590085562538134,-0.2537237748069655,-0.6066077513110453,0.2135752763420555,-0.12755872139216778,0.2684372614661088,-0.08528736270970329,0.3067644698451825,0.5317286770743326
25.0,"Salt; sulphur; earths and stone; plastering materials, lime and cement",210506.0,792670.0,34.0,38.0,14.0,58.0,1695.0,0.48,1.0,4.5,JOR,Import,0.20955794926128604,-1.1462419668950323,1.8341221367178817,0.9508823116135973,-0.11406688814255175,-0.20815212422603738,-1.1432308108060008,-0.22415393112008952,-1.0189083550028117,-0.3447808496971895
38.0,Miscellaneous chemical products,204203.0,-67355.0,7.0,-13.0,8.0,96.0,4574.0,0.07,1.0,4.5,JOR,Import,-0.2708332798744049,-0.8206887744130864,-0.4207555218571071,0.12880832337215245,0.06994770097197563,-0.26433224238658926,0.009001736410045095,0.04521719773737423,0.6658844487397797,0.6535425795193277
54.0,Man-made filaments; strip and the like of man-made textile materials,201701.0,-189056.0,13.0,-14.0,5.0,48.0,5725.0,0.29,1.0,4.5,JOR,Import,0.20037387986903835,0.31919639704806085,0.11039732728648191,-0.8921604641937697,0.027455550459353006,0.1948734580176828,0.11273789904253106,-0.11982258820526177,-0.1449825025504643,0.0358874473067363
12.0,"Oil seeds and oleaginous fruits; miscellaneous grains, seeds and fruit; industrial or medicinal ...",199122.0,-169261.0,7.0,10.0,13.0,56.0,5630.0,0.11,1.0,4.5,JOR,Import,0.039529034707303665,-1.5498702226709296,0.21487041275987706,-0.6665802829058333,-0.052816925037928494,-0.05578208406677113,-0.38423930518899035,1.1127593414918147,0.4404757267671458,0.07209280245251551
20.0,"Preparations of vegetables, fruit, nuts or other parts of plants",194205.0,-74709.0,10.0,7.0,8.0,62.0,2760.0,0.14,1.0,4.5,JOR,Import,-0.10118282312940856,-1.4501792987163185,0.18120739512187614,0.13245456261335173,0.4878621578854071,-0.5937128690545599,0.0576636063531327,-0.16980793447894696,-0.2296389462580911,-0.027817476755074937
94.0,"Furniture; bedding, mattresses, mattress supports, cushions and similar stuffed furnishings; ...",180166.0,-94086.0,1.0,-4.0,4.0,88.0,4917.0,0.21,1.0,4.5,JOR,Import,-0.19288580417424075,0.9385458600563467,-0.6960206252547746,0.0614873381367832,-0.24253612828390408,0.2797621865991486,0.3489271692365566,-1.0028381948807907,0.8250764907351584,0.0020086163676112183
22.0,"Beverages, spirits and vinegar",179779.0,-157934.0,6.0,15.0,6.0,78.0,2333.0,0.27,1.0,4.5,JOR,Import,-0.3610570614234981,-0.8922913251935566,0.016915167976416155,0.6371954573756299,0.5410386530830924,-0.6873358753799432,0.06959403700459998,-0.18523507918188814,-0.6868017370462262,-0.038650852209020335
69.0,Ceramic products,174107.0,-169798.0,5.0,-9.0,5.0,61.0,3174.0,0.15,1.0,4.5,JOR,Import,-0.03131099833116098,-0.23085521694706626,-0.25118276943930745,0.009140545233421532,0.19541708794969537,-0.15029231393956777,0.400941948887453,-1.1594049688568235,0.31414472034477986,-0.35566444957267235
34.0,"Soap, organic surface-active agents, washing preparations, lubricating preparations, artificial ...",164508.0,142784.0,7.0,-1.0,6.0,71.0,4639.0,0.14,1.0,4.5,JOR,Import,-0.1309381145102511,-0.6311373311173761,-0.23864601776055128,-0.3129872590705783,0.29255203541549607,-0.26755383753318296,0.22991856862087473,0.045942379285320134,0.12590951797786504,0.32896205879917145
88.0,"Aircraft, spacecraft, and parts thereof",163812.0,-64046.0,8.0,-8.0,-3.0,64.0,9272.0,0.7,1.0,4.5,JOR,Import,0.021490025413153528,3.4931392294915558,-0.3877990536281483,-1.4081414362377709,-0.3345062891166823,0.9405209559723,0.3026144427166757,0.3526771918230131,-0.9258032837800724,0.3629236695049208
40.0,Rubber and articles thereof,141447.0,-135376.0,10.0,1.0,6.0,99.0,6564.0,0.23,1.0,4.5,JOR,Import,-0.24585592098697423,0.23989882315574484,-0.3777401741732548,-0.31425631169388996,-0.08268502187146783,0.036799662307656716,-0.08671870456754448,0.6246008872965275,0.3260571091287589,0.9946549520479642
62.0,"Articles of apparel and clothing accessories, not knitted or crocheted",128074.0,-67061.0,16.0,10.0,3.0,88.0,5585.0,0.42,1.0,4.5,JOR,Import,-0.12418493148406826,1.1658989623308484,-0.007867747400566507,-0.07760797614379977,-0.05332707293355745,0.13109099439437333,-0.0331918789296108,-0.19358561148053885,-0.3476963747396312,0.5961037669631992
18.0,Cocoa and cocoa preparations,106374.0,-57511.0,6.0,-10.0,6.0,67.0,3141.0,0.07,1.0,4.5,JOR,Import,-0.20329099012911264,-1.42799187260802,-0.22370863249004597,-0.058498387584713554,0.638588571108337,-0.6818306537666015,0.34499055710369225,-0.14809129317091607,-0.11266703794955163,0.21522970301177055
32.0,"Tanning or dyeing extracts; tannins and their derivatives; dyes, pigments and other colouring ...",105275.0,-4848.0,9.0,-14.0,3.0,85.0,3976.0,0.1,1.0,4.5,JOR,Import,-0.26364866054559033,-0.6010089567138205,-0.47766780506081985,-0.07416138601780004,0.5798188926392992,-0.5707260889067038,0.4794837482704406,-0.3223548471383779,-0.018930020027198544,0.734903768257849
70.0,Glass and glassware,105153.0,-100325.0,11.0,0.0,6.0,77.0,3875.0,0.2,1.0,4.5,JOR,Import,-0.05486898000752391,0.06137066784765156,-0.09367068822306077,0.1450521215457131,-0.025821951131347966,-0.014622691601081978,0.09833282786722528,-0.9000552287639445,0.40851852250412424,0.05343080903619893
96.0,Miscellaneous manufactured articles,100649.0,-39460.0,6.0,-6.0,6.0,84.0,4648.0,0.2,1.0,4.5,JOR,Import,-0.07797097699189898,0.7062906294448548,-0.3951368935772922,0.11680898684692367,-0.37263799870332265,0.3505822992581542,0.12981031864380943,-1.1163464290650265,0.9491573627634154,-0.06569630503551717
24.0,"Tobacco and manufactured tobacco substitutes; products, whether or not containing nicotine, ...",97844.0,-31524.0,15.0,32.0,3.0,74.0,3803.0,0.1,1.0,4.5,JOR,Import,-0.1136914797053053,-0.7858733502736317,-0.11178765432383934,-0.2321292936009504,0.7615825782766767,-0.6969036562871538,0.49328054465456994,-0.2890575684893772,-0.18211102102216337,0.752047884622162
7.0,Edible vegetables and certain roots and tubers,94981.0,170894.0,9.0,-6.0,7.0,81.0,4683.0,0.12,1.0,4.5,JOR,Import,-0.2589298611171633,-1.2024378163340848,-0.18639439712644906,-0.21821964487159898,0.4459229847239223,-0.522007890365284,0.07068727160580847,0.6428751223643443,-0.10293776217344427,0.7391304225978019
83.0,Miscellaneous articles of base metal,89328.0,-86014.0,5.0,-10.0,6.0,85.0,3778.0,0.19,1.0,4.5,JOR,Import,-0.1728136345321881,0.2761928098317984,-0.37887152684281156,0.3546812091464995,-0.1671553204547231,0.08760025562289864,0.15073000410550583,-1.0995702398965437,0.6788539508552057,-0.1009108230584305
64.0,"Footwear, gaiters and the like; parts of such articles",84160.0,-82010.0,10.0,4.0,6.0,96.0,6316.0,0.48,1.0,4.5,JOR,Import,-0.24515326761964906,1.2926368266732833,-0.06754344983812002,0.06406706177823034,-0.44245263084619557,0.4108152002565324,-0.38592238931949474,0.3243325612210954,-0.14312696818635384,0.4082375984443483
16.0,"Preparations of meat, of fish, of crustaceans, molluscs or other aquatic invertebrates, or ...",83242.0,-8948.0,5.0,-7.0,4.0,67.0,5459.0,0.12,1.0,4.5,JOR,Import,-0.17736758869742517,-0.701742680172955,-0.4457477084964207,-0.7731437852268206,0.5596220550519548,-0.4166642457462394,0.44616389956369507,0.5323503596474367,-0.14300220476239253,0.6191449139251213
47.0,Pulp of wood or of other fibrous cellulosic material; recovered (waste and scrap) paper or ...,82601.0,-63928.0,15.0,-7.0,6.0,51.0,9191.0,0.49,1.0,4.5,JOR,Import,0.2392760420959676,1.3591830978847539,0.2559548304449016,-1.6275382912398784,-0.4492957060358021,0.7919792272794035,-0.34468067465925556,1.2970026518945235,-0.3582201286828941,0.4481588810385172
68.0,"Articles of stone, plaster, cement, asbestos, mica or similar materials",81329.0,-65361.0,9.0,19.0,5.0,77.0,1978.0,0.18,1.0,4.5,JOR,Import,-0.16787096867708384,-0.30181318377808414,-0.08020577338270689,0.6686883788898329,0.2891352599646424,-0.38042992560408945,0.29676315445515367,-1.441400728125145,0.1664105401134793,-0.2228934735179673
3.0,"Fish and crustaceans, molluscs and other aquatic invertebrates",76204.0,-75029.0,7.0,-4.0,5.0,88.0,4566.0,0.09,1.0,4.5,JOR,Import,-0.36964766728044973,-1.173430479775742,-0.4385599166584324,-0.18325167207159607,0.6555700474652959,-0.716184779536651,0.28545725589636384,0.5992730979061036,-0.17211343531261317,0.9440658798427156
31.0,Fertilisers,71904.0,1378329.0,21.0,9.0,19.0,108.0,2951.0,0.16,1.0,4.5,JOR,Import,-0.20287661716019198,-1.8829768505175453,0.8471891344124853,1.3175231903826274,-0.6399603454012615,-0.025060549553541128,-1.2671223642934408,0.27636600590916405,0.8756740375137987,0.34452648157071386
63.0,Other made-up textile articles; sets; worn clothing and worn textile articles; rags,61731.0,-50196.0,10.0,-2.0,-1.0,97.0,5039.0,0.11,1.0,4.5,JOR,Import,-0.25021132804197715,0.5936202341885162,-0.8435597699671897,-0.2679777486971894,0.4697185464525007,-0.317024410186328,0.8005516132320306,-0.8315603094042178,0.35131044228985375,1.0730813851480858
55.0,Man-made staple fibres,48754.0,-46692.0,-12.0,-11.0,3.0,88.0,5530.0,0.18,1.0,4.5,JOR,Import,-0.5126743815454567,0.3552555114165874,-1.1793553377717263,-0.22669731180526292,0.15870040189564516,-0.06361233704180742,0.5941991681674703,0.08432019017338492,0.37563191801235857,0.12494433324200778
95.0,"Toys, games and sports requisites; parts and accessories thereof",48649.0,-47722.0,18.0,10.0,9.0,96.0,6831.0,0.54,1.0,4.5,JOR,Import,-0.001578158505029423,1.8692618419167906,0.3571210506171438,0.13340086446981636,-1.0478296601958321,0.950741094603993,-0.8342288853294657,-0.05006497539220237,0.3907409222612784,0.2382976141358095
56.0,"Wadding, felt and nonwovens; special yarns; twine, cordage, ropes and cables and articles thereof",45362.0,-41567.0,7.0,-14.0,3.0,78.0,4073.0,0.14,1.0,4.5,JOR,Import,-0.17916456212341067,-0.07396036795604281,-0.48002442175911164,-0.11145886871102147,0.3394613991228461,-0.2743468366333981,0.48745410773193226,-0.7376984528636038,0.1998204778675747,0.34222657619629165
49.0,"Printed books, newspapers, pictures and other products of the printing industry; manuscripts, ...",42033.0,-29034.0,-6.0,18.0,2.0,80.0,5587.0,0.12,1.0,4.5,JOR,Import,-0.36268816140498183,0.16794493902145147,-1.0093796574967882,-0.5203972745820263,0.38682817583871426,-0.20671065399776548,0.7566540016063029,0.013710534000316972,0.38285307441007227,0.3484524598917717
58.0,Special woven fabrics; tufted textile fabrics; lace; tapestries; trimmings; embroidery,40025.0,-38582.0,-8.0,-16.0,2.0,47.0,6619.0,0.4,1.0,4.5,JOR,Import,-0.1566913067380952,1.1102445727220658,-0.628125958869861,-1.0481273628823937,0.06418391792939136,0.3360515579757706,0.4954514948910189,0.3310206326696894,-0.4589516076585743,-0.45528548739938823
42.0,"Articles of leather; saddlery and harness; travel goods, handbags and similar containers; articles ...",36500.0,-34699.0,5.0,17.0,7.0,90.0,6343.0,0.55,1.0,4.5,JOR,Import,-0.3636652781567402,0.9954448178647152,0.017690413215697236,0.06199257511994375,-0.32785666082659215,0.2927205396194648,-0.4943926624605754,0.99080770724498,-0.6197702206208903,0.2000259656350393
82.0,"Tools, implements, cutlery, spoons and forks, of base metal; parts thereof of base metal",33269.0,-28692.0,12.0,4.0,5.0,102.0,5973.0,0.26,1.0,4.5,JOR,Import,-0.16245677705705858,1.0576504289755724,-0.37195094559309066,-0.004795241934651049,-0.3688216923669135,0.33997642506793024,-0.023941672875827862,-0.45914929794414006,0.7352494692551946,0.6897401036231569
11.0,Products of the milling industry; malt; starches; inulin; wheat gluten,33253.0,4544.0,14.0,-2.0,12.0,110.0,2856.0,0.11,1.0,4.5,JOR,Import,-0.4253311478762334,-1.7911579642029747,0.14214434303373297,0.9936808733994721,0.13057514661563133,-0.6358040706970756,-0.5523934478372684,0.30910852110053333,0.2631877426647231,0.7460882030182301
35.0,Albuminoidal substances; modified starches; glues; enzymes,32393.0,-26700.0,11.0,7.0,10.0,84.0,4033.0,0.08,1.0,4.5,JOR,Import,-0.15127817589686757,-1.1571011224428525,-0.003897517484971545,0.1575279023387692,0.05282178536472112,-0.2706189870094521,-0.17460648271764134,-0.012201665986384433,0.6071401635089043,0.39274957332772065
91.0,Clocks and watches and parts thereof,30024.0,-26189.0,20.0,4.0,6.0,76.0,4093.0,0.58,1.0,4.5,JOR,Import,0.0306763243615967,1.5169830840731127,0.6132713913771074,0.516791152676398,-0.4953292968795636,0.47110342553616563,-0.49860396702608456,-0.9928341238941475,-0.48018052139220574,-0.29823745836811505
57.0,Carpets and other textile floor coverings,23479.0,29983.0,11.0,4.0,3.0,66.0,3649.0,0.19,1.0,4.5,JOR,Import,-0.05400660334665088,-0.04334676421623584,-0.150080090390042,-0.1363175517153159,0.39294119069565675,-0.27788883860882285,0.4508740224073542,-0.9090219097401472,-0.05436450216319752,0.1284478222574417
52.0,Cotton,19796.0,-17650.0,8.0,-47.0,2.0,101.0,3661.0,0.19,1.0,4.5,JOR,Import,-0.4065634305774413,0.06906935069475079,-0.6379821208553934,0.38660968788111616,0.35206792350263905,-0.41111314264082643,0.3845210942719627,-0.7550544530613874,-0.062252228043681995,0.7063150210468763
51.0,"Wool, fine or coarse animal hair; horsehair yarn and woven fabric",19099.0,-18239.0,33.0,4.0,1.0,53.0,3339.0,0.44,1.0,4.5,JOR,Import,0.25738647427164174,0.5762057590972328,0.8385036654441745,-0.1827834917477988,0.4990283581740422,-0.2869183337024802,0.10090641235422336,-1.0976736950449442,-1.2716583396786265,0.37631216995694444
6.0,"Live trees and other plants; bulbs, roots and the like; cut flowers and ornamental foliage",11363.0,-9992.0,8.0,-12.0,4.0,83.0,3040.0,0.21,1.0,4.5,JOR,Import,-0.42027494252574776,-1.0411355210845183,-0.20181284840817434,0.2876426184192319,0.7731771857969686,-0.847891498178156,0.25236685850061513,0.12603077680920294,-0.8111762541147944,0.5415620393614266
59.0,"Impregnated, coated, covered or laminated textile fabrics; textile articles of a kind suitable ...",10433.0,-9310.0,9.0,3.0,4.0,105.0,5973.0,0.38,1.0,4.5,JOR,Import,-0.35780101395154484,1.0693478353379393,-0.36729748274243484,0.11139345781478753,-0.1663752715862539,0.14337010698152905,-0.08048018383611515,0.14599112046551171,-0.03544605409503796,0.7388969580481017
89.0,"Ships, boats and floating structures",7316.0,-7061.0,36.0,163.0,3.0,140.0,9507.0,0.77,1.0,4.5,JOR,Import,-0.1243355683884368,3.768979995853375,0.619785136991218,0.09616992933333736,-0.8752027893057001,0.9021378608507986,-0.860320850018673,0.7857566085165135,-0.12237716696379466,1.8874057838047211
53.0,Other vegetable textile fibres; paper yarn and woven fabrics of paper yarn,7097.0,-6557.0,10.0,-31.0,8.0,55.0,5025.0,0.62,1.0,4.5,JOR,Import,-0.04203764816426824,0.8300276922169695,0.5599753375274946,-0.04793752533062919,-0.39066377976802447,0.43566866339456756,-0.6153523191462454,0.27392990830261277,-1.0519259623762822,-0.6059215881091229
13.0,"Lac; gums, resins and other vegetable saps and extracts",5834.0,-5532.0,13.0,28.0,9.0,80.0,3935.0,0.14,1.0,4.5,JOR,Import,-0.19402002750181063,-1.3226960600423212,0.1769278823797953,0.10109331948078586,0.34378971627245847,-0.5169668191081633,-0.1579657325124602,0.4001788544711393,0.0006837774282564883,0.519490266789836
37.0,Photographic or cinematographic goods,5375.0,-5358.0,1.0,-14.0,0.0,85.0,6032.0,0.19,1.0,4.5,JOR,Import,-0.36491992492069114,0.39049539990867654,-0.9226932178680776,-0.6542347471813853,0.5089875977002947,-0.28563917645602954,0.7068381098970629,0.22874298083462397,-0.14915410230738418,0.8416669311941197
67.0,Prepared feathers and down and articles made of feathers or of down; artificial flowers; articles ...,2684.0,-2618.0,27.0,1.0,8.0,106.0,6859.0,0.76,1.0,4.5,JOR,Import,-0.11993179370835327,2.09437680748595,0.7943339056859586,0.39677952765152175,-0.8997681705136132,0.7567015604000727,-1.20645944131807,0.6020774192806144,-0.7864543090169898,0.6765117139620377
79.0,Zinc and articles thereof,2584.0,-1693.0,-9.0,-24.0,6.0,95.0,5951.0,0.25,1.0,4.5,JOR,Import,-0.43356322861781177,0.8299192934284891,-0.964043009844944,0.0008615218413234161,-0.422186294317905,0.40355237547144635,0.14215343087700522,-0.0819648335845945,0.7920249696041433,-0.04497107909059786
36.0,Explosives; pyrotechnic products; matches; pyrophoric alloys; certain combustible preparations,2310.0,-2295.0,15.0,0.0,10.0,139.0,3720.0,0.33,1.0,4.5,JOR,Import,-0.624140716760631,-0.266665549881052,0.021396271348496188,1.4622794892542381,-0.2633434764676353,-0.2815629825400931,-0.7833125336704482,0.252062052916474,0.07703280050609787,1.0004599073881546
65.0,Headgear and parts thereof,2157.0,-2135.0,14.0,-16.0,12.0,132.0,6528.0,0.49,1.0,4.5,JOR,Import,-0.42197471336850023,1.0291233970974834,0.10110924406695639,0.8342269008038661,-1.0679583906326373,0.6382475935573556,-1.1964524524124713,0.7405051880044208,0.44794631385327605,0.7811416688530215
86.0,"Railway or tramway locomotives, rolling stock and parts thereof; railway or tramway track fixtures ...",1754.0,-1593.0,16.0,-38.0,8.0,149.0,6909.0,0.16,1.0,4.5,JOR,Import,-0.3753581982004415,0.970972344895453,-0.6771687723465336,0.4759731151222882,-0.8458798415432471,0.49342702541223626,-0.47439295134070847,-0.16940844171692715,1.6293676253984808,1.6361457367420973
26.0,"Ores, slag and ash",1372.0,-83.0,25.0,-62.0,10.0,115.0,1627.0,0.84,1.0,4.5,JOR,Import,-0.559006150551463,0.3620760278012974,1.161302934796982,2.1736374883847263,-0.3275200153725047,-0.23472200902568757,-1.515116286009912,0.11234975845205011,-2.206287962412901,0.07522179387932983
75.0,Nickel and articles thereof,1327.0,-1173.0,20.0,142.0,16.0,88.0,5117.0,0.3,1.0,4.5,JOR,Import,0.10789484395869715,0.02295993563078704,0.951364539644076,0.5357434657896577,-0.8800767739809486,0.5354950394395062,-1.037941060188682,0.0680091572109364,1.2550787356816533,-0.10147380492275472
14.0,Vegetable plaiting materials; vegetable products not elsewhere specified or included,1049.0,-1018.0,62.0,-30.0,18.0,77.0,4008.0,0.3,1.0,4.5,JOR,Import,0.6153706387983338,-1.6745094324720189,2.316418567000512,0.27928815682361025,-0.5418317387072465,0.02067252831486615,-1.867390673612401,0.24678481651907597,-0.13295739672211576,1.2657864309496634
66.0,"Umbrellas, sun umbrellas, walking sticks, seat-sticks, whips, riding-crops and parts thereof",841.0,-839.0,23.0,-24.0,7.0,127.0,7468.0,0.47,1.0,4.5,JOR,Import,-0.24525239290201747,1.5623221677299668,0.0327617504787385,0.1877952685166919,-0.7651589202528271,0.5753697959087588,-0.79501360424738,0.528026521588644,0.2172869462353019,1.4156331084899143
5.0,"Products of animal origin, not elsewhere specified or included",731.0,-501.0,-4.0,-12.0,2.0,121.0,9397.0,0.32,1.0,4.5,JOR,Import,-0.7311587804922887,0.8395519950689166,-1.2358364809237021,-0.8603835149640942,0.14631237054405502,-0.039084007065183134,0.17233535210228335,2.320804730284916,-0.2562790708016322,1.7725096068032589
92.0,Musical instruments; parts and accessories of such articles,626.0,-615.0,9.0,-11.0,6.0,124.0,6420.0,0.24,1.0,4.5,JOR,Import,-0.3257462708339096,1.276019891316211,-0.6601224435737524,0.2813934374755834,-0.6502653778823232,0.4939066661109677,-0.1641872624496071,-0.4012990387861813,1.1902583921857155,0.9122280732089372
97.0,"Works of art, collectors' pieces and antiques",586.0,-299.0,16.0,-2.0,3.0,105.0,6032.0,0.14,1.0,4.5,JOR,Import,-0.059033633117363975,1.1848653386181642,-0.5620522185694427,-0.18799030155539445,-0.29591338082129126,0.33175190591894743,0.27409874183103905,-1.055590948527676,1.1999534108785743,1.0062836707780256
46.0,"Manufactures of straw, of esparto or of other plaiting materials; basketware and wickerwork",429.0,449.0,27.0,-20.0,4.0,107.0,5385.0,0.36,1.0,4.5,JOR,Import,-0.15636979571091478,0.6521437622982017,0.16877080565341418,0.15399327963811257,-0.009828286623532289,-0.07859622557829224,-0.29488064628450505,-0.0786540243335773,-0.33420526980648824,1.3495252585077417
78.0,Lead and articles thereof,383.0,14983.0,68.0,-46.0,8.0,100.0,10067.0,0.81,1.0,4.5,JOR,Import,0.6933038118099903,2.984989532525382,1.869066910783037,-0.8393597476533688,-1.3888266637861293,1.3999564006230374,-1.8272533517312017,0.6608305850984383,-0.6332834922001161,2.1847528629959556
41.0,Raw hides and skins (other than furskins) and leather,310.0,1675.0,-28.0,8.0,-1.0,118.0,2960.0,0.26,1.0,4.5,JOR,Import,-1.2074875493841548,0.308669838711929,-1.810489079464698,1.056558498180692,0.7290240871867479,-0.7767243336988744,0.9953691254032483,-0.15264820796471854,-0.43760635783877955,-0.0706608841492469
80.0,Tin and articles thereof,309.0,544.0,26.0,-1.0,14.0,110.0,2143.0,0.84,1.0,4.5,JOR,Import,-0.27294366831167566,1.1341131407887342,1.4482838485824372,2.2542947368447943,-1.101900561537936,0.49963527644996086,-1.80969432916663,-0.5950913380794497,-0.9874927419330878,-0.5749290247619561
81.0,Other base metals; cermets; articles thereof,273.0,-263.0,-10.0,29.0,11.0,131.0,4668.0,0.18,1.0,4.5,JOR,Import,-0.7066157651870772,0.2254616508148129,-0.8919004890525057,1.1626703335255764,-0.6913371379187725,0.2574095053499143,-0.3100224837743496,-0.11267162972061899,1.5145442298314515,0.044142750012367664
45.0,Cork and articles of cork,94.0,-87.0,12.0,-62.0,5.0,124.0,4189.0,0.29,1.0,4.5,JOR,Import,-0.5405060900650281,0.16431912839043267,-0.44036145168790436,0.8125966987336035,-0.01620443246439388,-0.259484244007295,-0.20971734402366612,-0.18455869261554536,-0.11353270854088603,1.0414512687822826
43.0,Furskins and artificial fur; manufactures thereof,44.0,831.0,9.0,-54.0,-17.0,121.0,5431.0,0.36,1.0,4.5,JOR,Import,-0.7463780546178272,2.389595404856433,-1.7449991360510373,-0.40237723957061405,1.5477110795606965,-0.9807321569646842,1.8589829955934905,-0.890555070260753,-1.7549604415071585,2.2378574782450062
84.0,"Nuclear reactors, boilers, machinery and mechanical appliances; parts thereof",6088918.0,-5602682.0,5.0,12.0,6.0,55.0,7726.0,0.16,1.0,4.5,QAT,Import,1.1347736827289792,0.9219124990551955,-0.7303990171601786,-1.2178770672577677,-0.5118643662416161,0.41253222475335083,0.2006641336811162,0.07442017717685467,1.1982558050158132,-0.06788625389388135
85.0,"Electrical machinery and equipment and parts thereof; sound recorders and reproducers, television ...",2795488.0,-2532811.0,3.0,-2.0,7.0,70.0,6148.0,0.21,1.0,4.5,QAT,Import,0.422147988991837,0.7103231944017256,-0.5330086178837631,-0.4618463208621731,-0.49199780743083565,0.40870273250073674,0.05249246625777969,-0.3117821914585363,0.9718033817307034,-0.18076798950144224
87.0,"Vehicles other than railway or tramway rolling stock, and parts and accessories thereof",1895545.0,-1353631.0,9.0,-15.0,8.0,75.0,7068.0,0.11,1.0,4.5,QAT,Import,0.4146422768902052,0.5680262544716954,-0.4731572431582243,-0.7835391015888798,-0.6294080530430395,0.5993207312788704,0.0015176233291113916,-0.24901485003601964,1.4785656320379907,0.30823135635672005
73.0,Articles of iron or steel,1850752.0,-1617385.0,5.0,45.0,9.0,44.0,6075.0,0.12,1.0,4.5,QAT,Import,0.5261282214200262,-0.017676132228947185,-0.12026319620587213,-0.9393573094630172,-0.31675918744936926,0.3747773234417843,0.11384032794405798,-0.1589958101683058,1.1096073667243682,-0.44092751329080226
88.0,"Aircraft, spacecraft, and parts thereof",1321852.0,-834190.0,-20.0,861.0,-3.0,28.0,9593.0,0.4,1.0,4.5,QAT,Import,0.20398370922311274,3.407366065938223,0.031993762636545686,-1.7269671273590153,1.0213830879926236,0.01774863503767766,2.009069433382651,1.3648528349959759,1.190813058970843,-1.112372031066024
93.0,Arms and ammunition; parts and accessories thereof,1151818.0,-1041039.0,135.0,-39.0,11.0,3.0,7163.0,0.22,1.0,4.5,QAT,Import,2.833320967116896,0.3781837476795619,4.23325001516399,-2.5050512920340773,-0.8162061390869736,1.015889317764945,-1.6669691872477184,-2.2938824252665704,0.5176541870621634,2.610921999442836
71.0,"Natural or cultured pearls, precious or semi-precious stones, precious metals, metals clad ...",1074300.0,-887764.0,12.0,-11.0,10.0,42.0,4844.0,0.14,1.0,4.5,QAT,Import,0.4796548502902118,-0.39509443176252335,0.2211088838532816,-0.6368880611718877,-0.3246851133695817,0.3258658280830576,-0.10791925115827583,-0.591475601729578,0.8085635084620432,-0.47421471812757743
30.0,Pharmaceutical products,936620.0,-929044.0,11.0,-4.0,10.0,70.0,6404.0,0.1,1.0,4.5,QAT,Import,0.16337068352381823,-0.7922297420802854,-0.08809399439694059,-0.7675210975586073,-0.12698137680708785,0.03559607616971179,-0.2133540782163049,0.7726817539560044,0.6808179390121509,0.5524016621184881
99.0,Commodities not elsewhere specified,895309.0,-813114.0,-9.0,-53.0,8.0,38.0,4590.0,0.22,1.0,4.5,QAT,Import,0.19610835766311974,0.383897475820827,-0.5046297360306723,-0.46712787532231886,-0.5013773764450566,0.6042707321936431,0.22302759027815133,-0.9999509960516811,0.8072980832613919,-1.3829464331252774
27.0,"Mineral fuels, mineral oils and products of their distillation; bituminous substances; mineral ...",745818.0,83849724.0,19.0,29.0,19.0,135.0,2072.0,0.18,1.0,4.5,QAT,Import,-1.7163545883377047,-3.349132261449349,2.632401422102506,3.700733236308187,-1.7132489576420509,4.503297234446544,3.5571853026454034,0.7501203727388496,-0.11245755882133579,1.7325075915663894
90.0,"Optical, photographic, cinematographic, measuring, checking, precision, medical or surgical ...",706726.0,-639722.0,9.0,11.0,4.0,65.0,7372.0,0.1,1.0,4.5,QAT,Import,0.30967105258287825,0.9616692718103547,-0.5647541596697025,-1.23124971036328,-0.2872231363004565,0.5353581978973263,0.4552092185630209,-0.49241536328056545,1.2861038216391167,0.41967122252138406
94.0,"Furniture; bedding, mattresses, mattress supports, cushions and similar stuffed furnishings; ...",594375.0,-552593.0,0.0,-45.0,4.0,54.0,5274.0,0.17,1.0,4.5,QAT,Import,0.15129852204422256,0.705540132542557,-0.6393003009679681,-0.6853057580098283,-0.2091183539529511,0.4103221748139535,0.49968947176615675,-1.0656952730108389,0.7564693213153314,-0.4359670525720448
39.0,Plastics and articles thereof,591538.0,2171455.0,2.0,-26.0,6.0,89.0,4970.0,0.11,1.0,4.5,QAT,Import,-0.28859338978040844,-0.5353358497533147,-0.5977556306309293,-0.061808815642993335,0.11226965360305634,-0.08997767645773345,0.36757069423510724,0.1392791273033152,0.39920456341017035,0.5479023913838931
2.0,Meat and edible meat offal,533439.0,-526042.0,4.0,-22.0,6.0,46.0,8290.0,0.16,1.0,4.5,QAT,Import,0.10954469935221958,-0.5595061106792911,-0.37019105515592665,-1.879968430074326,0.2756225779675542,0.007753455648880258,0.21289577985824412,1.7501355058084345,-0.11428420075851642,0.6647159963351312
38.0,Miscellaneous chemical products,464394.0,-215214.0,-2.0,28.0,8.0,69.0,6792.0,0.17,1.0,4.5,QAT,Import,-0.1040754824600273,-0.1968734325603507,-0.46368774980403454,-0.7936511514844855,-0.08569469634581683,0.1522418333979214,0.09504147918640664,0.9091740417354311,0.5713460214876284,0.17208108715229362
26.0,"Ores, slag and ash",450267.0,-448191.0,2.0,66.0,10.0,42.0,5998.0,0.34,1.0,4.5,QAT,Import,0.07149316139799378,-0.3570878822166915,0.30304268065923284,-0.7610107914981404,-0.038030695475169796,0.13084004445804906,-0.23498651216649807,1.1141880212041646,-0.21629502519985896,-0.5029269604149954
28.0,"Inorganic chemicals; organic or inorganic compounds of precious metals, of rare-earth metals, ...",431299.0,680468.0,6.0,-23.0,17.0,57.0,9559.0,0.5,1.0,4.5,QAT,Import,0.13826370665444057,0.20049288773150037,0.5571578729108075,-1.1539223354164996,-1.215139773520827,1.1777466808473769,-1.3160846365988441,2.5815972089361034,0.18177712537307664,-0.11547577845642766
33.0,"Essential oils and resinoids; perfumery, cosmetic or toilet preparations",421778.0,-407255.0,3.0,-4.0,6.0,63.0,4929.0,0.09,1.0,4.5,QAT,Import,-0.060879013612643036,-0.7611870339202307,-0.40630334080451924,-0.5782825288676016,0.32800334051290075,-0.2723487015487588,0.34720096611686874,0.1351820546194119,0.27716964459455107,0.19368205502820665
62.0,"Articles of apparel and clothing accessories, not knitted or crocheted",402582.0,-383457.0,1.0,-16.0,3.0,51.0,4438.0,0.12,1.0,4.5,QAT,Import,0.03747959947103791,-0.07424085022944606,-0.5449938134682837,-0.6510404048311701,0.33152756808063005,-0.11637351681595716,0.6871117836504049,-0.7608981494473731,0.2720701459418598,-0.22597267620916286
74.0,Copper and articles thereof,402259.0,-262641.0,12.0,-23.0,12.0,50.0,1048.0,0.73,1.0,4.5,QAT,Import,0.006727742620039405,0.3760747367099974,1.2343304227525258,1.409153615740893,-0.5746736345630251,0.2990312019982573,-1.0600366955672798,-1.0057990488726591,-1.3205760814731342,-1.7950667233458495
91.0,Clocks and watches and parts thereof,389521.0,-350491.0,16.0,-4.0,6.0,25.0,4654.0,0.87,1.0,4.5,QAT,Import,0.35589117267823656,2.1756714839265054,1.144848299241791,-0.14811802115765638,-0.6162880975960976,0.8689045264531616,-0.6513563898750196,-0.606061583116225,-1.602908260992926,-1.4788401190365714
8.0,Edible fruit and nuts; peel of citrus fruit or melons,351300.0,-347602.0,5.0,-7.0,3.0,58.0,5775.0,0.05,1.0,4.5,QAT,Import,-0.06344590596205932,-0.9292958640460721,-0.5451296889766033,-1.159424678921839,0.7523944809341104,-0.533330345628707,0.6546249494731721,0.6345395847364133,-0.12138770007377146,0.7274289151870432
61.0,"Articles of apparel and clothing accessories, knitted or crocheted",340415.0,-321767.0,11.0,-11.0,6.0,61.0,4565.0,0.15,1.0,4.5,QAT,Import,0.12130590176557568,-0.18423836406921923,-0.09720103877421743,-0.4168731337911568,0.05552860253512264,0.0040877437180466365,0.19975874916666864,-0.623256225634127,0.41355423237230876,0.04967130906435235
4.0,"Dairy produce; birds' eggs; natural honey; edible products of animal origin, not elsewhere ...",337826.0,-336066.0,5.0,-7.0,7.0,60.0,4890.0,0.07,1.0,4.5,QAT,Import,-0.09709460652524994,-1.4444902720892243,-0.2451541246300998,-0.6831185665054055,0.5477130123726672,-0.5241565924736337,0.24535798397435246,0.7103726339573361,-0.06291838208143165,0.4049641348937599
64.0,"Footwear, gaiters and the like; parts of such articles",303609.0,-289658.0,8.0,1.0,6.0,63.0,5084.0,0.25,1.0,4.5,QAT,Import,0.05032806689330501,0.26575832663370846,-0.10021516811736662,-0.38883271551622794,-0.08032748560670591,0.16137340491489344,0.0975969670241511,-0.35875728125315515,0.2481530396156511,-0.078390707380289
72.0,Iron and steel,303429.0,199916.0,-4.0,-32.0,12.0,104.0,4773.0,0.23,1.0,4.5,QAT,Import,-0.3957471874557217,-0.05312683087659396,-0.49090032247119764,0.6947906373295236,-0.7389426486364594,0.39704512341324216,-0.4746398373413558,-0.016032289354957048,1.0413381913041109,-0.1910808389950895
25.0,"Salt; sulphur; earths and stone; plastering materials, lime and cement",303368.0,39607.0,2.0,-6.0,14.0,47.0,1213.0,0.4,1.0,4.5,QAT,Import,-0.16405619242114414,-1.5399169715546326,0.7661169264480671,0.9495052211442724,-0.028104297069617066,-0.2807828963155796,-0.6857566247729964,-0.034417061021891765,-0.8176826833252584,-1.4262227164517807
10.0,Cereals,276770.0,-276597.0,-4.0,3.0,13.0,88.0,5097.0,0.37,1.0,4.5,QAT,Import,-0.48460126071298787,-0.8351393273878288,-0.030284292148011836,0.40195264123729546,-0.26099901209900633,-0.058948577106010515,-0.7354297567320689,1.5504700299462706,-0.26361115376124183,-0.14627907228196702
19.0,"Preparations of cereals, flour, starch or milk; pastrycooks' products",271263.0,-270225.0,9.0,2.0,9.0,62.0,4042.0,0.06,1.0,4.5,QAT,Import,-0.02338210500833662,-1.5192201712151623,0.01650767800423731,-0.3082993406463094,0.34671619590563846,-0.4331002046954884,0.04374102950996769,0.20543904791169273,0.2381461938324475,0.19825785643747526
7.0,Edible vegetables and certain roots and tubers,252047.0,-250928.0,3.0,-3.0,7.0,55.0,3582.0,0.09,1.0,4.5,QAT,Import,-0.14639056420671978,-1.6142102188376872,-0.1563394609789029,-0.3329528338707137,0.6514645561147258,-0.6559464258232649,0.2928273913546028,0.30563782003323137,-0.26033530261893983,0.010952645446573223
42.0,"Articles of leather; saddlery and harness; travel goods, handbags and similar containers; articles ...",251740.0,-225987.0,12.0,-6.0,7.0,44.0,4992.0,0.25,1.0,4.5,QAT,Import,0.19067721558141648,-0.32700585011420535,0.2500118512310211,-0.7225978144462003,0.10468511111002925,0.028848483632190176,0.013634776632958954,-0.005925487767719759,-0.1586155766045744,-0.1429439853142603
40.0,Rubber and articles thereof,242951.0,-232539.0,-2.0,-14.0,6.0,79.0,6244.0,0.1,1.0,4.5,QAT,Import,-0.22535165830585444,-0.28513491587551687,-0.7672437868375611,-0.6555959331312555,0.0740879708974879,-0.024831605621266958,0.3017829542087994,0.4999572496178333,0.6103517728956162,0.44560156438275605
1.0,Live animals,241477.0,-202546.0,10.0,-16.0,4.0,29.0,2294.0,0.12,1.0,4.5,QAT,Import,0.06174383866398287,-1.7795821491963317,0.18655545943408555,-0.534994431003012,1.098574557608617,-0.9307187550320741,0.5758014903074401,-0.2864434726381417,-1.0110001639335258,-0.20664850493027037
89.0,"Ships, boats and floating structures",219591.0,362895.0,-20.0,96.0,3.0,48.0,6114.0,0.37,1.0,4.5,QAT,Import,-0.22626978788245813,1.5059158191672906,-0.8073653451666847,-0.649463584494784,-0.10702232707266397,0.5140308299797522,0.7438359057947208,-0.11984048705042623,0.31657712074132544,-1.1994893796926236
21.0,Miscellaneous edible preparations,198840.0,-196607.0,5.0,-20.0,9.0,80.0,5474.0,0.06,1.0,4.5,QAT,Import,-0.18122767096574516,-1.1382838500282835,-0.3662410028528155,-0.4209730301389294,0.11300218496282069,-0.22454773367547518,-0.026404753510818092,0.6774025167156414,0.5332742657508995,0.5856444800309591
34.0,"Soap, organic surface-active agents, washing preparations, lubricating preparations, artificial ...",186730.0,-144326.0,0.0,-13.0,6.0,70.0,5226.0,0.08,1.0,4.5,QAT,Import,-0.1821511049219237,-0.6904869636752649,-0.584244385569345,-0.5519294873775309,0.268784454600818,-0.21915839045758465,0.3595875988047765,0.2445187944535344,0.39692958447578364,0.27675854960846386
48.0,"Paper and paperboard; articles of paper pulp, of paper or of paperboard",186420.0,-160475.0,5.0,-20.0,5.0,94.0,4407.0,0.13,1.0,4.5,QAT,Import,-0.30834897833280894,-0.274905668602404,-0.5845882803993121,0.12208632876345979,0.18029147277098678,-0.2686666899709856,0.24747570313576162,-0.2953473871632221,0.3833342721337858,0.5504922260339932
44.0,Wood and articles of wood; wood charcoal,172151.0,-167642.0,3.0,-41.0,5.0,77.0,5745.0,0.1,1.0,4.5,QAT,Import,-0.15951282690621793,-0.2646048046897837,-0.6706032027888279,-0.6177490620917814,0.13337629316583025,-0.06797731045089428,0.33408920759913524,0.10159045094532237,0.46868144523098476,0.5226432019705294
68.0,"Articles of stone, plaster, cement, asbestos, mica or similar materials",166891.0,-165162.0,-7.0,-40.0,5.0,56.0,3679.0,0.09,1.0,4.5,QAT,Import,-0.14335044117367782,-0.3658830985830774,-0.7392012872857959,-0.25599841865992934,0.17351736515931396,-0.07470293914414407,0.6049601948691895,-0.9173023860611422,0.5268508532256719,-0.6074985587270489
76.0,Aluminium and articles thereof,148265.0,1642678.0,3.0,-29.0,12.0,84.0,4364.0,0.15,1.0,4.5,QAT,Import,-0.14857197464832506,-0.3955839810929524,-0.1585084202024675,0.37537916451501224,-0.6374602543006753,0.45298088140479914,-0.2769341972340139,-0.47126119719932813,1.1517175104038393,-0.27146434036158473
69.0,Ceramic products,143595.0,-138203.0,-1.0,-31.0,5.0,71.0,4341.0,0.14,1.0,4.5,QAT,Import,-0.16259226192975207,-0.002389009385047544,-0.6313817593626309,-0.16485443846003728,0.03510670285997136,0.013400370729273326,0.40343712195417974,-0.7274481379748855,0.540551032297861,-0.1663430970277503
29.0,Organic chemicals,139817.0,714039.0,4.0,-33.0,8.0,87.0,4516.0,0.11,1.0,4.5,QAT,Import,-0.31129955763573297,-0.95852891729213,-0.3954270595226216,0.0359311371909773,0.12490719909323074,-0.24617493689534037,0.0474717462108001,0.25869849485306134,0.32050113175698713,0.46187851625981297
15.0,"Animal, vegetable or microbial fats and oils and their cleavage products; prepared edible fats; ...",136177.0,-124258.0,19.0,-24.0,17.0,104.0,5474.0,0.1,1.0,4.5,QAT,Import,-0.12662978784445283,-1.695131127388316,0.39978666751789016,0.2652142478804818,-0.5470948010596702,0.015510136862114337,-1.1251252848546023,1.1443745704621942,0.9545099510780065,0.9341420777935914
20.0,"Preparations of vegetables, fruit, nuts or other parts of plants",129157.0,-126452.0,5.0,-15.0,8.0,72.0,3951.0,0.07,1.0,4.5,QAT,Import,-0.1999120981271109,-1.379252330811145,-0.2422599664480976,-0.12903585312128252,0.3682236589773664,-0.47135585257651497,0.12187090078662931,0.1860440915583548,0.186175500017744,0.268178810569414
96.0,Miscellaneous manufactured articles,126694.0,-124289.0,0.0,-4.0,6.0,76.0,4770.0,0.17,1.0,4.5,QAT,Import,-0.08699791425947874,0.6142607106161623,-0.5647581012318502,-0.05822431178139528,-0.3376082315880524,0.3668771791942618,0.26979914733457,-1.0425886482950804,1.0413032023820097,-0.31299961430543183
18.0,Cocoa and cocoa preparations,114376.0,-113877.0,5.0,-1.0,6.0,65.0,4305.0,0.06,1.0,4.5,QAT,Import,-0.15372862802059706,-1.2257426197088184,-0.31200264245381726,-0.4435387919736806,0.5519356730750286,-0.5255066340793774,0.36356361268685483,0.19990055612232727,0.07102388523440989,0.34697054533880417
95.0,"Toys, games and sports requisites; parts and accessories thereof",109672.0,-103355.0,8.0,-38.0,9.0,72.0,6197.0,0.39,1.0,4.5,QAT,Import,0.06861523496517184,1.1767674935855186,0.0019364336828481537,-0.23891247057887594,-0.8772502228784833,0.8740217711712043,-0.45132220455491745,-0.36718714244404593,0.6218997642302868,-0.3194366472835283
9.0,"Coffee, tea, maté and spices",109520.0,-107900.0,7.0,-3.0,8.0,73.0,4176.0,0.09,1.0,4.5,QAT,Import,-0.21274751948417123,-1.4616043898738806,-0.14092228040237864,-0.18477659060707713,0.44920933223592585,-0.5497259521343808,0.06781952125625555,0.4845513807593202,-0.0008538049807505948,0.4355342715178505
3.0,"Fish and crustaceans, molluscs and other aquatic invertebrates",108558.0,-107949.0,8.0,-14.0,5.0,73.0,4256.0,0.11,1.0,4.5,QAT,Import,-0.24816859411330874,-1.2596435622501425,-0.27198331025677486,-0.33299440721544926,0.7013156018241977,-0.7014534356014236,0.3038416763125975,0.4586010572604035,-0.3757729039623368,0.6719682131197576
32.0,"Tanning or dyeing extracts; tannins and their derivatives; dyes, pigments and other colouring ...",97646.0,-94473.0,-8.0,-28.0,3.0,87.0,3989.0,0.08,1.0,4.5,QAT,Import,-0.5343573076972628,-0.6547536174676402,-1.068151557311127,0.014492754566146512,0.5712338989739885,-0.5675345085506496,0.6802077820673835,-0.08385446777959248,0.10445745871602315,0.29686192562578256
70.0,Glass and glassware,97436.0,-93028.0,2.0,-38.0,6.0,81.0,4688.0,0.2,1.0,4.5,QAT,Import,-0.19814455351269897,0.20425681107986926,-0.5160934061313683,-0.006237208350022887,-0.16232468412902884,0.13620679345847414,0.13816928686128704,-0.5484384046895701,0.514768122551064,0.0006878372697645793
83.0,Miscellaneous articles of base metal,93963.0,-91811.0,0.0,-28.0,6.0,82.0,6040.0,0.12,1.0,4.5,QAT,Import,-0.11897347121329722,0.49964881344453704,-0.7686358921629547,-0.4435188934405618,-0.34936925497782756,0.3985440844237454,0.25907176102087504,-0.4646649746925161,1.1613210931030777,0.16243620288011862
23.0,Residues and waste from the food industries; prepared animal fodder,93704.0,-92910.0,6.0,-28.0,11.0,100.0,5612.0,0.06,1.0,4.5,QAT,Import,-0.312177572908811,-1.1565211264019788,-0.38794401278375984,-0.04912529852403852,-0.13880533299006306,-0.13987336472442105,-0.32122140787520415,0.824758730373728,0.818059715848241,0.8282808106850016
22.0,"Beverages, spirits and vinegar",81056.0,-79741.0,5.0,-35.0,6.0,112.0,4465.0,0.06,1.0,4.5,QAT,Import,-0.5171084174035044,-0.9346707687899759,-0.7297283540002725,0.2955008762623256,0.32188026070763165,-0.5508401700994909,0.13851989594479522,0.27523776379143944,0.36718167907085764,1.0881715293501943
17.0,Sugars and sugar confectionery,79383.0,-79285.0,14.0,-6.0,15.0,111.0,3776.0,0.21,1.0,4.5,QAT,Import,-0.3779954922732981,-1.4768723289024293,0.3485658833233248,0.9871391526450101,-0.3209480355024132,-0.25387283261540605,-0.9999984376450252,0.7324856741072767,0.36681855153294785,0.5728945853590383
16.0,"Preparations of meat, of fish, of crustaceans, molluscs or other aquatic invertebrates, or ...",71051.0,-69481.0,5.0,-27.0,4.0,71.0,4756.0,0.1,1.0,4.5,QAT,Import,-0.2305972121809352,-0.8941728493977317,-0.4892392498148766,-0.5324042103288295,0.6048282893929413,-0.5263350490718063,0.4457677182428573,0.29595059250283007,-0.17311149683282342,0.6040039840048517
63.0,Other made-up textile articles; sets; worn clothing and worn textile articles; rags,69407.0,-60643.0,-8.0,-53.0,-1.0,93.0,4990.0,0.31,1.0,4.5,QAT,Import,-0.5639339614492155,1.063546015338984,-1.214035567638255,-0.016127345924570293,0.28589094970205475,-0.12200483207274589,0.7142270868818059,-0.40941631929738587,-0.3095042270407643,0.2527953736741532
97.0,"Works of art, collectors' pieces and antiques",68864.0,7952.0,32.0,-63.0,3.0,26.0,5640.0,0.19,1.0,4.5,QAT,Import,0.7927944680031793,0.8132731871392119,0.49604401438944606,-1.480580017848139,-0.14652277836800096,0.5644006247392239,0.29456155601759004,-1.672682651698648,0.40254608362806504,0.16535176951974517
12.0,"Oil seeds and oleaginous fruits; miscellaneous grains, seeds and fruit; industrial or medicinal ...",68431.0,-68197.0,2.0,10.0,13.0,81.0,6267.0,0.14,1.0,4.5,QAT,Import,-0.2425837661106405,-1.225534485378236,-0.12199103939707964,-0.3721768254749327,-0.2031357072330641,-0.0006849736361739865,-0.4788345565168659,1.4850422935487821,0.5844953294198313,0.3790104865588511
82.0,"Tools, implements, cutlery, spoons and forks, of base metal; parts thereof of base metal",65095.0,-57345.0,0.0,-18.0,5.0,80.0,6905.0,0.17,1.0,4.5,QAT,Import,-0.10356286957256634,0.8718173011289021,-0.7858975305352679,-0.7144971661773776,-0.3610422806787458,0.5019548517015598,0.2915480116497893,-0.188690522661133,1.029026299522028,0.26598175036357663
57.0,Carpets and other textile floor coverings,48863.0,-47923.0,-1.0,-27.0,3.0,47.0,3829.0,0.17,1.0,4.5,QAT,Import,-0.07052129551285774,-0.17979196900397088,-0.470832982318958,-0.4924171113426817,0.4056546678882319,-0.18129567220006867,0.6617023520240671,-0.7818466901571961,-0.07108504467958957,-0.4509453943311887
75.0,Nickel and articles thereof,47821.0,-47238.0,19.0,142.0,16.0,41.0,5363.0,0.19,1.0,4.5,QAT,Import,0.5200324666698247,-0.4493196996430361,1.117394903257795,-0.4636818566908967,-0.6945654846932313,0.6208100655577282,-0.6906277721409534,-0.1111676385182448,1.3739101273330523,-0.6847667689629497
24.0,"Tobacco and manufactured tobacco substitutes; products, whether or not containing nicotine, ...",45394.0,-45290.0,0.0,-11.0,3.0,103.0,3415.0,0.23,1.0,4.5,QAT,Import,-0.6421127006434926,-0.410937794850161,-0.6800471349284634,0.5860450945791723,0.57507545907913,-0.6936026268232358,0.34041217792497297,0.019584480568569464,-0.48009515618474025,0.5597696313392129
6.0,"Live trees and other plants; bulbs, roots and the like; cut flowers and ornamental foliage",40789.0,-40789.0,10.0,-15.0,4.0,51.0,6983.0,0.22,1.0,4.5,QAT,Import,0.013503916481905768,-0.3897848714432674,-0.14805666818783722,-1.441981421928864,0.47703290251038205,-0.1851697625480334,0.2740722630545714,1.1566801092316399,-0.5383051229956851,0.7234210434422879
60.0,Knitted or crocheted fabrics,32730.0,-32585.0,54.0,141.0,4.0,93.0,5562.0,0.29,1.0,4.5,QAT,Import,0.45803346456178184,0.8346322873925849,1.259259635424801,-0.23265249465703922,0.1307310739381129,-0.09894413154984566,-0.3048249850364052,-0.6919209221972149,0.1633519936279443,1.842594818443499
49.0,"Printed books, newspapers, pictures and other products of the printing industry; manuscripts, ...",32711.0,-22005.0,-11.0,-29.0,2.0,88.0,5443.0,0.12,1.0,4.5,QAT,Import,-0.5126142675861115,0.13224120557746727,-1.2921059596421491,-0.3440325703977209,0.31870951917932216,-0.19916962446015382,0.740868170053126,0.026119082639593758,0.3631508238318689,0.32810715121651046
54.0,Man-made filaments; strip and the like of man-made textile materials,29219.0,-27207.0,3.0,1.0,5.0,109.0,6308.0,0.16,1.0,4.5,QAT,Import,-0.4014628359887137,0.37877848026113903,-0.8068471863095156,-0.12300082777206113,-0.09198071763792606,0.03516860587068097,0.16084268942299482,0.2657499229215381,0.7384749123738431,0.9342152252141239
11.0,Products of the milling industry; malt; starches; inulin; wheat gluten,27379.0,-27042.0,1.0,-19.0,12.0,121.0,2851.0,0.1,1.0,4.5,QAT,Import,-0.7111591926278655,-1.7829253341263192,-0.3816510691875619,1.2302499156019449,0.08625526666571419,-0.6486551262451654,-0.44843736015237995,0.5162653089934388,0.3828029248244323,0.5528692185922135
56.0,"Wadding, felt and nonwovens; special yarns; twine, cordage, ropes and cables and articles thereof",26806.0,-26535.0,5.0,-34.0,3.0,93.0,4590.0,0.2,1.0,4.5,QAT,Import,-0.3339526257235696,0.24306311277382447,-0.645955805532506,0.05809266178098621,0.1813353193582693,-0.17786742907028422,0.3410993566716934,-0.46339677518160743,0.13920663800410252,0.5354630800877945
35.0,Albuminoidal substances; modified starches; glues; enzymes,26053.0,-25476.0,11.0,-12.0,10.0,91.0,6952.0,0.2,1.0,4.5,QAT,Import,-0.13994756521316246,-0.23940363163885958,-0.12815673032284755,-0.4689534833678922,-0.35178074391781156,0.23164367474081254,-0.43372310094585864,0.9757275924931593,0.6079947037127432,0.8298074937378126
59.0,"Impregnated, coated, covered or laminated textile fabrics; textile articles of a kind suitable ...",20580.0,-18759.0,9.0,0.0,4.0,85.0,7093.0,0.21,1.0,4.5,QAT,Import,-0.09939047129130725,0.7289243290947616,-0.49962818969756884,-0.7706039736469802,-0.10403854529616641,0.24973025843409488,0.20684788628753198,0.22120655392880068,0.525320134966313,0.8194168905512307
55.0,Man-made staple fibres,18708.0,-18624.0,5.0,0.0,3.0,115.0,5959.0,0.15,1.0,4.5,QAT,Import,-0.44499057879381726,0.4941812605032568,-0.8958892787750181,-0.01860848314924354,0.07424298589224382,-0.11219602421644016,0.3254414384439203,0.006134380612133764,0.6245714474363379,1.1454906143742234
86.0,"Railway or tramway locomotives, rolling stock and parts thereof; railway or tramway track fixtures ...",16387.0,-14535.0,-46.0,-14.0,8.0,90.0,5554.0,0.2,1.0,4.5,QAT,Import,-0.9178370728177891,0.5620281314887754,-1.9860266177447767,0.2826862094719671,-0.541001687015144,0.49448611101004314,0.4950565802775194,0.28765554553244466,1.2768514601547925,-1.38919802646452
81.0,Other base metals; cermets; articles thereof,13999.0,-11843.0,15.0,-37.0,11.0,59.0,6450.0,0.67,1.0,4.5,QAT,Import,0.1567958197987266,1.5126467479716716,0.7748169466930606,-0.19291446856659705,-1.0749632993072469,1.072327272882568,-1.0610113545091768,0.2646158412723332,-0.40000599796282044,-0.6153510191672578
65.0,Headgear and parts thereof,12524.0,-11311.0,6.0,-28.0,12.0,69.0,5088.0,0.23,1.0,4.5,QAT,Import,-0.009335109587595784,-0.27187489357961947,0.07781049534820078,-0.0807752129922406,-0.5874922572406873,0.4411065241014405,-0.48067259549676483,-0.05064492806494869,0.7484751947311042,-0.3330727217744528
79.0,Zinc and articles thereof,11565.0,-8811.0,-4.0,-44.0,6.0,71.0,6487.0,0.15,1.0,4.5,QAT,Import,-0.11205386542716426,0.530286785147802,-0.8199008138397522,-0.7286840177562336,-0.36217913090442694,0.4947759584620263,0.2870961596844109,-0.20865842743150811,0.9929607555447518,-0.048691481846759026
31.0,Fertilisers,10979.0,1837870.0,14.0,-35.0,19.0,148.0,3568.0,0.16,1.0,4.5,QAT,Import,-0.6248310829951215,-1.622848482306518,0.23576830037642313,1.829936871110453,-0.8731274948166118,0.033337906805439646,-1.376693678218651,0.6467184957756104,1.137810779734043,0.8873892642436162
52.0,Cotton,8559.0,-8400.0,24.0,-24.0,2.0,122.0,3534.0,0.25,1.0,4.5,QAT,Import,-0.3530417518265288,0.32784724902207035,-0.1792468760283759,0.7807715615996643,0.29144654514823964,-0.4778840121819304,0.05252774317564566,-0.8871692395844155,-0.17981768816995686,1.397305760764505
37.0,Photographic or cinematographic goods,6337.0,-6131.0,-11.0,6.0,0.0,79.0,6695.0,0.35,1.0,4.5,QAT,Import,-0.5282329653622955,0.9497674138212527,-1.0665082087329014,-0.6852840641754442,0.37965276587430413,-0.08072589197844719,0.666529857536684,0.788031225130336,-0.5295539808811635,0.2912137564829029
78.0,Lead and articles thereof,5527.0,14018.0,3.0,48.0,8.0,60.0,1904.0,0.44,1.0,4.5,QAT,Import,-0.16330598970916785,0.2708538838175305,0.38503164542049617,0.9070347943106687,-0.11949946462204457,0.029599238997890378,-0.1644656073998715,-1.146411006594171,-0.33190544888549833,-1.2549772719429457
67.0,Prepared feathers and down and articles made of feathers or of down; artificial flowers; articles ...,5242.0,-5242.0,-2.0,-32.0,8.0,78.0,6526.0,0.75,1.0,4.5,QAT,Import,-0.35278988288312624,1.839603747597801,0.05790011639325485,0.14612191637031802,-0.8210015348779239,0.826398278045544,-0.7601774755926332,0.8253940974729819,-0.8871920483692666,-0.636432453489745
13.0,"Lac; gums, resins and other vegetable saps and extracts",5108.0,-5108.0,8.0,-11.0,9.0,87.0,2214.0,0.22,1.0,4.5,QAT,Import,-0.41909197554375116,-1.447591208060948,0.11004695735442112,0.8351010902556681,0.38453871642817855,-0.691552460139699,-0.24155216496336943,0.04468428974084786,-0.4638442047416731,0.1284065230122388
80.0,Tin and articles thereof,4040.0,-4025.0,10.0,-6.0,14.0,59.0,5894.0,0.68,1.0,4.5,QAT,Import,0.08029245173380913,1.192615294953618,0.8924134151854829,0.15259044970732275,-1.2103949981601012,1.0884782043280192,-1.2670655286626544,0.41155972981174316,-0.24212078701950346,-1.0381750570302914
36.0,Explosives; pyrotechnic products; matches; pyrophoric alloys; certain combustible preparations,4033.0,-4033.0,-31.0,-50.0,10.0,118.0,8941.0,0.41,1.0,4.5,QAT,Import,-0.9985194010492319,0.8362000308560391,-1.5643935056759155,-0.14707278080976577,-0.8169914023384642,0.662495331135111,-0.39882154473982306,2.468796977668779,0.47165792703452464,0.0787332752085609
46.0,"Manufactures of straw, of esparto or of other plaiting materials; basketware and wickerwork",3632.0,-3570.0,5.0,-20.0,4.0,54.0,5431.0,0.44,1.0,4.5,QAT,Import,-0.09561347303481839,0.6318359755027448,-0.0278554729253384,-0.5458764767863762,0.0842085778893966,0.1336879348050832,0.07526296076786464,0.2010378012653376,-0.7922748995463386,-0.21269834215509947
58.0,Special woven fabrics; tufted textile fabrics; lace; tapestries; trimmings; embroidery,3473.0,-3185.0,-2.0,-46.0,2.0,118.0,5039.0,0.26,1.0,4.5,QAT,Import,-0.6511234244945107,0.7205626124328277,-1.082207169402808,0.41513161339872706,0.06960496160739187,-0.14387322281526296,0.3200751398627986,-0.18881341254671744,0.11635794612086035,0.7595265567684047
43.0,Furskins and artificial fur; manufactures thereof,2994.0,-2294.0,30.0,-28.0,-17.0,46.0,4091.0,0.78,1.0,4.5,QAT,Import,-0.01040263424344337,2.9446058786897478,0.08843876614753249,-0.873905010079921,1.6354035116521122,-0.7433181690786044,1.4038132374366163,-1.355923299240679,-3.713519998038013,0.9502639705834788
51.0,"Wool, fine or coarse animal hair; horsehair yarn and woven fabric",2986.0,-2579.0,9.0,10.0,1.0,89.0,4900.0,0.19,1.0,4.5,QAT,Import,-0.2612623464518209,0.37665634270447573,-0.5562178949253141,-0.20178093035552291,0.42672006275144697,-0.30735491807462334,0.5507147746469977,-0.4229770285228532,0.01623093166479793,0.7792699248887421
92.0,Musical instruments; parts and accessories of such articles,2250.0,-2205.0,7.0,-18.0,6.0,85.0,7407.0,0.2,1.0,4.5,QAT,Import,0.004517122942978753,1.1714481824800733,-0.5563627548114483,-0.720651836252998,-0.6143452826961718,0.7213959579873421,0.04930504497971443,-0.2543742242636517,1.219883785609501,0.460219410765991
53.0,Other vegetable textile fibres; paper yarn and woven fabrics of paper yarn,2174.0,-2174.0,-6.0,-55.0,8.0,85.0,3178.0,0.41,1.0,4.5,QAT,Import,-0.5293232228247171,0.010978072491258258,-0.33048621432813113,0.8390540984571266,-0.18614730435309276,-0.014196193732683991,-0.2580364271551808,-0.178464036295446,-0.42497401403171714,-0.6364357336174415
66.0,"Umbrellas, sun umbrellas, walking sticks, seat-sticks, whips, riding-crops and parts thereof",2152.0,-2081.0,-14.0,-10.0,7.0,93.0,4092.0,0.19,1.0,4.5,QAT,Import,-0.5754957143323829,-0.012422296545644742,-0.9586619272173992,0.5003959291833701,-0.134389652933298,0.0022924965213069843,0.23063101429208943,-0.28119009903497355,0.649116146987399,-0.40551514591073623
50.0,Silk,2005.0,-2005.0,-4.0,-8.0,3.0,58.0,4136.0,0.34,1.0,4.5,QAT,Import,-0.27727894131860925,0.28914343939039266,-0.416130849511774,-0.1824385840291612,0.31967565426782774,-0.1382231055123052,0.43301523596164,-0.2609262812042578,-0.5753522961338398,-0.4837740681064933
45.0,Cork and articles of cork,1844.0,-1405.0,22.0,-53.0,5.0,61.0,6602.0,0.15,1.0,4.5,QAT,Import,0.25251580664687473,-0.030357119373063027,0.028406245165069666,-1.2017321606629563,0.03996407944302741,0.14913007398077224,0.0844547158088523,0.023434932864859422,0.2519924735710094,0.9147341711704826
5.0,"Products of animal origin, not elsewhere specified or included",1747.0,-1624.0,-1.0,13.0,2.0,106.0,8595.0,0.2,1.0,4.5,QAT,Import,-0.5542598069783808,0.3071009253040106,-1.0835022396157465,-1.0188083245990431,0.3791655967816596,-0.22092702551882373,0.3970727658318048,1.886216518543523,-0.03922255959813885,1.6349970138565184
14.0,Vegetable plaiting materials; vegetable products not elsewhere specified or included,518.0,-423.0,62.0,-35.0,18.0,88.0,3514.0,0.58,1.0,4.5,QAT,Import,0.41702948499063824,-0.9601017422977551,2.5932842471252213,0.9465539812077277,-0.7235203368861646,0.10797887820211444,-2.2838587083445483,0.43957938497093935,-1.0235946404791778,1.0143347731591539
41.0,Raw hides and skins (other than furskins) and leather,380.0,-365.0,-24.0,-63.0,-1.0,114.0,4647.0,0.26,1.0,4.5,QAT,Import,-1.054997776530234,0.5540747712490984,-1.8829160394397193,0.41380639418855397,0.4893437674382894,-0.45499310832979606,0.8671999083972166,0.19273660153577943,-0.3629689788879949,0.2947975168991029
47.0,Pulp of wood or of other fibrous cellulosic material; recovered (waste and scrap) paper or ...,349.0,1142.0,-13.0,-20.0,6.0,129.0,5158.0,0.31,1.0,4.5,QAT,Import,-0.9177631795218401,0.427389016443909,-1.1631612434418601,0.8405192698395189,-0.17791357047128598,-0.08109426059336645,-0.033574450241376584,0.5850699244178165,0.22988702056528723,0.41560801442486806
27.0,"Mineral fuels, mineral oils and products of their distillation; bituminous substances; mineral ...",4739812.0,29032331.0,32.0,-12.0,19.0,74.0,1395.0,0.19,1.0,4.5,LBY,Import,0.35533650004300876,-2.8685107574440276,2.0471646558931202,1.886789048913326,-0.9060989172692256,1.4485659764345382,0.5450141311872326,-0.06860189850129775,-0.06210709334639105,0.2426514678753153
85.0,"Electrical machinery and equipment and parts thereof; sound recorders and reproducers, television ...",1906364.0,-1897265.0,10.0,30.0,7.0,79.0,4943.0,0.25,1.0,4.5,LBY,Import,0.2701546501967646,0.6502733700293812,-0.16178726281785158,0.058594574516105086,-0.3737769688731122,0.23386017953149346,-0.07041645893418949,-0.6909198585646515,0.7568074385990042,-0.0747230041683946
84.0,"Nuclear reactors, boilers, machinery and mechanical appliances; parts thereof",1875922.0,-1873597.0,16.0,41.0,6.0,85.0,4773.0,0.14,1.0,4.5,LBY,Import,0.3280051266706229,0.41987350681260394,-0.17708446135113962,0.010792218612796913,-0.19922100422269529,0.055950719309729835,0.09098352235334398,-0.9615331263619551,1.0222144309522219,0.3615736543602754
87.0,"Vehicles other than railway or tramway rolling stock, and parts and accessories thereof",1501240.0,-1499961.0,3.0,48.0,8.0,84.0,7183.0,0.14,1.0,4.5,LBY,Import,0.19665659855987094,0.7809609119519954,-0.5818224978469017,-0.5744116714278665,-0.5936794399473944,0.5446166383426755,0.027464783004972834,-0.00808023135064027,1.5627662520924588,0.21876899736955557
39.0,Plastics and articles thereof,782361.0,-780113.0,16.0,20.0,6.0,83.0,3789.0,0.19,1.0,4.5,LBY,Import,-0.020225896148163214,-0.4848748777126738,0.05099895113627705,0.19003102090122767,0.27943953869558336,-0.4173271353406588,0.01744008711079717,-0.3195231950417053,0.008131936735983468,0.5111105115320005
24.0,"Tobacco and manufactured tobacco substitutes; products, whether or not containing nicotine, ...",680476.0,-680439.0,7.0,35.0,3.0,17.0,3526.0,0.61,1.0,4.5,LBY,Import,0.1308295060311811,0.2951820349910307,0.6602729858692362,-0.45237510784015994,0.6000440549324583,-0.2872107783454696,0.13340287543009413,0.15441241956235685,-2.1035052412447004,-1.058524156087518
94.0,"Furniture; bedding, mattresses, mattress supports, cushions and similar stuffed furnishings; ...",553676.0,-553588.0,7.0,48.0,4.0,56.0,5132.0,0.34,1.0,4.5,LBY,Import,0.1812175119816808,1.240536679272087,-0.06821084194689256,-0.3853981849647753,-0.1989579455434698,0.4001644855759168,0.2698257001718887,-0.9288267881775868,0.31670119196571134,-0.48237268206683653
73.0,Articles of iron or steel,524801.0,-524210.0,13.0,63.0,9.0,79.0,5550.0,0.27,1.0,4.5,LBY,Import,0.10346250468274075,0.46070022723146653,0.18006903954945291,-0.07267198646493973,-0.42477847396921964,0.34003508689256656,-0.29229420351106267,-0.17718749267344386,0.7509396122101839,0.0895077505513866
4.0,"Dairy produce; birds' eggs; natural honey; edible products of animal origin, not elsewhere ...",499877.0,-499706.0,10.0,14.0,7.0,45.0,4180.0,0.08,1.0,4.5,LBY,Import,0.09571744284939757,-1.6059801815693622,0.10309214916251438,-0.7237564030607242,0.675607073520834,-0.613893715209858,0.26416892700581934,0.414149084713112,-0.25619827927471056,0.17877440167368927
30.0,Pharmaceutical products,482343.0,-481886.0,5.0,10.0,10.0,93.0,2560.0,0.07,1.0,4.5,LBY,Import,-0.3139209768644608,-1.5143448240627233,-0.18747482849753214,0.7746097555848003,0.21946564356748904,-0.5878604216018426,-0.10902963604376968,-0.21537407024291047,0.460076156825086,0.1582889196411463
71.0,"Natural or cultured pearls, precious or semi-precious stones, precious metals, metals clad ...",479317.0,322998.0,24.0,14.0,10.0,52.0,2020.0,0.7,1.0,4.5,LBY,Import,0.19658451181346628,0.6320812679990206,1.4567714166377566,0.9998890829746926,-0.43459194230040826,0.29113602166662456,-0.9223881425429702,-0.9423114374889648,-1.280836160718733,-1.0967109772296388
68.0,"Articles of stone, plaster, cement, asbestos, mica or similar materials",396259.0,-396247.0,34.0,105.0,5.0,36.0,1881.0,0.59,1.0,4.5,LBY,Import,0.4585712663400061,0.6912725847574813,1.618177624868558,0.4145092404152145,0.23896575543182577,-0.13714879472244665,-0.30271028484345197,-1.4415260883643959,-1.342343355809633,-0.6971069927216517
33.0,"Essential oils and resinoids; perfumery, cosmetic or toilet preparations",383415.0,-383369.0,16.0,37.0,6.0,65.0,2358.0,0.15,1.0,4.5,LBY,Import,0.004389321671523557,-1.0559175780430206,0.28579680524615914,0.25354613448078883,0.5787162957054683,-0.6588041767878908,0.1885296420194446,-0.7064347344223735,-0.21719198574233897,0.10205370754103672
19.0,"Preparations of cereals, flour, starch or milk; pastrycooks' products",377483.0,-377379.0,12.0,19.0,9.0,52.0,1824.0,0.1,1.0,4.5,LBY,Import,0.02416396050995032,-1.8767473924051226,0.3937544751618461,0.2321746031389888,0.5797139694054295,-0.7269629016086043,0.04910347358902852,-0.45739910344803564,-0.20957587996352692,-0.2837528421497225
61.0,"Articles of apparel and clothing accessories, knitted or crocheted",352124.0,-352079.0,2.0,11.0,6.0,58.0,5442.0,0.4,1.0,4.5,LBY,Import,-0.039347801426408376,0.6793645836982748,-0.07390472385657663,-0.3688153739477284,-0.16180075750059644,0.28540999114811105,-0.012144033122255864,0.06235236732111963,-0.21557124154716506,-0.44428803490610447
26.0,"Ores, slag and ash",325281.0,-294156.0,38.0,16.0,10.0,46.0,6253.0,0.51,1.0,4.5,LBY,Import,0.5248083242210895,0.12502269246915287,1.4979711683024644,-0.7987940163677527,-0.253831894937348,0.301832696319322,-0.9538400099368712,0.771672456818765,-0.9093884523372003,0.4855266803308547
69.0,Ceramic products,318195.0,-317394.0,7.0,23.0,5.0,41.0,5020.0,0.21,1.0,4.5,LBY,Import,0.2316964602631101,0.234970133566776,-0.04130189333033595,-0.8013476053815078,0.0737419433553921,0.16886593943751152,0.37452633850736883,-0.6109006454426281,0.2831730274040815,-0.40725286852924736
40.0,Rubber and articles thereof,316986.0,-316938.0,18.0,70.0,6.0,71.0,7862.0,0.43,1.0,4.5,LBY,Import,0.11376687519462927,0.9781759917761983,0.33903310380509755,-0.9374577694512787,-0.17863458725573403,0.34706889533766894,-0.29477454042878176,1.0869203937492906,-0.23137770300929833,0.7145917133023434
17.0,Sugars and sugar confectionery,305090.0,-304540.0,54.0,22.0,15.0,59.0,4657.0,0.31,1.0,4.5,LBY,Import,0.6880829438286227,-1.247047783888809,2.067307942597252,-0.2404799508566771,-0.29469069515667645,0.010004292792679902,-1.386417435239229,0.34694893903952134,-0.24333976891807818,0.945687618498734
8.0,Edible fruit and nuts; peel of citrus fruit or melons,303669.0,-291958.0,32.0,34.0,3.0,63.0,4442.0,0.15,1.0,4.5,LBY,Import,0.2242775853505835,-0.8578199077975595,0.5283375567380575,-0.6772580848213785,0.8479651739318552,-0.7292579558379201,0.2439679852958556,-0.010415230186950232,-0.6242830189964801,1.2448681700017723
62.0,"Articles of apparel and clothing accessories, not knitted or crocheted",301937.0,-301871.0,2.0,29.0,3.0,58.0,4548.0,0.29,1.0,4.5,LBY,Import,-0.0674123193771031,0.4871471788977274,-0.28873797749529856,-0.3405959250831582,0.24351819875482075,-0.047838086016663076,0.4599896653700015,-0.49162496744716594,-0.1527331660201595,-0.3032514722483124
90.0,"Optical, photographic, cinematographic, measuring, checking, precision, medical or surgical ...",284548.0,-283390.0,-5.0,27.0,4.0,81.0,4909.0,0.15,1.0,4.5,LBY,Import,-0.20377205750703917,0.7009557572896505,-0.8513099124494323,-0.08257582164383309,-0.1038922084624801,0.18117956123267834,0.5494763335706315,-0.8829371763033971,0.982143745401917,-0.20030409795087334
48.0,"Paper and paperboard; articles of paper pulp, of paper or of paperboard",271730.0,-271240.0,12.0,23.0,5.0,83.0,4006.0,0.15,1.0,4.5,LBY,Import,-0.11869973544436012,-0.30874551444367354,-0.17105479169240295,0.06978884438355197,0.2895154624201162,-0.3374960954487034,0.22804258819253614,-0.4882545863948506,0.24232924499470143,0.4716517675734499
2.0,Meat and edible meat offal,269991.0,-269991.0,20.0,6.0,6.0,65.0,8222.0,0.67,1.0,4.5,LBY,Import,-0.004479220801809058,0.9331570911083537,0.6604096365234152,-1.0020639310138968,-0.08197185495892992,0.2572693768000152,-0.7065496795292724,2.123323844325858,-1.6503890167735271,0.7823010322554449
20.0,"Preparations of vegetables, fruit, nuts or other parts of plants",262340.0,-261873.0,8.0,10.0,8.0,50.0,2147.0,0.21,1.0,4.5,LBY,Import,-0.06943697247102577,-1.430426253478456,0.32886601870444815,0.2080165867491037,0.5375437251856665,-0.6176206467276852,0.04235538178579112,-0.2743090360024411,-0.5807360268308357,-0.4621688226622282
15.0,"Animal, vegetable or microbial fats and oils and their cleavage products; prepared edible fats; ...",248440.0,-246202.0,22.0,-29.0,17.0,81.0,1808.0,0.33,1.0,4.5,LBY,Import,-0.09148434200112367,-1.9009174099472477,1.1545664082920886,1.2320391888096107,-0.29601210244696524,-0.3096628198182764,-1.3170423453329503,0.20392597091026193,-0.3779440251189675,-0.20284850013510333
10.0,Cereals,234938.0,-234938.0,-17.0,-28.0,13.0,97.0,3094.0,0.16,1.0,4.5,LBY,Import,-0.7698916731239059,-1.7907932017470494,-0.6728408923198069,0.9562459793060347,0.010031141747054618,-0.46950576357783014,-0.3306724689798313,0.9319128566232587,0.20426541533074893,-0.4332485822104925
99.0,Commodities not elsewhere specified,221025.0,-219390.0,47.0,20.0,8.0,62.0,4590.0,0.22,1.0,4.5,LBY,Import,0.7679481476905093,0.5587728135381386,1.2077305153963191,-0.3357682910344252,-0.47039991026319367,0.46503642897952846,-0.46348768060774703,-1.7411106474071119,0.8210657671423465,0.6191643182658733
16.0,"Preparations of meat, of fish, of crustaceans, molluscs or other aquatic invertebrates, or ...",218205.0,-218068.0,5.0,6.0,4.0,36.0,6915.0,0.49,1.0,4.5,LBY,Import,0.025286428729143863,0.46539141044363974,0.14615747453298553,-1.2860790540320681,0.27232973244925474,0.0935448059217823,0.05796591228893156,1.2845910412791586,-1.2805570401173574,-0.09695836263293998
72.0,Iron and steel,216498.0,298956.0,14.0,-21.0,12.0,114.0,4484.0,0.22,1.0,4.5,LBY,Import,-0.21909851977929254,-0.08175894748567564,0.021761169584715388,0.8463600785074409,-0.7192329185606622,0.3051463875306604,-0.6978549240616978,-0.3522008749030575,1.0371428864719596,0.4581880071964719
21.0,Miscellaneous edible preparations,205147.0,-203682.0,20.0,45.0,9.0,79.0,2239.0,0.09,1.0,4.5,LBY,Import,-0.06824398041930142,-1.6367653011641188,0.45394738797879264,0.5290910233980046,0.485602776428792,-0.7454141205838657,-0.12164694349576356,-0.4062298105959887,0.05939948082957864,0.4232648603587642
64.0,"Footwear, gaiters and the like; parts of such articles",188038.0,-187979.0,11.0,62.0,6.0,74.0,6583.0,0.46,1.0,4.5,LBY,Import,-0.018788800553425713,1.243932702783547,0.1761109343973495,-0.3804727919765396,-0.3194980777485453,0.43135933747284844,-0.2319046066920155,0.35816925093928903,-0.09146149082211617,0.1292590646413394
9.0,"Coffee, tea, maté and spices",186058.0,-186049.0,15.0,18.0,8.0,60.0,6110.0,0.16,1.0,4.5,LBY,Import,0.07573865359368727,-0.9297676556586744,0.1946369163880187,-0.9320948776979816,0.27893581034584686,-0.21911503818252806,-0.0826307884612258,0.9850304350834819,-0.05244534838854855,0.6793076953136507
96.0,Miscellaneous manufactured articles,185554.0,-184949.0,5.0,30.0,6.0,59.0,3344.0,0.25,1.0,4.5,LBY,Import,0.05716324978000874,0.5049477719066743,-0.04518498676874443,0.17189911508227435,-0.16544651022745513,0.21710345553987007,0.22956744265258333,-1.4665159789116495,0.5432874443761879,-0.7755015736771427
25.0,"Salt; sulphur; earths and stone; plastering materials, lime and cement",183312.0,-172148.0,7.0,33.0,14.0,65.0,1088.0,0.44,1.0,4.5,LBY,Import,-0.2596524592729263,-1.3290488862170358,0.9078337935455711,1.3301051710793734,-0.03978849322416694,-0.3739961196159589,-0.8509924670953825,-0.01345491974382965,-0.8208669423171104,-1.0926251182482019
44.0,Wood and articles of wood; wood charcoal,169758.0,-169698.0,19.0,10.0,5.0,78.0,2932.0,0.28,1.0,4.5,LBY,Import,-0.08262804045773442,-0.2742693418811294,0.2955379549629502,0.404167535831672,0.33999760060352424,-0.4215940295976215,-0.0030213789959314752,-0.7175773505170423,-0.43763313248368363,0.3110020698048506
34.0,"Soap, organic surface-active agents, washing preparations, lubricating preparations, artificial ...",163168.0,-163105.0,8.0,22.0,6.0,72.0,2502.0,0.14,1.0,4.5,LBY,Import,-0.19707180407744646,-1.0202697105916119,-0.04859756466573444,0.3492640957594481,0.5269873881904874,-0.6210932913335192,0.25522938406262385,-0.5697150174825554,-0.10517923204967111,0.015506276708319151
76.0,Aluminium and articles thereof,162348.0,-87238.0,17.0,16.0,12.0,81.0,3465.0,0.22,1.0,4.5,LBY,Import,0.06602082545542258,-0.32345648196409293,0.4711641138504478,0.5972497852432742,-0.5117981144825952,0.22308753201024525,-0.5673233778907124,-0.8484438475354422,0.829461543960583,-0.18429701090760328
18.0,Cocoa and cocoa preparations,151580.0,-151471.0,10.0,14.0,6.0,60.0,1892.0,0.16,1.0,4.5,LBY,Import,-0.15290087860236823,-1.43701217178537,0.1748505099696136,0.298577899185634,0.7466331842745588,-0.8171991732217082,0.24693999859656499,-0.47326167507886274,-0.5736608383972766,-0.10080596570244035
32.0,"Tanning or dyeing extracts; tannins and their derivatives; dyes, pigments and other colouring ...",145215.0,-145123.0,21.0,32.0,3.0,76.0,1849.0,0.39,1.0,4.5,LBY,Import,-0.17131980832751298,-0.22451840574330037,0.513821527101523,0.7207779371000756,0.6690872559048777,-0.7269836266139923,0.06027454764222712,-0.7932905553583142,-1.232037332130629,0.22429044665121856
38.0,Miscellaneous chemical products,138636.0,-137100.0,10.0,57.0,8.0,106.0,3183.0,0.08,1.0,4.5,LBY,Import,-0.3637169743870858,-0.9518341484529692,-0.184174043172884,0.7535540523393937,0.25845578931704355,-0.5603531454424822,0.0029889032767858653,-0.29656251393249367,0.6028774056439526,0.6230758174795984
57.0,Carpets and other textile floor coverings,126095.0,-126087.0,2.0,16.0,3.0,23.0,2815.0,0.49,1.0,4.5,LBY,Import,0.03861142872018067,0.4237094496874311,0.31377200005646133,-0.20105979579375272,0.4059607330048938,-0.10446436796304688,0.3533744190150137,-0.8021330341251729,-1.2930642181775132,-1.3169549301603645
70.0,Glass and glassware,123067.0,-123042.0,13.0,39.0,6.0,73.0,5755.0,0.37,1.0,4.5,LBY,Import,0.026732498296304225,0.9150180486975549,0.14637890054849828,-0.2699100714710233,-0.26093781563355234,0.33928580659370783,-0.13326210888332907,-0.16637383652498444,0.1331296919494039,0.11851376618437862
63.0,Other made-up textile articles; sets; worn clothing and worn textile articles; rags,115733.0,-114826.0,2.0,25.0,-1.0,72.0,5879.0,0.36,1.0,4.5,LBY,Import,-0.21464543282093068,1.3516301851790875,-0.6184936462329266,-0.5847103760563497,0.32445794320234256,0.00930115069030476,0.6724004562407565,-0.23493550517593756,-0.4023185861706943,0.2583888032658575
95.0,"Toys, games and sports requisites; parts and accessories thereof",108368.0,-108359.0,16.0,59.0,9.0,73.0,7809.0,0.7,1.0,4.5,LBY,Import,0.1467934100360173,2.4387229047358465,0.6732551661957514,-0.3167759235792205,-1.123336055376163,1.2079155913077597,-0.9020724810610604,0.4232283466295724,-0.043017061745474525,-0.24730588046909638
23.0,Residues and waste from the food industries; prepared animal fodder,102814.0,-102774.0,-9.0,103.0,11.0,96.0,6090.0,0.3,1.0,4.5,LBY,Import,-0.5637063180843394,-0.29908105275494373,-0.3464997204038056,0.1935660768005646,-0.17034505750523088,-0.021386554185885864,-0.33286882167658904,1.5854434251510583,0.34040643732010245,0.02933481629847601
7.0,Edible vegetables and certain roots and tubers,98066.0,-94239.0,31.0,20.0,7.0,80.0,1801.0,0.5,1.0,4.5,LBY,Import,-0.1383340211266555,-0.7085123651008672,1.1755142652427946,0.975455869345788,0.4998029637115401,-0.7445032296452643,-0.6351340995950165,-0.10346359216929418,-1.71530177333742,0.4261092194326979
83.0,Miscellaneous articles of base metal,97953.0,-97905.0,10.0,32.0,6.0,80.0,5334.0,0.31,1.0,4.5,LBY,Import,-0.03401597555801093,0.9273328949917126,-0.0724488593377733,-0.05452874853177613,-0.33061649406000765,0.3601263239958415,-0.03649687839599652,-0.5627829542815647,0.5073127252259958,0.045931550140817956
1.0,Live animals,92400.0,-92388.0,-26.0,47.0,4.0,44.0,1870.0,0.44,1.0,4.5,LBY,Import,-0.7512040760242455,-0.8572954177810128,-0.514635889935931,0.4651344009233779,0.9622527425830834,-0.8543457640629174,0.5790137246740825,0.6119890058556726,-1.7625458155493585,-1.5331730308038194
22.0,"Beverages, spirits and vinegar",80148.0,-79828.0,-5.0,2.0,6.0,113.0,1828.0,0.13,1.0,4.5,LBY,Import,-0.7980098703059708,-1.222444377421412,-0.7337588755336999,1.2670962421060308,0.5705403192648136,-0.919908423153186,0.2404768986656622,-0.2216303248544429,-0.08869430479717287,0.2798784430361066
49.0,"Printed books, newspapers, pictures and other products of the printing industry; manuscripts, ...",79133.0,-79053.0,10.0,21.0,2.0,61.0,2502.0,0.3,1.0,4.5,LBY,Import,-0.13256632453754966,-0.0347577958098308,0.0387705803565855,0.21221266713013026,0.6155391660366524,-0.5032118556469872,0.4597509361433061,-0.9959823303543918,-0.7364334089869308,-0.19047353882450768
82.0,"Tools, implements, cutlery, spoons and forks, of base metal; parts thereof of base metal",78442.0,-78440.0,10.0,41.0,5.0,76.0,7028.0,0.47,1.0,4.5,LBY,Import,-0.006454000262446537,1.7531890118430644,0.001920705339402472,-0.477573268017519,-0.4921298429619996,0.6611286003240421,-0.15920831086431664,0.06959978088609409,0.11974639956418691,0.115316487590284
54.0,Man-made filaments; strip and the like of man-made textile materials,66402.0,-66402.0,17.0,46.0,5.0,77.0,6635.0,0.47,1.0,4.5,LBY,Import,-0.012186248213439194,1.182678829586187,0.28566124491200323,-0.4427378702600799,-0.18757692919109895,0.31399225599332947,-0.2525709535965078,0.43094352575042705,-0.3685904339042735,0.4958359255218303
42.0,"Articles of leather; saddlery and harness; travel goods, handbags and similar containers; articles ...",64164.0,-64098.0,13.0,41.0,7.0,72.0,8133.0,0.8,1.0,4.5,LBY,Import,-0.10694272199817996,1.9695241189479722,0.6224106867969421,-0.5111847161437666,-0.5883939493857968,0.7328785729437242,-0.8593698885921929,1.6335328793227555,-1.281504066665574,0.12076561336821688
12.0,"Oil seeds and oleaginous fruits; miscellaneous grains, seeds and fruit; industrial or medicinal ...",56537.0,-55425.0,17.0,22.0,13.0,85.0,5680.0,0.18,1.0,4.5,LBY,Import,-0.07996769447830937,-1.2024492188314038,0.41809501973969515,-0.15491847641440504,-0.1713816197369102,-0.09111554677869285,-0.7045345649309804,1.1475848668784971,0.365407397314402,0.734735559203777
89.0,"Ships, boats and floating structures",54918.0,-54917.0,28.0,630.0,3.0,83.0,6908.0,0.44,1.0,4.5,LBY,Import,0.25077800143416135,2.5363486360748446,1.341471061438109,-0.14161724052316788,0.351758458132125,0.006775191099102184,0.3995347825093974,0.09094086082100711,0.9578737544957601,0.49778076657281084
31.0,Fertilisers,51130.0,-11806.0,20.0,6.0,19.0,115.0,1482.0,0.22,1.0,4.5,LBY,Import,-0.32933001230968395,-1.9544641157662361,0.8921568735934413,1.9255293816700596,-0.5450659480123727,-0.29431953081895507,-1.4245943277754467,-0.0614074010467782,0.5566395816540236,0.09671621462718466
29.0,Organic chemicals,50328.0,-46655.0,7.0,11.0,8.0,113.0,5419.0,0.11,1.0,4.5,LBY,Import,-0.4370685153391641,-0.6026818579968699,-0.49305974105248446,0.2011421020049438,0.03241074350162215,-0.27248630162213944,-0.11779329032643945,0.5954634432979884,0.6384365577322294,1.0627178182440071
60.0,Knitted or crocheted fabrics,35188.0,-35188.0,4.0,40.0,4.0,89.0,8164.0,0.82,1.0,4.5,LBY,Import,-0.36098184476237205,2.6818184139607455,0.043197539779175176,-0.2388051744893636,-0.5927607104524497,0.766688132925935,-0.5483055404340301,1.3170753649967586,-1.1511030492125167,0.12066051683698756
3.0,"Fish and crustaceans, molluscs and other aquatic invertebrates",27838.0,12018.0,15.0,18.0,5.0,119.0,2389.0,0.34,1.0,4.5,LBY,Import,-0.6638195492563321,-0.7542837819767321,0.05746363706594466,1.2674049039955926,0.6316741842716992,-0.9719774613839813,-0.20943987124306862,0.23117269925611125,-1.061666979525552,0.993637978100979
28.0,"Inorganic chemicals; organic or inorganic compounds of precious metals, of rare-earth metals, ...",25056.0,138817.0,9.0,10.0,17.0,133.0,2110.0,0.19,1.0,4.5,LBY,Import,-0.6425955347326574,-1.713485777195104,0.24491483931665145,1.9845817092487545,-0.4495606822409393,-0.37239044208729016,-1.1358485618423373,0.27133331881323236,0.691106624011663,0.32157621679866294
35.0,Albuminoidal substances; modified starches; glues; enzymes,23170.0,-23156.0,17.0,39.0,10.0,93.0,3489.0,0.12,1.0,4.5,LBY,Import,-0.1638450982418074,-1.0823302448359242,0.2514644778134814,0.509413065275627,0.09203487554629335,-0.3819953854893026,-0.2964531097680225,-0.16025752120854087,0.48452361875184763,0.5553729048199041
55.0,Man-made staple fibres,16454.0,-16433.0,11.0,43.0,3.0,121.0,7887.0,0.67,1.0,4.5,LBY,Import,-0.4976580673826921,2.363740309309804,-0.1821540413177947,0.12104843629157931,-0.4278752469656843,0.445980948626959,-0.46006847794180933,1.1113603752997272,-0.70293557790711,1.0575137779849848
56.0,"Wadding, felt and nonwovens; special yarns; twine, cordage, ropes and cables and articles thereof",16244.0,-16242.0,12.0,20.0,3.0,109.0,4611.0,0.27,1.0,4.5,LBY,Import,-0.37502627711927455,0.5649511280327482,-0.37412461963871474,0.4041987660692786,0.1537765569489332,-0.2276978330879273,0.1497722080597673,-0.3843191948557572,0.059012509380522486,0.8769611398676478
91.0,Clocks and watches and parts thereof,15789.0,-15780.0,16.0,19.0,6.0,92.0,5308.0,0.32,1.0,4.5,LBY,Import,-0.029497935198174483,1.1357989162914162,0.009326075934751002,0.14487073170794862,-0.460306931488524,0.4241498650571224,-0.1756528472578934,-0.7959921733163282,0.6186905179665286,0.33814385904368965
11.0,Products of the milling industry; malt; starches; inulin; wheat gluten,15624.0,-15346.0,-3.0,-40.0,12.0,146.0,1535.0,0.26,1.0,4.5,LBY,Import,-1.0764997633379991,-1.5078210245451118,-0.4495311891308055,2.2507776985880867,0.005053933032836883,-0.77698672082134,-0.7148426332159993,0.42610983346792325,-0.16111333516148243,0.4260982759726162
6.0,"Live trees and other plants; bulbs, roots and the like; cut flowers and ornamental foliage",13751.0,-13751.0,74.0,267.0,4.0,73.0,1569.0,0.54,1.0,4.5,LBY,Import,0.5264968757582622,-0.21184812055024932,2.8676300398490873,0.7711095185243787,1.065959685502235,-1.1348898402061962,-0.6394231848052528,-0.7164353559246724,-1.9586641235711157,1.5384969167273168
74.0,Copper and articles thereof,12665.0,128533.0,14.0,-5.0,12.0,114.0,2881.0,0.16,1.0,4.5,LBY,Import,-0.2769167917292114,-0.5059363477002629,0.07773435896642053,1.2592347493013372,-0.5158315907891932,0.026954679651750187,-0.5917080532557245,-0.918801634358891,1.080049946132551,0.25133159678891864
67.0,Prepared feathers and down and articles made of feathers or of down; artificial flowers; articles ...,10032.0,-10032.0,37.0,99.0,8.0,61.0,8473.0,0.9,1.0,4.5,LBY,Import,0.4133396363457756,2.6771101206644636,1.6646148237545113,-0.6785224071530643,-0.8974094231655712,1.0980924367170122,-1.2629494640110297,1.0323603525490694,-1.1790077817847748,0.3051193503774616
59.0,"Impregnated, coated, covered or laminated textile fabrics; textile articles of a kind suitable ...",8934.0,-8933.0,13.0,65.0,4.0,108.0,6019.0,0.32,1.0,4.5,LBY,Import,-0.2958532074201129,0.9878863407079035,-0.2366224354643743,0.0949852238145221,-0.06021686460726943,0.03997640029070588,-0.0016957126391549196,0.10404385319758665,0.247659477605829,0.9502279132373648
58.0,Special woven fabrics; tufted textile fabrics; lace; tapestries; trimmings; embroidery,7317.0,-7317.0,-7.0,35.0,2.0,99.0,5380.0,0.35,1.0,4.5,LBY,Import,-0.5884037187346467,1.022323091167857,-0.8751343004907726,0.17666597328601655,0.1326931728402952,-0.06152275417921784,0.40764659950471666,0.11212010805012947,-0.09830265889236565,0.2154107991125803
88.0,"Aircraft, spacecraft, and parts thereof",7241.0,-7181.0,16.0,49.0,-3.0,137.0,3944.0,0.15,1.0,4.5,LBY,Import,-0.47515857205111867,1.338117967474848,-0.8983934928598298,0.765292018479874,0.4158958203729801,-0.44181332593597045,0.789360205937844,-1.65337940163572,0.5970933076204749,1.528450248323274
65.0,Headgear and parts thereof,6005.0,-6000.0,11.0,54.0,12.0,92.0,6356.0,0.43,1.0,4.5,LBY,Import,-0.13128147396679032,0.7107487443179967,0.35947688366091185,0.1946711977655485,-0.8074263545635461,0.612630002628599,-0.8467033607557197,0.6181965981376671,0.5011339044769376,0.08047880879265532
13.0,"Lac; gums, resins and other vegetable saps and extracts",4119.0,-4119.0,15.0,123.0,9.0,93.0,3138.0,0.16,1.0,4.5,LBY,Import,-0.2985573121499444,-1.2730419521226983,0.3763307746295679,0.6362056278982294,0.4890904599415568,-0.7474326713953089,-0.1575599198726552,0.2961201028679541,0.03551794805094673,0.5746589152886616
36.0,Explosives; pyrotechnic products; matches; pyrophoric alloys; certain combustible preparations,2665.0,-2665.0,4.0,31.0,10.0,134.0,6918.0,0.56,1.0,4.5,LBY,Import,-0.708363246608576,0.9985646551379473,-0.1570247868961086,0.7722195187048025,-0.6715782635499408,0.32305185168670547,-0.967466795447598,1.6286103647581722,-0.18855351094841294,0.8072406898621395
46.0,"Manufactures of straw, of esparto or of other plaiting materials; basketware and wickerwork",2356.0,-2356.0,47.0,771.0,4.0,59.0,6827.0,0.43,1.0,4.5,LBY,Import,0.6062320587099399,1.6598189753136454,2.4578173580515825,-0.6113492087832184,0.9411329029766154,-0.48119318217713497,0.29800950550579386,0.7714309013549602,0.3868718002722506,0.8976310996555505
37.0,Photographic or cinematographic goods,2086.0,-2086.0,5.0,-51.0,0.0,110.0,3663.0,0.17,1.0,4.5,LBY,Import,-0.5868504644372362,-0.04923512830130469,-0.9192663819053541,0.41316193333162465,0.6303574197360524,-0.674570613027596,0.5900781395475946,-0.5086866052535444,-0.3109849882143276,1.0141754677156813
66.0,"Umbrellas, sun umbrellas, walking sticks, seat-sticks, whips, riding-crops and parts thereof",2069.0,-2069.0,2.0,67.0,7.0,95.0,7106.0,0.6,1.0,4.5,LBY,Import,-0.3639312313636308,1.784039622799744,-0.04976210793161923,0.08127535924637697,-0.6113611691174333,0.6168943249845936,-0.49625808385317444,0.886941857378008,-0.2086061860825647,0.030215159718419926
47.0,Pulp of wood or of other fibrous cellulosic material; recovered (waste and scrap) paper or ...,1918.0,8214.0,19.0,34.0,6.0,110.0,7923.0,0.7,1.0,4.5,LBY,Import,-0.29625385105178903,1.9985960435364805,0.34883518508909067,0.01188622317373709,-0.5875177836656134,0.5516651036392766,-0.8538440218877128,1.3192300488351725,-0.808128575796049,0.9970234852274273
52.0,Cotton,1692.0,-1692.0,-3.0,92.0,2.0,150.0,5179.0,0.32,1.0,4.5,LBY,Import,-0.9486966255805718,1.0871501583376915,-1.0464249494266784,1.0707473053678942,0.1548020872591611,-0.3616531821120777,0.24484513499870794,0.2994314155535869,0.2301445813018959,1.1441603955422117
93.0,Arms and ammunition; parts and accessories thereof,1689.0,-1688.0,25.0,9.0,11.0,114.0,3233.0,0.55,1.0,4.5,LBY,Import,-0.16987875425576018,1.0680289547888644,0.7983293624574164,1.5687642416811745,-0.8985500205567428,0.45126575665008317,-1.1364639221896649,-0.9933063280307678,0.08981137226760189,0.04488526459383203
53.0,Other vegetable textile fibres; paper yarn and woven fabrics of paper yarn,1617.0,-1617.0,16.0,49.0,8.0,95.0,3408.0,0.32,1.0,4.5,LBY,Import,-0.22746785176491705,-0.043837126019147625,0.32786448186595823,0.7789499462317302,-0.0451305394861337,-0.18159665934691716,-0.3442209983240671,-0.41571829232138585,0.003987859308728836,0.2581004757701218
86.0,"Railway or tramway locomotives, rolling stock and parts thereof; railway or tramway track fixtures ...",1573.0,-1306.0,4.0,1.0,8.0,154.0,5396.0,0.17,1.0,4.5,LBY,Import,-0.6573197293892089,0.7615707458945233,-0.9121325889657217,1.118725237594153,-0.6724648063754701,0.23719044906609507,-0.30257877962431473,-0.3577211557092771,1.5369454740551005,1.0830928763404088
75.0,Nickel and articles thereof,1540.0,-1525.0,21.0,111.0,16.0,86.0,3383.0,0.27,1.0,4.5,LBY,Import,0.0830941303008238,-0.43985365762692485,1.0189253961572575,0.9610295720218577,-0.7275175558410465,0.2989719783354441,-1.0003681753104812,-0.5259167887401753,1.073362684737613,-0.3253403565782597
81.0,Other base metals; cermets; articles thereof,939.0,-811.0,41.0,124.0,11.0,104.0,3074.0,0.21,1.0,4.5,LBY,Import,0.22921131953851287,-0.044698339339931385,1.1800081191554104,0.998301155098454,-0.3651957080991022,-0.00964047853873332,-0.724922307121017,-1.3292570379041753,1.0032744201734636,0.7885818547341976
79.0,Zinc and articles thereof,901.0,-250.0,-32.0,27.0,6.0,116.0,2652.0,0.41,1.0,4.5,LBY,Import,-1.1275726423947674,0.765486158935157,-1.344511683967834,1.700110904028656,-0.21048300350408186,-0.060244663574084166,0.22027107542039046,-0.3934694566296698,0.15122909549056487,-1.1524906972788989
51.0,"Wool, fine or coarse animal hair; horsehair yarn and woven fabric",731.0,137.0,38.0,131.0,1.0,100.0,2624.0,0.35,1.0,4.5,LBY,Import,-0.034214805120008754,0.5316140762913533,0.7975011332019056,0.7791484465000045,0.6547378322455214,-0.6987883942586849,0.1027610298904368,-1.2069114923225832,-0.6560435597380938,1.1778939434592897
80.0,Tin and articles thereof,662.0,-658.0,3.0,111.0,14.0,98.0,8127.0,0.76,1.0,4.5,LBY,Import,-0.27645758120354735,2.146863175352089,0.5387622400530205,0.35601442439697484,-1.441505858079847,1.2533948165617745,-1.37959753978696,1.5041550393024807,0.19557051984515167,-0.44904003193710224
14.0,Vegetable plaiting materials; vegetable products not elsewhere specified or included,627.0,-627.0,-2.0,34.0,18.0,84.0,1552.0,0.74,1.0,4.5,LBY,Import,-0.6570568774838822,-0.8593730234448673,1.0749331849003962,2.0556320362683036,-0.5427543538087577,-0.08677347134862295,-1.6239382269186375,1.1001309285773981,-1.4520508275891353,-1.4886127332734123
92.0,Musical instruments; parts and accessories of such articles,512.0,-512.0,12.0,77.0,6.0,132.0,4371.0,0.43,1.0,4.5,LBY,Import,-0.47737653595298135,1.5131218073280484,-0.12205053240737262,1.3006237252464627,-0.49600673301293197,0.21201672111884884,-0.3675522907216294,-0.7229029659252506,0.4898703877592044,0.5136412035476037
45.0,Cork and articles of cork,419.0,-418.0,26.0,465.0,5.0,97.0,3766.0,0.86,1.0,4.5,LBY,Import,-0.28500721626938075,2.0160371307461555,1.7828080666818533,1.425118438319117,0.3781153178152806,-0.39998225046069547,-0.5201338238156807,0.5579193667074893,-1.4325478214960345,-0.029626192772973504
5.0,"Products of animal origin, not elsewhere specified or included",306.0,-230.0,-2.0,5.0,2.0,137.0,2021.0,0.46,1.0,4.5,LBY,Import,-1.147247357646312,-0.14012354165622698,-0.6293858196319365,1.7947560956256852,0.7308818407790499,-1.0779996150998046,0.0410710523253428,0.35370824801239986,-1.5189225552315555,0.7191872480898657
50.0,Silk,285.0,-285.0,68.0,-34.0,3.0,94.0,5554.0,0.39,1.0,4.5,LBY,Import,0.5772670065984297,0.8460551297098434,1.4713213543492012,-0.3482111343982112,0.009877293384926022,-0.01622275900423498,-0.6840725037460472,-0.8303611777787228,-0.669223537100089,2.380805199834911
43.0,Furskins and artificial fur; manufactures thereof,241.0,-241.0,74.0,3.0,-17.0,90.0,1923.0,0.85,1.0,4.5,LBY,Import,0.21269424686938218,2.9430173212115665,1.3973229561938312,0.3883307923778653,1.7053562475394102,-1.1867548911937709,0.6757752405306389,-2.431151668287262,-4.0876602859479005,2.4819213431336107
78.0,Lead and articles thereof,231.0,25925.0,7.0,-84.0,8.0,114.0,4112.0,0.34,1.0,4.5,LBY,Import,-0.4258075862901234,0.5594812818608971,-0.3695356183811193,0.9367768747408696,-0.5839324043452963,0.26961378318346524,-0.4634493526700603,-0.6403155858894404,0.36308272044218703,0.24951605370195548
97.0,"Works of art, collectors' pieces and antiques",101.0,1618.0,20.0,-13.0,3.0,159.0,2429.0,0.3,1.0,4.5,LBY,Import,-0.6156092553191741,1.1548367331930354,-0.43568171920820487,1.976106530087901,-0.22971142167255185,-0.2201354094478125,-0.1565800205687996,-1.8384858007976268,0.5142168559649938,1.1938465667985658
41.0,Raw hides and skins (other than furskins) and leather,38.0,1795.0,-40.0,994.0,-1.0,146.0,4476.0,0.42,1.0,4.5,LBY,Import,-1.5607732170167328,2.12219442965328,-0.642023181845338,1.9732500548657783,1.642447680991087,-1.4778087970733775,1.7184442964861457,1.755990152894649,0.8319783940952259,-0.5003371160457932
10.0,Cereals,1214923.0,-1211967.0,9.0,-26.0,13.0,36.0,8378.0,0.22,1.0,4.5,YEM,Import,0.4430616716283647,-0.8616950898782315,0.2675365156461569,-1.7177479602088253,-0.3740730111995116,0.4249006789232173,-0.5745130267984974,1.9717964825714094,0.24808078788806248,0.1338142267637541
39.0,Plastics and articles thereof,667213.0,-646538.0,9.0,-10.0,6.0,86.0,3127.0,0.29,1.0,4.5,YEM,Import,-0.22862105214859238,-0.35798335893060573,-0.06939535455417406,0.5763941273713433,0.22972798512017625,-0.4148348844831104,-0.059980610650585894,-0.3178524225479936,-0.3897651051792396,0.14160308713193853
72.0,Iron and steel,587315.0,-461779.0,2.0,-17.0,12.0,80.0,3599.0,0.66,1.0,4.5,YEM,Import,-0.24645390568523623,0.8008855603466614,0.4609586567503839,1.1284519282040795,-0.8318846883896807,0.5148801096004885,-1.0152324318953285,-0.0350429460791981,-0.5923278452644801,-1.1248659210252332
17.0,Sugars and sugar confectionery,569866.0,-569704.0,12.0,44.0,15.0,32.0,7336.0,0.39,1.0,4.5,YEM,Import,0.37253012403409475,-0.6017769085965213,0.9161501771735099,-1.1581516210669849,-0.5013126887745484,0.5138982267848036,-0.9157040168275141,1.8192147914647983,-0.11397960919827675,-0.40385494481544576
85.0,"Electrical machinery and equipment and parts thereof; sound recorders and reproducers, television ...",563400.0,-503125.0,6.0,16.0,7.0,121.0,5439.0,0.36,1.0,4.5,YEM,Import,-0.3506458007259042,1.218256072936213,-0.44252309788594163,0.7404627127984806,-0.6153895329740825,0.3592076410244465,-0.34090212242952833,-0.27685342021770143,0.6902280290896368,0.4442954539750385
87.0,"Vehicles other than railway or tramway rolling stock, and parts and accessories thereof",558952.0,-554809.0,-9.0,-6.0,8.0,121.0,6409.0,0.18,1.0,4.5,YEM,Import,-0.47167949861459296,0.8508012784363292,-1.1668781196589588,0.3461707393184539,-0.7070920073129334,0.4728247235087868,-0.058794764040606656,0.0348918270018715,1.508797573333952,0.3188644548565053
84.0,"Nuclear reactors, boilers, machinery and mechanical appliances; parts thereof",485886.0,-473209.0,3.0,-9.0,6.0,133.0,5658.0,0.24,1.0,4.5,YEM,Import,-0.4697663164797998,1.031487143078877,-0.8755592588449042,0.690454715171234,-0.532103300585544,0.2566449538256647,-0.1269018818051257,-0.32371678821502253,1.0542531831254482,0.8027817291038652
19.0,"Preparations of cereals, flour, starch or milk; pastrycooks' products",474192.0,-471385.0,14.0,10.0,9.0,45.0,2969.0,0.12,1.0,4.5,YEM,Import,0.16102109154300429,-1.6371665909002655,0.43835578661528657,-0.2216319418671444,0.46382019652930073,-0.5269559362947704,-0.0026543258319560036,-0.1605807442269549,-0.18751600475499441,-0.17231284146210188
4.0,"Dairy produce; birds' eggs; natural honey; edible products of animal origin, not elsewhere ...",458721.0,-446148.0,9.0,7.0,7.0,48.0,3126.0,0.19,1.0,4.5,YEM,Import,-0.025678551868030385,-1.5063870019798509,0.23923126911649517,-0.22429582764415154,0.6842606876801767,-0.6924518060602718,0.1295265384757396,0.24379825193956464,-0.7252299366378685,-0.10326084467941696
15.0,"Animal, vegetable or microbial fats and oils and their cleavage products; prepared edible fats; ...",428378.0,-418288.0,13.0,16.0,17.0,57.0,4853.0,0.22,1.0,4.5,YEM,Import,0.1405458603815624,-1.6688794832415799,0.7945496406240141,-0.1400022802850389,-0.3883221470648618,0.07624011479203252,-0.9775631888733367,1.0897101762112258,0.3166717610321605,-0.24819770457132095
24.0,"Tobacco and manufactured tobacco substitutes; products, whether or not containing nicotine, ...",373852.0,-373388.0,56.0,603.0,3.0,33.0,2450.0,0.62,1.0,4.5,YEM,Import,0.696012707348848,0.7251007150050802,3.105284420479998,0.246287711171923,1.3698933450697428,-1.0476380361245725,0.03759671382256578,-0.28778002282441734,-1.5786291839372648,0.14262588694329978
99.0,Commodities not elsewhere specified,313414.0,-312288.0,59.0,-59.0,8.0,53.0,4590.0,0.22,1.0,4.5,YEM,Import,1.0343557184554337,0.4411214304300054,1.5077875411696104,-0.6041173058017328,-0.5465678343089937,0.5526562376863924,-0.6451707914597316,-2.0357931168166252,0.6143118988422366,0.8763815510215857
30.0,Pharmaceutical products,301771.0,-301623.0,-3.0,-4.0,10.0,110.0,3587.0,0.1,1.0,4.5,YEM,Import,-0.5726109617030789,-1.1650278147572426,-0.6027180055476193,0.8225140004296004,0.03759465264865809,-0.4351732350573643,-0.15287411075111804,0.277447198717971,0.5995171389057623,0.324540334884385
20.0,"Preparations of vegetables, fruit, nuts or other parts of plants",255511.0,-254092.0,9.0,-11.0,8.0,51.0,2737.0,0.26,1.0,4.5,YEM,Import,-0.05866448026574176,-1.1931492954151177,0.34017575380565457,0.08841973487077028,0.41767726556165496,-0.4817252220137768,-0.07075871165380195,-0.08098804430557556,-0.6920761139731811,-0.3726836726265061
64.0,"Footwear, gaiters and the like; parts of such articles",243114.0,-242949.0,-1.0,-5.0,6.0,67.0,6949.0,0.78,1.0,4.5,YEM,Import,-0.23387283299689665,2.0941618138460147,0.10130454613646554,-0.20311908100177364,-0.6375706628785999,0.7821336615700853,-0.5608325627268521,0.9152891351584067,-1.1407497296757403,-0.6342492974344429
61.0,"Articles of apparel and clothing accessories, knitted or crocheted",229837.0,-229742.0,-4.0,-20.0,6.0,70.0,6460.0,0.63,1.0,4.5,YEM,Import,-0.28528857875506863,1.5339509488890266,-0.18218081182562104,-0.18493362477350783,-0.48742870109994246,0.592711855983495,-0.3440341532472793,0.709616282507441,-0.767160586620224,-0.5366685964626917
2.0,Meat and edible meat offal,226196.0,-226167.0,4.0,2.0,6.0,72.0,9617.0,0.8,1.0,4.5,YEM,Import,-0.3041225118760572,1.5925035135865568,0.17710432462175535,-1.0619144137749217,-0.32743751849800745,0.5431251265021912,-0.7476764324042537,2.9410596625928784,-1.789826742547795,0.4834310488814369
54.0,Man-made filaments; strip and the like of man-made textile materials,200186.0,-200169.0,-1.0,-6.0,5.0,49.0,7266.0,0.83,1.0,4.5,YEM,Import,-0.14238721382661143,2.1112007492720584,0.23208704393643134,-0.6103849388813617,-0.47993164574411895,0.7695607234853749,-0.469419738642809,1.1550025228506258,-1.5833879930375967,-0.7876438044582134
27.0,"Mineral fuels, mineral oils and products of their distillation; bituminous substances; mineral ...",200122.0,-175897.0,2.0,-30.0,19.0,169.0,2792.0,0.34,1.0,4.5,YEM,Import,-1.0195880028649016,-1.2185672493749038,-0.06515319827795796,2.664902815094774,-0.9153619419633037,-0.16925209177896333,-1.6571740170450155,0.9525879210617145,0.6057769406434731,0.5097402678388697
73.0,Articles of iron or steel,198555.0,-198101.0,-3.0,-11.0,9.0,120.0,6341.0,0.38,1.0,4.5,YEM,Import,-0.5301837089316326,1.0361418477473818,-0.6412518575897163,0.5525055150065421,-0.7807185324686285,0.5193404312538825,-0.4977888000093956,0.4694364773667643,0.688574168010323,0.2918768320992367
21.0,Miscellaneous edible preparations,196725.0,-195754.0,11.0,9.0,9.0,81.0,3942.0,0.12,1.0,4.5,YEM,Import,-0.1723320087851761,-1.2440290158148897,0.029266156995739256,0.11358699812629774,0.2518859040245305,-0.4424718094486371,-0.12752667403238424,0.2344963415821316,0.17442731778287993,0.4435281689290775
48.0,"Paper and paperboard; articles of paper pulp, of paper or of paperboard",184683.0,-184610.0,7.0,-2.0,5.0,95.0,4192.0,0.18,1.0,4.5,YEM,Import,-0.308883984480792,-0.1583882544421732,-0.4270657369981788,0.2635759080560252,0.18686078224077443,-0.2900709816624123,0.17206322836646126,-0.3130125413873929,0.2219191824722305,0.5186021693945776
96.0,Miscellaneous manufactured articles,174831.0,-174586.0,9.0,6.0,6.0,61.0,3380.0,0.32,1.0,4.5,YEM,Import,0.07822051831616274,0.6893588057424607,0.10565812691438618,0.24107691138886364,-0.25280792765425913,0.284114727766636,0.056886485621687424,-1.4601549330344237,0.2889873702152189,-0.6932572960168368
11.0,Products of the milling industry; malt; starches; inulin; wheat gluten,170715.0,-170194.0,-8.0,-39.0,12.0,43.0,2342.0,0.31,1.0,4.5,YEM,Import,-0.29382903315372844,-1.6932881791607701,0.157574717915929,0.3453704807507877,0.1880782070240871,-0.36297538939862073,-0.31512920791973714,0.47820167251055634,-0.7723246253779715,-1.253713840414005
40.0,Rubber and articles thereof,156698.0,-156668.0,4.0,-7.0,6.0,96.0,4332.0,0.33,1.0,4.5,YEM,Import,-0.4278852838439454,0.05200575153017015,-0.2946382231035565,0.45259638024699045,0.06096388542615697,-0.20336828465790968,-0.10633121751314292,0.15827048042143377,-0.2742983227067218,0.2950324581397601
9.0,"Coffee, tea, maté and spices",152282.0,-116624.0,7.0,4.0,8.0,63.0,1959.0,0.28,1.0,4.5,YEM,Import,-0.27124551645900885,-1.419863665166104,0.3106375868239626,0.5440331062584716,0.5677270741659887,-0.7282664171893375,-0.09875860482713134,0.022333549345236476,-0.9249381898777118,-0.31240309107511693
8.0,Edible fruit and nuts; peel of citrus fruit or melons,148631.0,-57242.0,0.0,-16.0,3.0,78.0,1548.0,0.49,1.0,4.5,YEM,Import,-0.634107466190926,-0.47828011514053687,-0.05499578740483409,0.9956634673152891,0.7892740820391322,-0.8837367471434205,0.11613018986355096,0.00939843610769053,-1.9243780674617488,-0.3172921062223632
33.0,"Essential oils and resinoids; perfumery, cosmetic or toilet preparations",139526.0,-139160.0,8.0,3.0,6.0,96.0,2717.0,0.3,1.0,4.5,YEM,Import,-0.4409397783363029,-0.4644896461805491,-0.07679464603532025,0.8696760944747038,0.3142904455392251,-0.5384622550092554,-0.07987667551073913,-0.25528651472110037,-0.4903462439439393,0.24310745318000035
62.0,"Articles of apparel and clothing accessories, not knitted or crocheted",132863.0,-132326.0,-14.0,-4.0,3.0,87.0,5940.0,0.47,1.0,4.5,YEM,Import,-0.5798107106031439,1.3567555489307452,-0.9158770764117944,0.013422291697211078,-0.13364907025399875,0.24755572883651297,0.2359624791559663,0.4161921543701791,-0.36876530918816547,-0.30420237724075627
44.0,Wood and articles of wood; wood charcoal,119344.0,-119294.0,-9.0,-21.0,5.0,84.0,4901.0,0.34,1.0,4.5,YEM,Import,-0.5169570225439718,0.27684888892176307,-0.7163622304245185,0.11959268634515136,0.05700751071088122,-0.06099229487970707,0.16021757765160516,0.34744703130365917,-0.2810099169941636,-0.1646150470099063
76.0,Aluminium and articles thereof,104657.0,-70454.0,3.0,-9.0,12.0,95.0,3517.0,0.33,1.0,4.5,YEM,Import,-0.30463609052089624,0.029822883632052457,0.023737119844663868,1.0103782055379305,-0.6613045523852987,0.3000971445046341,-0.6326522823922968,-0.4770581926365898,0.5867694144767257,-0.49388617996132816
90.0,"Optical, photographic, cinematographic, measuring, checking, precision, medical or surgical ...",100313.0,-100098.0,0.0,-4.0,4.0,123.0,6021.0,0.17,1.0,4.5,YEM,Import,-0.45711155347645743,1.1402180314291592,-1.0946260396921164,0.27108378393055355,-0.3808478774720563,0.28222592339036845,0.24475467584437105,-0.51883927997896,1.229581244234572,0.772727924322203
23.0,Residues and waste from the food industries; prepared animal fodder,98944.0,-72099.0,-9.0,111.0,11.0,99.0,8576.0,0.21,1.0,4.5,YEM,Import,-0.46638742809401607,-0.03379114853019479,-0.6193725902614896,-0.6039555340988303,-0.3451612984349282,0.26672180074078167,-0.25902216972849557,2.231191349338083,0.9643043324678015,0.5798410398449266
71.0,"Natural or cultured pearls, precious or semi-precious stones, precious metals, metals clad ...",95957.0,170351.0,99.0,-18.0,10.0,87.0,1935.0,0.87,1.0,4.5,YEM,Import,0.960052240170414,1.2154407886727125,3.681597329100348,1.3726889827204591,-0.674938829228622,0.2694845972962963,-2.2366937755595386,-1.88752124757751,-1.9651958318768779,1.4585562808709396
34.0,"Soap, organic surface-active agents, washing preparations, lubricating preparations, artificial ...",94391.0,-94237.0,8.0,16.0,6.0,100.0,5407.0,0.24,1.0,4.5,YEM,Import,-0.3562839860581957,-0.049570225609693055,-0.3254739931313766,0.06788987422694062,0.09451045084439937,-0.19801889246297372,-0.04947191120388324,0.4696461962580794,0.092228549010656,0.7945379193640715
94.0,"Furniture; bedding, mattresses, mattress supports, cushions and similar stuffed furnishings; ...",92301.0,-91338.0,10.0,-21.0,4.0,117.0,6378.0,0.61,1.0,4.5,YEM,Import,-0.37583505140088486,2.439232956042124,-0.2709564347794986,0.5308236295344602,-0.7576930693264946,0.6875474460588319,-0.4582934927611946,-0.20547504189661805,-0.1491885471660848,0.46701429036109265
25.0,"Salt; sulphur; earths and stone; plastering materials, lime and cement",92248.0,-92173.0,8.0,-6.0,14.0,99.0,1599.0,0.36,1.0,4.5,YEM,Import,-0.48621446072278973,-1.3253564541549803,0.499374446109876,1.6271460637160842,-0.17927149098841338,-0.3997222038263266,-0.9405818969609097,0.09624303072942608,-0.3730104094900892,-0.3322571109931405
55.0,Man-made staple fibres,88138.0,-88104.0,-2.0,-5.0,3.0,69.0,6882.0,0.54,1.0,4.5,YEM,Import,-0.26869804535127073,1.5215867333282662,-0.3768481136047955,-0.5762301989488642,-0.1552449321005032,0.4030375426593629,0.052629026395196274,0.6673560892303192,-0.726561244285824,-0.10664417521560866
7.0,Edible vegetables and certain roots and tubers,83320.0,-39540.0,-2.0,-7.0,7.0,84.0,4872.0,0.16,1.0,4.5,YEM,Import,-0.45645111789767645,-1.0385967503481288,-0.5190185372877492,-0.12074700367392659,0.3945399529722948,-0.4803019045447438,0.11779331455118439,0.9208193304396424,-0.14481109088491667,0.43895099383864666
69.0,Ceramic products,79036.0,-78742.0,-3.0,-31.0,5.0,96.0,4634.0,0.23,1.0,4.5,YEM,Import,-0.421330482868756,0.418166986240145,-0.7850107797058239,0.29005187228055607,-0.12475399304641482,0.05365015057161592,0.19937006710201058,-0.43493525978504827,0.4407832207782941,0.09886078967959715
38.0,Miscellaneous chemical products,69161.0,-68373.0,-2.0,-10.0,8.0,127.0,4844.0,0.13,1.0,4.5,YEM,Import,-0.6846542820146319,-0.45369470860833583,-0.863696935707118,0.6932925015844011,-0.077436482909915,-0.264846415818929,-0.10000574344815434,0.42677860927722105,0.7236923811507224,0.8363964828039228
70.0,Glass and glassware,69157.0,-69125.0,4.0,2.0,6.0,92.0,5974.0,0.48,1.0,4.5,YEM,Import,-0.3014362228703682,1.3122919905396073,-0.21322442352113202,0.14384095543801076,-0.4567896611679823,0.43796806101325847,-0.29031878195979477,0.17933854962429024,-0.0972108759117398,0.06798779048778156
16.0,"Preparations of meat, of fish, of crustaceans, molluscs or other aquatic invertebrates, or ...",66796.0,-58729.0,5.0,-13.0,4.0,73.0,3492.0,0.42,1.0,4.5,YEM,Import,-0.39849942775390623,-0.24642844497762065,-0.017228855831599624,0.27297054629926165,0.5191512221572183,-0.5189645260244301,0.044698535361745693,0.29892436337436284,-1.3106060355652145,0.0304210207135206
63.0,Other made-up textile articles; sets; worn clothing and worn textile articles; rags,66492.0,-66450.0,-4.0,1.0,-1.0,95.0,6375.0,0.58,1.0,4.5,YEM,Import,-0.5529994917528299,2.1351627574819085,-0.7792374800162029,-0.06250169269948067,0.031839296419487496,0.19463440932792092,0.3233420267998198,0.2919270595404901,-0.9158143293073641,0.2594512194228489
95.0,"Toys, games and sports requisites; parts and accessories thereof",65343.0,-65284.0,10.0,-2.0,9.0,87.0,7365.0,0.93,1.0,4.5,YEM,Import,-0.1588905796954854,2.986626299084335,0.5880826456621676,0.3226227947702323,-1.3541167530734342,1.322710330742256,-1.2462463281121068,0.620137857557146,-0.8083379679937547,-0.52741087114474
22.0,"Beverages, spirits and vinegar",65260.0,-64415.0,-5.0,-5.0,6.0,121.0,2566.0,0.34,1.0,4.5,YEM,Import,-0.9059751584852258,-0.47264601362687225,-0.599013224419892,1.4279547987041445,0.32520167474245076,-0.6889097571187808,-0.09315779809277736,0.2427190077174765,-0.6234916556750038,0.26662692556260437
83.0,Miscellaneous articles of base metal,63089.0,-63078.0,5.0,-10.0,6.0,94.0,5940.0,0.46,1.0,4.5,YEM,Import,-0.2568481919579613,1.4818664835069977,-0.2575208268979807,0.1808420883068628,-0.5832478851989781,0.5554379826946824,-0.2858337824667858,-0.14267580229822593,0.149050711353898,0.05093593269587524
74.0,Copper and articles thereof,62887.0,-15729.0,58.0,-4.0,12.0,76.0,1467.0,0.81,1.0,4.5,YEM,Import,0.44660987187433737,0.8136572810411865,2.5826440269684556,1.571729227885013,-0.7163517714612164,0.3080560087198795,-1.8082070693776575,-1.421640972600666,-1.5287751706311425,-0.06802699317285579
32.0,"Tanning or dyeing extracts; tannins and their derivatives; dyes, pigments and other colouring ...",62409.0,-62271.0,4.0,9.0,3.0,105.0,2719.0,0.15,1.0,4.5,YEM,Import,-0.5670615032931313,-0.5945990729282927,-0.60194669739833,0.7432880714083497,0.639853179982327,-0.7955591227242835,0.4282091716781137,-0.4723221134292433,-0.1701491683024079,0.621094901954805
60.0,Knitted or crocheted fabrics,58423.0,-58419.0,-8.0,12.0,4.0,73.0,7284.0,0.93,1.0,4.5,YEM,Import,-0.4844669842740481,2.70766433049211,-0.07066315932720896,-0.06711469372324134,-0.5729812012338324,0.7867409564057166,-0.49939311616385473,1.2899609075560245,-1.6906703395351337,-0.7429150844165457
18.0,Cocoa and cocoa preparations,55820.0,-55685.0,7.0,8.0,6.0,84.0,3224.0,0.13,1.0,4.5,YEM,Import,-0.3462294824489079,-1.1503293690809968,-0.21985328579604435,0.28195205794651795,0.5651299238012133,-0.6934570194206116,0.19646420267730663,-0.0032702141345405692,-0.1748427141187679,0.4376677399437385
68.0,"Articles of stone, plaster, cement, asbestos, mica or similar materials",53657.0,-53271.0,17.0,20.0,5.0,91.0,3625.0,0.22,1.0,4.5,YEM,Import,-0.11246231598509461,0.19835789738551807,0.010406315449336961,0.4160623956592256,0.06583536741367914,-0.15762930189945534,0.06243556739318562,-0.9966356942277038,0.2958656022797526,0.4438199948866267
42.0,"Articles of leather; saddlery and harness; travel goods, handbags and similar containers; articles ...",43988.0,-43932.0,-1.0,-7.0,7.0,84.0,7399.0,0.97,1.0,4.5,YEM,Import,-0.5066278698706814,2.300040281162943,0.27164829145126584,0.162426466679988,-0.7282139486204056,0.7629990218347438,-1.0031038265395225,1.8122535785773053,-1.8557258724793566,-0.4068585574540111
82.0,"Tools, implements, cutlery, spoons and forks, of base metal; parts thereof of base metal",41918.0,-41862.0,1.0,-5.0,5.0,95.0,6624.0,0.67,1.0,4.5,YEM,Import,-0.3850990274294828,2.2650944146009295,-0.22659034096645456,0.2254593206653014,-0.7015195617112583,0.7360268887940399,-0.43474703705479173,0.3232715971335978,-0.4851915863912929,-0.14120494413578305
12.0,"Oil seeds and oleaginous fruits; miscellaneous grains, seeds and fruit; industrial or medicinal ...",37112.0,-35322.0,9.0,40.0,13.0,98.0,2770.0,0.2,1.0,4.5,YEM,Import,-0.4234878211300836,-1.6427663564782486,0.3140734864065447,1.0196140587040028,0.0792138589023859,-0.5456851038741218,-0.6214279959809648,0.50212454821276,0.06563006274496612,0.2006282098402398
57.0,Carpets and other textile floor coverings,33440.0,-33422.0,15.0,4.0,3.0,53.0,3372.0,0.32,1.0,4.5,YEM,Import,0.06073240698598996,0.19696910885914187,0.24080238681471192,-0.1419388990543033,0.3682457092646506,-0.205299764875217,0.2842593659533897,-0.9501765944732492,-0.5869040410927051,-0.1603405807050217
29.0,Organic chemicals,31909.0,-31902.0,1.0,-9.0,8.0,120.0,5710.0,0.22,1.0,4.5,YEM,Import,-0.6142761807161519,-0.23099927858902775,-0.6495302533588927,0.3840849736393745,-0.1151041445041683,-0.15252679895140045,-0.2469576953223316,0.8961817297249126,0.3624225412401088,0.9160644956450091
56.0,"Wadding, felt and nonwovens; special yarns; twine, cordage, ropes and cables and articles thereof",31745.0,-31745.0,2.0,7.0,3.0,86.0,6012.0,0.53,1.0,4.5,YEM,Import,-0.3767320592185716,1.4313815177761284,-0.3137405890361921,-0.05052266278960906,-0.10767187816751131,0.22429826888323104,-0.02295237933512545,0.3828919327797971,-0.6931795202145123,0.13494560586095372
31.0,Fertilisers,27291.0,-27291.0,11.0,10.0,19.0,136.0,4044.0,0.2,1.0,4.5,YEM,Import,-0.53645835440214,-1.4009213274054255,0.2800197814137406,1.540673337372266,-0.8297824415378386,0.010412436770967693,-1.420663162647163,0.8754611795801207,1.1000680725392626,0.5874229476759513
28.0,"Inorganic chemicals; organic or inorganic compounds of precious metals, of rare-earth metals, ...",20967.0,-20967.0,4.0,-17.0,17.0,136.0,4507.0,0.21,1.0,4.5,YEM,Import,-0.6603723037861617,-1.195310840604601,-0.10836723219615482,1.3464870130339754,-0.7323253738782911,0.0010409767136020749,-1.1931732018028178,1.0530987306579875,0.9294422131692495,0.5911984357835631
58.0,Special woven fabrics; tufted textile fabrics; lace; tapestries; trimmings; embroidery,20539.0,-20538.0,-13.0,-7.0,2.0,70.0,6021.0,0.54,1.0,4.5,YEM,Import,-0.48781694340983484,1.4915700572640567,-0.73091483794317,-0.27651083154132594,-0.028098659747688978,0.27589319580499394,0.29184006734722967,0.4689070190070885,-0.8149550881200003,-0.5198797074255177
1.0,Live animals,17404.0,-17404.0,-22.0,-35.0,4.0,84.0,966.0,0.45,1.0,4.5,YEM,Import,-1.0615625635314436,-0.8998035178054061,-0.7499801932477073,1.3532091887177444,0.8243984584843055,-1.0027100489061544,0.29304471562767054,0.33493205020652217,-1.814558845124308,-0.9044493641167218
49.0,"Printed books, newspapers, pictures and other products of the printing industry; manuscripts, ...",17394.0,-17335.0,47.0,568.0,2.0,123.0,2292.0,0.44,1.0,4.5,YEM,Import,-0.09336259189898723,1.1198580033797585,1.825368747240906,1.6476517458729008,1.0529335370645607,-1.1585697313754986,0.10380119931750253,-0.7265199673611537,-0.23553581838503776,1.3513178809926376
59.0,"Impregnated, coated, covered or laminated textile fabrics; textile articles of a kind suitable ...",17007.0,-16998.0,6.0,25.0,4.0,90.0,6611.0,0.72,1.0,4.5,YEM,Import,-0.3698382831395067,2.0747228145044954,0.05358696332158377,0.10165638543131489,-0.38845684341678033,0.4776335453420545,-0.4294221811054646,0.7294757041827314,-1.069278775726154,0.0876010204336845
35.0,Albuminoidal substances; modified starches; glues; enzymes,15476.0,-15474.0,1.0,7.0,10.0,105.0,4410.0,0.2,1.0,4.5,YEM,Import,-0.5005574001586215,-0.6559826880012629,-0.34746285129967935,0.5999997536361322,-0.12427570721464289,-0.18541235340639062,-0.3099698283333386,0.45149486355494994,0.43240748860707817,0.3347142929599377
52.0,Cotton,11352.0,-11352.0,-38.0,-41.0,2.0,114.0,6553.0,0.64,1.0,4.5,YEM,Import,-1.2588668333815043,1.9370806684306587,-1.7901959782977122,0.5342029852751407,-0.25795394973680585,0.2933766154323358,0.227684085182674,1.3511511598647061,-0.8584931495636152,-0.5489062610155214
91.0,Clocks and watches and parts thereof,5219.0,-5177.0,-6.0,29.0,6.0,119.0,5711.0,0.4,1.0,4.5,YEM,Import,-0.5957440019364328,1.5710507638135822,-0.7825549954106366,0.7066355090498999,-0.6165730895870104,0.4694076253426839,-0.1306808864106178,-0.15201400077280958,0.6676156811359207,0.06618173596304416
65.0,Headgear and parts thereof,4457.0,-4454.0,10.0,-24.0,12.0,104.0,6916.0,0.83,1.0,4.5,YEM,Import,-0.3571151284637388,1.8953827500471492,0.5528406574929718,0.6641592159830595,-1.2667728012220012,1.0004991976010127,-1.5041306077619894,1.1949289532971685,-0.7283081644652625,-0.12392938287768564
37.0,Photographic or cinematographic goods,3320.0,-3320.0,4.0,-3.0,0.0,95.0,6364.0,0.28,1.0,4.5,YEM,Import,-0.41554510622830393,0.7591403080834981,-0.798467278097487,-0.4854348428742972,0.4009929357917009,-0.2174569450017509,0.5142764115192541,0.4205063499436381,-0.33156468184503435,1.0209257921752373
67.0,Prepared feathers and down and articles made of feathers or of down; artificial flowers; articles ...,2573.0,-2573.0,3.0,-30.0,8.0,108.0,7349.0,0.95,1.0,4.5,YEM,Import,-0.550720313765976,2.6907090732168615,0.1819756308112955,0.6228137510666518,-1.1197067400100307,0.9927302758194162,-1.2231660985820687,1.3037525651549662,-1.263188263457542,-0.14078047887791578
79.0,Zinc and articles thereof,2351.0,-1291.0,23.0,-47.0,6.0,96.0,1106.0,0.88,1.0,4.5,YEM,Import,-0.33726271573316785,1.5773682230714234,1.0400659958004603,2.0353525750066868,-0.4231752065548899,0.11072687553672249,-1.0218302078372743,-1.326348058336739,-1.9547911652232517,-0.6222454955484346
13.0,"Lac; gums, resins and other vegetable saps and extracts",1813.0,-1722.0,13.0,-16.0,9.0,108.0,3125.0,0.27,1.0,4.5,YEM,Import,-0.493166316411411,-1.037901272602232,0.10375149724554321,0.9481767033071272,0.19670675707193586,-0.5799967720439776,-0.4747402823884082,0.3484124227370223,-0.4158767869639511,0.6879111589590103
89.0,"Ships, boats and floating structures",1751.0,-1751.0,7.0,-91.0,3.0,171.0,813.0,0.47,1.0,4.5,YEM,Import,-1.056369607551444,1.139515245966301,-0.7395514549308005,2.871676200982298,-0.2482000243584818,-0.37036368463296815,-0.3308155085032869,-1.798665059442657,-0.33769432897374047,0.6350041603791124
75.0,Nickel and articles thereof,1694.0,-1694.0,22.0,37.0,16.0,84.0,1511.0,0.57,1.0,4.5,YEM,Import,-0.05729839713761358,-0.06963054143209557,1.4181887863433595,1.7945111924856458,-0.841337236022065,0.2999393254107386,-1.4434476501120557,-0.8413507586428557,-0.22680855978657619,-0.9545345721632194
66.0,"Umbrellas, sun umbrellas, walking sticks, seat-sticks, whips, riding-crops and parts thereof",1554.0,-1554.0,9.0,37.0,7.0,104.0,7291.0,0.93,1.0,4.5,YEM,Import,-0.4311175950047396,2.73514987084766,0.43334227957996024,0.5156578694337084,-0.9183306923781017,0.860398506679209,-1.0900968332295518,1.1920194618679063,-1.2450380208947713,0.015394767066194423
88.0,"Aircraft, spacecraft, and parts thereof",1488.0,-1419.0,57.0,70.0,-3.0,163.0,4958.0,0.23,1.0,4.5,YEM,Import,-0.04055427279239239,1.8968329258545997,0.2446349257965577,0.7872128981551194,0.21419474640865432,-0.35773249331919377,0.09206958044115768,-1.8066408839850647,0.4879515308658267,3.194219245396757
80.0,Tin and articles thereof,1343.0,-1343.0,-15.0,-22.0,14.0,83.0,2124.0,0.58,1.0,4.5,YEM,Import,-0.6042724477056142,0.27502647684479237,0.034505623264537745,1.7011749624203518,-0.8694682138675004,0.4451785823384597,-0.8845439980698436,-0.3520980541302169,-0.1912025652343568,-1.8749658533497577
46.0,"Manufactures of straw, of esparto or of other plaiting materials; basketware and wickerwork",1341.0,-1299.0,11.0,59.0,4.0,76.0,1788.0,0.5,1.0,4.5,YEM,Import,-0.33025122310122035,0.2566762070232356,0.4300061352878021,1.0127426327396294,0.42781722446031506,-0.4943333413364975,-0.027446581453189747,-0.7422615760806316,-1.2286965840114206,-0.3948053670051836
47.0,Pulp of wood or of other fibrous cellulosic material; recovered (waste and scrap) paper or ...,1121.0,-1075.0,-23.0,-48.0,6.0,118.0,9176.0,0.3,1.0,4.5,YEM,Import,-0.8324960822294852,1.1138034868183364,-1.7043225699568054,-0.5286464304341224,-0.5581784313286483,0.5581380916092857,0.046122756735290406,1.8423345029198999,0.7042797066357002,0.6193515689047617
6.0,"Live trees and other plants; bulbs, roots and the like; cut flowers and ornamental foliage",1041.0,-1020.0,52.0,150.0,4.0,134.0,1318.0,0.49,1.0,4.5,YEM,Import,-0.29973630831784226,-0.22271756392555048,1.4982339453105513,1.8708006611512198,0.8029631398924714,-1.2349275870671725,-0.6691001078337865,-0.43125602791009715,-1.5691364213725574,1.9202518778996007
36.0,Explosives; pyrotechnic products; matches; pyrophoric alloys; certain combustible preparations,905.0,-905.0,13.0,-40.0,10.0,155.0,1807.0,0.79,1.0,4.5,YEM,Import,-1.006847982290861,0.6498331880615168,0.44618432548935616,2.8444375417421557,-0.49076310027268844,-0.26026806333571106,-1.4461701633684492,0.23871379192490577,-1.5728815078595109,0.338152885693555
14.0,Vegetable plaiting materials; vegetable products not elsewhere specified or included,705.0,1105.0,-12.0,24.0,18.0,83.0,2566.0,0.47,1.0,4.5,YEM,Import,-0.6771739051494121,-1.4109948520164515,0.3691127181248585,1.459814461093695,-0.464574105493987,-0.096981063583569,-1.1668145808275396,1.242467752727153,-0.4537751224457273,-1.2987593104909003
45.0,Cork and articles of cork,362.0,-362.0,-7.0,-39.0,5.0,101.0,1499.0,0.51,1.0,4.5,YEM,Import,-0.8199413642382534,0.15010394572857275,-0.38622825556234763,1.61114756791899,0.18667832231825884,-0.45570256059336944,-0.11592938681527225,-0.4806201764152766,-1.1683423981029972,-0.5901976722867288
86.0,"Railway or tramway locomotives, rolling stock and parts thereof; railway or tramway track fixtures ...",272.0,256.0,5.0,-45.0,8.0,185.0,1445.0,0.44,1.0,4.5,YEM,Import,-1.127335380819382,0.8220028773955294,-0.6137507765213969,3.1209104020323895,-0.6262887546062434,-0.19694714548824646,-0.7778518845954173,-1.1823775265248178,0.29429242961727453,0.6541883548316251
41.0,Raw hides and skins (other than furskins) and leather,257.0,11056.0,-20.0,8467.0,-1.0,121.0,4346.0,0.95,1.0,4.5,YEM,Import,-0.8459260543708719,10.593080046162427,13.312855957810457,6.943941503056493,10.813397262048873,-8.374243836318746,7.97904547289084,9.597787106289022,9.387433705054127,-5.162713207243922
92.0,Musical instruments; parts and accessories of such articles,205.0,-205.0,14.0,-69.0,6.0,158.0,7462.0,0.99,1.0,4.5,YEM,Import,-0.7306184909602391,3.634002885263368,-0.021730260587132545,1.3792912390241463,-1.4325513196594264,1.0992300071866001,-1.4415482641368862,0.6970871620581324,-0.9546463728062214,0.8593447366175166
3.0,"Fish and crustaceans, molluscs and other aquatic invertebrates",195.0,229027.0,-3.0,-75.0,5.0,211.0,1552.0,0.4,1.0,4.5,YEM,Import,-1.7379075691655266,-0.41509030110455336,-1.202748509409147,3.199490792092426,0.2886103498239546,-1.1807741938959926,-0.5167104386041617,0.5257487202779748,-0.9032640506913122,1.7337952016812561
26.0,"Ores, slag and ash",180.0,9.0,-33.0,59.0,10.0,154.0,5498.0,0.73,1.0,4.5,YEM,Import,-1.576352816879842,1.1262469705065838,-1.093800322178467,1.9410896701258897,-0.5773333816044779,0.07330754898845959,-0.7942020025326147,2.2759138421406355,-0.759777711572227,-0.3491303895387282
78.0,Lead and articles thereof,167.0,4273.0,66.0,427.0,8.0,119.0,2198.0,0.56,1.0,4.5,YEM,Import,0.32512848238188813,1.2945850791114797,2.6571803816525246,1.8653867892587879,0.07738426597890052,-0.41525954251269614,-0.9594628791175503,-1.3386869053834978,-0.05686711521509939,1.2065019447000467
81.0,Other base metals; cermets; articles thereof,135.0,-135.0,45.0,-86.0,11.0,144.0,3829.0,0.16,1.0,4.5,YEM,Import,0.004858335554689376,-0.04621392403677382,0.549508799559086,1.2352552798562348,-0.783490085426024,0.16420879979658481,-1.0824586002694807,-1.3170253939618133,1.1704693147087333,1.8261366826405967
53.0,Other vegetable textile fibres; paper yarn and woven fabrics of paper yarn,99.0,-97.0,-12.0,-45.0,8.0,161.0,4905.0,0.47,1.0,4.5,YEM,Import,-1.183651434133949,0.8820219272250774,-1.097290312657152,1.726089759503124,-0.5965936355113725,0.07059590668633407,-0.6004361927212621,0.7340516131250839,0.06589846197669773,0.5589347579427375
51.0,"Wool, fine or coarse animal hair; horsehair yarn and woven fabric",90.0,-90.0,-8.0,912.0,1.0,136.0,6402.0,0.53,1.0,4.5,YEM,Import,-0.9074207273222396,2.6880219289666454,0.3933102372361034,1.2310730230514775,1.05837663262093,-0.8574845571993828,0.9341687786028133,1.730610801809444,0.7245548182680703,0.31868051233233846
43.0,Furskins and artificial fur; manufactures thereof,87.0,-87.0,59.0,0.0,-17.0,111.0,3938.0,0.47,1.0,4.5,YEM,Import,0.013668113909847639,2.398462428903298,0.1913064149345421,-0.23291164135382916,1.7091813786864611,-1.1848910417072276,1.2380889288391372,-1.9630465503094248,-2.4641314552133706,3.1562804445064785
5.0,"Products of animal origin, not elsewhere specified or included",58.0,11346.0,-24.0,148.0,2.0,173.0,5278.0,0.54,1.0,4.5,YEM,Import,-1.671046576622349,1.0272667324206175,-1.4458878207641295,1.7391555058106942,0.4441322354609068,-0.7715347705289326,0.12582383285305374,1.9976622988335075,-0.8748322927909364,0.9675629944348885
93.0,Arms and ammunition; parts and accessories thereof,58.0,-23.0,1.0,-86.0,11.0,164.0,7490.0,1.0,1.0,4.5,YEM,Import,-0.9327422332653411,3.2809887133047466,-0.2023290610428095,1.7505006212417908,-1.874045167730846,1.3404083162585767,-1.8257728076045008,1.1802885428429335,-0.5543921616091858,0.28713035768915207
50.0,Silk,37.0,-37.0,7.0,1731.0,3.0,134.0,2161.0,0.9,1.0,4.5,YEM,Import,-0.8822500564641897,3.454031293768557,3.069541410782374,3.43906842837206,2.107018636405058,-1.958842709721515,0.9275175185327302,1.631918879921738,0.2276488614511239,-0.9641540591648071
97.0,"Works of art, collectors' pieces and antiques",2.0,3201.0,-9.0,-66.0,3.0,209.0,5831.0,1.0,1.0,4.5,YEM,Import,-1.566739673356935,3.922744842551891,-1.1674028758456778,2.768266080058,-1.2407650572947582,0.6706717236424349,-1.066695691718221,0.481466742470471,-0.9477724871399466,0.8195728879606
71.0,"Natural or cultured pearls, precious or semi-precious stones, precious metals, metals clad ...",114875893.0,-24672516.0,21.0,25.0,10.0,2.0,5124.0,0.05,12.1,3.4,UEA,Import,31.21708499515072,-0.4226381688954899,-8.014726119041338,8.766030573804825,-2.5524122501650375,-1.0494684460797041,4.942529465925058,4.950648573024399,-1.0357185864712999,-0.780836229515984
99.0,Commodities not elsewhere specified,78712337.0,-60604566.0,192.0,-13.0,8.0,3.0,4590.0,0.22,13.7,4.5,UEA,Import,31.557159024242686,1.5398489927377528,-3.128681834193982,6.880179402978368,-0.8241774516601034,-2.8697878754240977,-0.8171388479646294,0.6882440592796651,-1.83498604740523,4.0352369747390915
85.0,"Electrical machinery and equipment and parts thereof; sound recorders and reproducers, television ...",63180013.0,-20867694.0,16.0,26.0,7.0,16.0,5673.0,0.37,1.8,2.6,UEA,Import,10.509511799150937,0.7715262442559381,-2.0601307216947897,1.425162709428773,-2.3678534341877633,-0.7719120109953365,1.835032809492404,1.241596479261847,-0.01870817230742854,-1.771358351758672
84.0,"Nuclear reactors, boilers, machinery and mechanical appliances; parts thereof",40842684.0,-16477013.0,10.0,18.0,6.0,18.0,6941.0,0.16,1.5,3.7,UEA,Import,7.0241689330828985,0.573438272699548,-1.777064571541538,-0.15537354902735162,-1.3714779826150436,-0.319392882745277,1.3459304744206744,0.73302396646084,0.8224784197693046,-1.1111068144385892
87.0,"Vehicles other than railway or tramway rolling stock, and parts and accessories thereof",33665513.0,-16862546.0,17.0,41.0,8.0,13.0,7152.0,0.13,1.7,4.5,UEA,Import,6.523306644732513,0.4844106467141567,-1.3300880375650002,-0.44206434393000166,-1.0276058831784218,-0.05923162918040241,0.7214083547851134,0.5404322004987019,1.1154307659248095,-0.9540164556039982
27.0,"Mineral fuels, mineral oils and products of their distillation; bituminous substances; mineral ...",21257679.0,260819116.0,-2.0,3.0,19.0,29.0,2105.0,0.1,0.6,4.5,UEA,Import,-1.6885675819758834,-7.297585343122039,6.314459637451768,5.942142645177015,-4.3712765448150925,15.093797844719996,15.638313805816225,2.158066689718101,-2.391344840144058,1.8258825056230363
39.0,Plastics and articles thereof,6403184.0,1178642.0,12.0,-9.0,6.0,30.0,4730.0,0.13,0.9,4.5,UEA,Import,1.002235426503511,-0.8205647756751991,0.04607831950902613,-0.8464010916196049,0.15623506047814548,-0.013056282029405685,0.6684361769470664,-0.09097536366584726,-0.022256810832628354,-0.23941772428322577
72.0,Iron and steel,6244302.0,-2744078.0,13.0,3.0,12.0,22.0,4404.0,0.19,1.3,5.3,UEA,Import,1.7885657241650215,-0.5657268103037378,0.24630409970423306,-0.32462786256730286,-0.23860129780406267,0.5369819259004119,-0.24581695066192452,-0.4315292185923152,0.6381707583230108,-1.0605209417930122
30.0,Pharmaceutical products,6183442.0,-4308614.0,12.0,7.0,10.0,25.0,6314.0,0.09,0.7,0.0,UEA,Import,0.8032135255388698,-1.0063218929116668,0.40716724098480334,-1.7002757930779118,-1.5755255055603659,-1.1863304976621927,0.6292302431857704,0.6813426191045661,0.4013193786939167,-0.25345033655630533
73.0,Articles of iron or steel,5757237.0,-751336.0,7.0,26.0,9.0,19.0,5479.0,0.15,1.5,4.5,UEA,Import,1.889488041281283,-0.19948222032550667,-0.14388556551782825,-0.7210693493656061,-0.3178252731076934,0.44648725677487255,0.41770657375052395,-0.19339489939290308,0.659495510866348,-0.852538680403278
90.0,"Optical, photographic, cinematographic, measuring, checking, precision, medical or surgical ...",5294035.0,-2313269.0,6.0,26.0,4.0,31.0,7390.0,0.1,0.8,3.7,UEA,Import,0.910337426541968,0.8082832266167125,-0.44303263835443196,-1.7706289839929887,-0.555490732503634,0.3367449758686689,0.838946948107026,-0.44835033769259625,1.1508854408809581,-0.3034489530279446
33.0,"Essential oils and resinoids; perfumery, cosmetic or toilet preparations",4618689.0,1510779.0,12.0,19.0,6.0,11.0,5754.0,0.12,2.5,4.5,UEA,Import,2.9955682858665513,-0.7051051314717873,-0.4323825988268381,-0.6795131033830295,0.3694339829151584,0.07407675807568548,0.8724017744312912,0.6136103179309156,-0.30364064539102614,-0.0711666803639207
74.0,Copper and articles thereof,4149330.0,341242.0,10.0,2.0,12.0,13.0,5148.0,0.33,1.9,4.5,UEA,Import,2.2212790384748233,-0.03737767799546542,0.2707881146970613,-0.24424917655604172,-0.6044777950295969,0.7393087929915482,-0.10499389668645491,0.01757797372770507,0.11807038125905249,-1.1993704023599532
88.0,"Aircraft, spacecraft, and parts thereof",3830270.0,1434662.0,-6.0,48.0,-3.0,14.0,8623.0,0.27,1.8,3.9,UEA,Import,1.8201343999138524,2.0139758497107625,-1.212411701068093,-1.870210590841715,-0.027990226245009353,0.5851138744946462,1.7316294358525919,0.11578629372553696,0.01692512588805095,-0.33346068796206796
61.0,"Articles of apparel and clothing accessories, knitted or crocheted",3461012.0,-1059765.0,15.0,2.0,6.0,19.0,4498.0,0.12,1.5,4.5,UEA,Import,1.6101937579922911,-0.4417345219048632,0.001995556960729708,-0.7727947704302617,0.177326693145038,0.02968810871641554,0.5223148658794966,-0.652515936657375,0.18077785904163773,-0.43914110667906525
64.0,"Footwear, gaiters and the like; parts of such articles",3176542.0,-1433711.0,17.0,16.0,6.0,14.0,5335.0,0.21,2.0,4.5,UEA,Import,2.3057581632795676,0.05363076340380676,-0.03220218341385546,-0.7427839894919975,0.08777341041762408,0.20586563304486674,0.4164129389507774,-0.29688625758854287,-0.052340936926008365,-0.397258024288959
62.0,"Articles of apparel and clothing accessories, not knitted or crocheted",3145699.0,-1656195.0,15.0,11.0,3.0,19.0,4588.0,0.16,1.5,4.5,UEA,Import,1.5430563356959077,-0.02589901919444065,-0.11742059069314342,-0.8901103246376318,0.3909946996554664,-0.09238200820004146,0.7178412962141411,-0.7743520378440241,-0.11060109979259934,-0.3272662315210995
29.0,Organic chemicals,3111033.0,-1373092.0,21.0,1.0,8.0,31.0,4751.0,0.19,0.6,3.0,UEA,Import,0.2643573246697942,-0.9260377793451045,0.7835995263559016,-1.1568027502591829,-0.327536824926631,-0.538671888366083,0.17713052360482234,0.0004942349225340899,-0.1926341223418453,-0.09748475817549443
94.0,"Furniture; bedding, mattresses, mattress supports, cushions and similar stuffed furnishings; ...",2944934.0,-1169460.0,8.0,5.0,4.0,19.0,5589.0,0.18,1.1,4.5,UEA,Import,1.0248971511546132,0.6782811184546796,-0.18926356601382066,-1.2351419215273853,-0.13302237808749526,0.4720179976867591,0.653282564078258,-1.0568975406774634,0.591949739886883,-0.7536841485717239
91.0,Clocks and watches and parts thereof,2726490.0,-1314928.0,15.0,23.0,6.0,7.0,4948.0,0.76,4.5,4.5,UEA,Import,5.388973233963092,2.101382587998033,-0.4052101397837196,1.338441942742825,-0.2888609329795305,0.7487196271942664,0.009133537156797851,0.22516920950539587,-1.891289170934335,-1.1606982411435336
8.0,Edible fruit and nuts; peel of citrus fruit or melons,2713496.0,-773039.0,6.0,7.0,3.0,16.0,6765.0,0.08,1.7,1.2,UEA,Import,1.4620602129518834,-0.7776864477122442,-0.4043263214292819,-1.786755704065031,-0.3245072148447784,-1.1384531082578244,1.3955344646293568,1.074143013084287,-0.5378531300766078,0.30256418813327257
38.0,Miscellaneous chemical products,2687269.0,-1377308.0,15.0,20.0,8.0,27.0,5932.0,0.12,1.0,4.0,UEA,Import,0.7857198490789395,-0.7012445419829187,0.2814349410768579,-1.358214871416881,-0.0714548569094901,-0.08366217660071584,0.24051613354596246,0.25895007566866973,0.30166827154174053,-0.08712011986071724
2.0,Meat and edible meat offal,2507954.0,-2129057.0,7.0,-9.0,6.0,13.0,8740.0,0.24,1.6,4.0,UEA,Import,1.467521118936174,-0.3392588240171836,-0.2674020635921655,-2.129860130740802,0.1327761167543291,-0.025658519222108406,0.3351626206013736,2.0246862166036834,-0.5959006526226885,0.25031465091280025
40.0,Rubber and articles thereof,2222362.0,-353878.0,7.0,9.0,6.0,27.0,6193.0,0.1,1.0,4.5,UEA,Import,0.59986432951691,-0.5299562684425713,-0.12987322612600186,-1.48050499686937,0.20302358096417306,0.07653958633257948,0.5103828066616045,0.2628532437720776,0.3072419130471029,-0.139512545931605
4.0,"Dairy produce; birds' eggs; natural honey; edible products of animal origin, not elsewhere ...",2181719.0,-983708.0,7.0,-1.0,7.0,12.0,6217.0,0.1,1.9,4.5,UEA,Import,1.781580797792153,-1.2645900219004569,-0.31422446362198886,-1.3147163939719633,0.5663028630533681,-0.2404053070713879,0.4960078898775349,1.2166142799169377,-0.4147400080879426,-0.0099303607753691
28.0,"Inorganic chemicals; organic or inorganic compounds of precious metals, of rare-earth metals, ...",2166070.0,-1757122.0,-2.0,-5.0,17.0,25.0,7375.0,0.21,1.1,4.5,UEA,Import,0.6904987004374452,-1.1188878659960475,0.21250400255760518,-1.2543377009531815,-0.7021053349769296,0.6068539534537837,-0.7042528153446999,1.727431095901637,0.7056985519603736,-0.8891597887227343
42.0,"Articles of leather; saddlery and harness; travel goods, handbags and similar containers; articles ...",2078411.0,-1483672.0,18.0,17.0,7.0,14.0,5145.0,0.22,2.2,4.5,UEA,Import,2.359015598950604,-0.4116057819115914,0.06466575577736439,-0.6264276282220066,0.27591228513210875,-0.004408855957132629,0.2543903429478866,0.16813139014768252,-0.40566421177609696,-0.24954840501893116
48.0,"Paper and paperboard; articles of paper pulp, of paper or of paperboard",1913838.0,-288088.0,10.0,-9.0,5.0,22.0,4947.0,0.14,1.0,4.5,UEA,Import,0.5987427295334217,-0.47929817359411353,0.03906350854945663,-1.2054118840998054,0.29536250667685643,-0.009528888028108145,0.5391046144767182,-0.36832528672467596,0.010174757757923054,-0.37083502826549086
26.0,"Ores, slag and ash",1802575.0,-1723846.0,17.0,18.0,10.0,20.0,4179.0,0.24,0.5,4.5,UEA,Import,-0.00040950492332913373,-1.1590253820917582,0.9777761573859042,-1.0638840359454345,0.14971484981345548,-0.1630456973070671,-0.27035150978827543,0.03535775612603558,-0.2778028511296472,-0.6458937800260537
95.0,"Toys, games and sports requisites; parts and accessories thereof",1766264.0,-866989.0,19.0,17.0,9.0,19.0,5978.0,0.66,1.2,4.5,UEA,Import,1.0639015374874323,1.6886540195857545,1.0082068980653738,-0.6145205034740248,-0.8415890811368895,1.0554273014510802,-0.6220469560477134,-0.32427103058277434,-0.5499875569452911,-1.2158590030226644
22.0,"Beverages, spirits and vinegar",1711500.0,-866279.0,17.0,4.0,6.0,20.0,6129.0,0.13,1.1,2.3,UEA,Import,0.7494300864200637,-0.7873971298168787,0.37088037054077205,-1.705379369468286,-0.32661937593334583,-0.6662641741257455,0.6394561295846315,0.4837510061688575,-0.23263059495342597,0.1707820768178205
24.0,"Tobacco and manufactured tobacco substitutes; products, whether or not containing nicotine, ...",1594803.0,4952853.0,7.0,13.0,3.0,7.0,5273.0,0.1,3.1,88.1,UEA,Import,5.386472751307129,-1.3651814563008122,-5.321195879116317,2.7267805525575204,28.421642927847564,21.141942528478747,-10.626635807955719,0.10372495626151962,1.805410368645259,-0.34016467552873064
10.0,Cereals,1541088.0,-1400875.0,11.0,-4.0,13.0,30.0,5755.0,0.16,0.8,0.0,UEA,Import,0.11605353657067956,-1.5307145636892376,0.816436043089606,-1.3724571290258063,-1.543590831033103,-1.1475128855656522,0.2033249437919765,1.0997208697724306,-0.006142809904641091,-0.2696909801854588
21.0,Miscellaneous edible preparations,1433612.0,-401840.0,13.0,9.0,9.0,20.0,6187.0,0.06,1.3,4.4,UEA,Import,1.0057096718390612,-1.237368520806305,0.16401193145592755,-1.474881586255586,0.2094651984495055,-0.03519533549935898,0.2273225540138516,0.7088601248568369,0.23983817250606956,0.016680919380078825
7.0,Edible vegetables and certain roots and tubers,1352088.0,-643787.0,11.0,-2.0,7.0,15.0,6324.0,0.09,1.4,2.1,UEA,Import,1.00814781617791,-1.2198409942537625,0.13429140866029998,-1.716465623643123,-0.2843586395315388,-0.7930334269258331,0.7263125484449968,0.9961510240188054,-0.3129400872880763,0.1159772629255706
19.0,"Preparations of cereals, flour, starch or milk; pastrycooks' products",1341242.0,-405544.0,9.0,14.0,9.0,17.0,5062.0,0.05,1.2,3.1,UEA,Import,0.7476106442720145,-1.5281554127712993,0.24769109305321932,-1.287811225989692,-0.07576899751183702,-0.5471899049115512,0.4960136157113661,0.4499990671043931,0.08286719646861422,-0.30887501962881553
76.0,Aluminium and articles thereof,1336368.0,6526604.0,9.0,-18.0,12.0,37.0,4630.0,0.2,0.6,4.5,UEA,Import,-0.11894648336543434,-0.5355026830754369,0.6781704144240417,-0.54579135310087,-0.6758446938962197,0.9274724097860434,0.08289967192735447,-0.5983683921438838,0.7689292567027393,-0.8483555224238188
34.0,"Soap, organic surface-active agents, washing preparations, lubricating preparations, artificial ...",1314780.0,-511759.0,9.0,4.0,6.0,13.0,5002.0,0.09,1.7,4.5,UEA,Import,1.4648966214162753,-0.9155332659725084,-0.16550668107560498,-1.059951671165565,0.49044137836058854,-0.14811121536765756,0.5936100542671124,0.08297573974934011,-0.11526277834158952,-0.31585214367033676
12.0,"Oil seeds and oleaginous fruits; miscellaneous grains, seeds and fruit; industrial or medicinal ...",1266614.0,-1131234.0,9.0,-26.0,13.0,25.0,8517.0,0.19,0.8,1.6,UEA,Import,0.22346746022387803,-0.9268078801834163,0.5413487667341343,-2.194773872682773,-1.32801711266143,-0.25154613536238973,-0.08687430952748991,1.876329642782779,0.27284037390867166,-0.006740476080177689
44.0,Wood and articles of wood; wood charcoal,1162064.0,-911067.0,7.0,-1.0,5.0,28.0,5712.0,0.09,0.7,4.5,UEA,Import,0.05677799724557327,-0.5042278432063025,-0.05340597745361561,-1.5874905649943483,0.29534964882541276,-0.025826565223202706,0.5079937462599492,-0.13873009420546648,0.32155939457651816,-0.1982421004849271
89.0,"Ships, boats and floating structures",1115381.0,-552759.0,31.0,48.0,3.0,21.0,5926.0,0.36,1.4,0.3,UEA,Import,1.3107723654506445,1.3305854844666531,0.9001029706941194,-1.2993510933370969,-1.4393125325563987,-0.5564487789693502,0.8521320816077763,-0.9771781753583471,-0.28509077992475745,-0.046465211865117796
17.0,Sugars and sugar confectionery,1081636.0,-294039.0,18.0,26.0,15.0,19.0,8024.0,0.28,1.5,0.2,UEA,Import,1.2278476100233957,-0.7916244871483195,1.008466550411828,-1.6275199444449344,-1.8798174611571983,-0.49088467712854494,-0.10642425113203263,1.905172238808836,-0.028566031653269066,-0.08117463365680208
9.0,"Coffee, tea, maté and spices",1053202.0,37554.0,13.0,1.0,8.0,18.0,5677.0,0.09,1.6,1.1,UEA,Import,1.1870490535594016,-1.3675226534337794,0.271183275552542,-1.3633777299811902,-0.6400923028644223,-1.0556698627137169,0.8008388659820707,0.8506354972878883,-0.3538461175596351,0.09251732801058131
97.0,"Works of art, collectors' pieces and antiques",989118.0,-73040.0,-18.0,245.0,3.0,8.0,6429.0,0.14,2.8,4.5,UEA,Import,2.6816894170652543,1.156840468534896,-1.2881186001172966,-0.5899665512140871,0.35861805266829166,0.3915111367008649,1.527961010455415,-0.008936907319838384,0.8644018689242435,-1.330894032960041
54.0,Man-made filaments; strip and the like of man-made textile materials,963090.0,-259026.0,13.0,4.0,5.0,14.0,5701.0,0.25,2.1,4.5,UEA,Import,2.0112309270469972,0.12986201523837926,-0.1365071695109542,-0.8692157742448223,0.23445241595423608,0.21513712217666545,0.46635979092573254,0.01986038444758302,-0.3825490805578327,-0.307815188731227
83.0,Miscellaneous articles of base metal,930918.0,-334099.0,9.0,14.0,6.0,22.0,5939.0,0.17,1.2,4.5,UEA,Import,0.8570436636298523,0.3854935221055272,-0.02651195268172687,-1.2583360883984775,-0.15538697161819398,0.5126260554882925,0.4164107639223012,-0.6542845824108972,0.6442432575071617,-0.5866040275698602
32.0,"Tanning or dyeing extracts; tannins and their derivatives; dyes, pigments and other colouring ...",900933.0,-34526.0,7.0,-3.0,3.0,27.0,5060.0,0.08,1.0,4.5,UEA,Import,0.325210093312679,-0.7090507813338094,-0.21190565422330737,-1.3608728005024748,0.6483044297328431,-0.2823082446872803,0.7924571694041982,-0.14282804758376808,-0.12273505117042122,-0.04029685532116405
70.0,Glass and glassware,860737.0,-132998.0,5.0,11.0,6.0,25.0,4900.0,0.22,1.0,4.5,UEA,Import,0.4038358558361803,0.0796753245429109,0.05695914619856357,-0.9536392769510756,0.005219898326619367,0.27793432752176744,0.3795388424101249,-0.61372848294738,0.22039865185987442,-0.8054769840810545
96.0,Miscellaneous manufactured articles,845712.0,-417896.0,8.0,5.0,6.0,18.0,4899.0,0.16,1.5,4.5,UEA,Import,1.2564691400208718,0.3805142074918016,-0.13156267243200662,-0.8377169351950218,-0.1469396843426374,0.4936083242420553,0.4986645004247711,-1.1768056661696018,0.6589998886148777,-0.8878052098221308
15.0,"Animal, vegetable or microbial fats and oils and their cleavage products; prepared edible fats; ...",834191.0,145612.0,17.0,-10.0,17.0,38.0,4789.0,0.13,0.5,4.5,UEA,Import,-0.21992374621927913,-2.086770265822416,1.1185795911413372,-0.8360796586416575,-0.35362007747442575,0.12426721908637405,-0.8506422126871451,0.7218552766611585,0.5153759137058184,-0.37678459403876124
63.0,Other made-up textile articles; sets; worn clothing and worn textile articles; rags,811975.0,-264377.0,6.0,8.0,-1.0,17.0,5135.0,0.14,1.2,4.5,UEA,Import,0.6854778234700992,0.33974436748104975,-0.44238577591597944,-1.4588037570221652,0.6781351558213613,-0.09393027123713106,1.1848212130630291,-0.8802355286156341,-0.18445622194871897,-0.29427432780418367
68.0,"Articles of stone, plaster, cement, asbestos, mica or similar materials",756619.0,-377463.0,1.0,12.0,5.0,20.0,4341.0,0.08,1.3,4.3,UEA,Import,0.7639118813914137,-0.36208764553582723,-0.3303316443178922,-0.9137166074622265,0.22705782438932529,-0.012889715616416044,0.782193746705342,-0.8314466951194179,0.42348228444727154,-0.8056192090530261
82.0,"Tools, implements, cutlery, spoons and forks, of base metal; parts thereof of base metal",725992.0,-219766.0,3.0,17.0,5.0,27.0,6118.0,0.12,1.1,4.5,UEA,Import,0.576733223746832,0.3691508532684114,-0.3200100956646912,-1.3555444187494765,-0.06506294608391622,0.44934573946643186,0.6173094249602745,-0.6085899846752679,0.8110558491833323,-0.5452417968423581
20.0,"Preparations of vegetables, fruit, nuts or other parts of plants",696463.0,-156310.0,7.0,10.0,8.0,21.0,4582.0,0.05,0.8,4.5,UEA,Import,0.08889002601916449,-1.5417651253388094,0.2377612982454728,-1.2921441529276412,0.4696529513229113,-0.28045363008584373,0.34935228974091415,0.15352975125394,0.10459738193044085,-0.38651008649795954
69.0,Ceramic products,694204.0,-124091.0,8.0,6.0,5.0,26.0,4579.0,0.16,1.3,4.5,UEA,Import,0.8018500961160129,-0.06188599902004733,-0.09181354828607687,-0.8174586979922004,0.17946212075238932,0.13442811735338966,0.5417247032293095,-0.7928011495184394,0.2176987019066226,-0.5678617734427325
55.0,Man-made staple fibres,693705.0,-399323.0,14.0,10.0,3.0,17.0,7444.0,0.18,1.9,4.5,UEA,Import,1.782635970681666,0.4777125785162692,-0.33918503634047054,-1.628801196779559,0.2544030066385334,0.32806473239584305,0.6646697319172494,0.26448927868271355,-0.00987250458509321,0.20398992235117114
3.0,"Fish and crustaceans, molluscs and other aquatic invertebrates",678677.0,-557828.0,3.0,-4.0,5.0,32.0,5085.0,0.08,0.5,2.7,UEA,Import,-0.5648097179416949,-1.377420297512934,0.07999024547066116,-1.6092015835222009,0.13381045335155317,-0.9698414427637901,0.7718929186650259,0.5365499920689784,-0.3369268421945071,-0.02233650408845392
18.0,Cocoa and cocoa preparations,661292.0,-226591.0,-1.0,5.0,6.0,21.0,4916.0,0.06,1.1,4.5,UEA,Import,0.33398239524876683,-1.3015040974269605,-0.2631214619684238,-1.2644068180335388,0.6208638940741255,-0.3295485310423981,0.6377841148571113,0.3797439434851928,-0.08456688608123003,-0.41109900194508137
47.0,Pulp of wood or of other fibrous cellulosic material; recovered (waste and scrap) paper or ...,642082.0,-487494.0,27.0,17.0,6.0,20.0,10484.0,0.57,1.0,4.5,UEA,Import,0.7775060825259215,1.7126290782172875,0.881900446185781,-2.483598006828035,-0.5188449551509354,1.0596593337723703,-0.4672873136253326,1.5175230572408753,-0.6311158259532224,0.40447610603783773
25.0,"Salt; sulphur; earths and stone; plastering materials, lime and cement",442046.0,1057515.0,2.0,11.0,14.0,35.0,3407.0,0.11,0.5,4.5,UEA,Import,-0.533925167544188,-1.990778976618204,0.6238795589770201,-0.49716051125515154,-0.03672015055739138,-0.06810160106910755,-0.2557783240402153,0.1614667372983665,0.4058929044801762,-0.9716662006893204
23.0,Residues and waste from the food industries; prepared animal fodder,345307.0,33722.0,12.0,-21.0,11.0,60.0,7100.0,0.06,0.3,1.4,UEA,Import,-0.7983506827519476,-1.0727916233859827,0.46309053076407475,-1.6939785893984969,-1.2391293206426308,-0.5933149303472969,0.1443531208370552,0.9116773097040781,0.7927074408345488,0.5343579872327486
79.0,Zinc and articles thereof,339298.0,-164342.0,9.0,-20.0,6.0,17.0,4766.0,0.17,1.7,4.5,UEA,Import,1.4013175224487409,0.06031326267089917,-0.15057728463557063,-0.7707881392852599,0.015042774388041635,0.3469052856205939,0.4587605564871712,-0.8651612616124396,0.2713971294751103,-0.719487893973605
16.0,"Preparations of meat, of fish, of crustaceans, molluscs or other aquatic invertebrates, or ...",301939.0,287035.0,10.0,2.0,4.0,30.0,5128.0,0.12,0.6,4.5,UEA,Import,-0.30850725816873464,-0.9649761268360926,0.1834444801364089,-1.5292533650620914,0.6699981622620313,-0.35419411538324375,0.5389257925262032,0.1658994936954677,-0.33175425573736667,0.08072745400785984
75.0,Nickel and articles thereof,274695.0,-121019.0,7.0,42.0,16.0,23.0,6263.0,0.1,0.6,4.5,UEA,Import,0.05236396654686536,-0.724066077123566,0.7037076774862444,-1.3572634753303365,-0.8268143067648686,0.8492775965196732,-0.5007475424706906,-0.005648060776583645,1.6478070229969584,-1.0680558194563787
57.0,Carpets and other textile floor coverings,267786.0,-61474.0,10.0,10.0,3.0,11.0,4024.0,0.15,1.8,4.5,UEA,Import,1.4654351081575991,-0.2795349135786931,-0.17803219381362131,-0.7789522866165906,0.6003472921576436,-0.12987561764434213,0.8294134329686104,-0.80016921784243,-0.31801872347170046,-0.5365578790248439
35.0,Albuminoidal substances; modified starches; glues; enzymes,265839.0,-136040.0,14.0,9.0,10.0,34.0,5222.0,0.11,0.6,4.5,UEA,Import,-0.15468085497306738,-1.0996851729761368,0.577336722567899,-1.2413878326584253,0.03107811368022645,0.0509301964087555,-0.1016456062009028,0.08048291252057373,0.44444452706722726,-0.2024180146905127
49.0,"Printed books, newspapers, pictures and other products of the printing industry; manuscripts, ...",228238.0,3228446.0,-1.0,-31.0,2.0,28.0,6998.0,0.15,0.6,1.7,UEA,Import,-0.4471783716275896,0.1724997849502421,-0.21809963100925642,-2.1083213941373455,-0.6832007946648744,-0.3139304537148483,1.3615272427728984,0.11578290754821396,0.0321548860532539,-0.09173890719145517
56.0,"Wadding, felt and nonwovens; special yarns; twine, cordage, ropes and cables and articles thereof",215730.0,6912.0,12.0,15.0,3.0,30.0,5451.0,0.13,0.8,4.5,UEA,Import,0.10102407587035743,-0.04264921819360115,0.05660225808813215,-1.464799060082862,0.36897793384842853,0.020756774239043506,0.6317560887072524,-0.5852714200081772,0.1912107050209711,-0.06687167555669923
86.0,"Railway or tramway locomotives, rolling stock and parts thereof; railway or tramway track fixtures ...",183760.0,-98114.0,-4.0,-11.0,8.0,41.0,7809.0,0.28,0.5,4.5,UEA,Import,-0.44482475757526097,0.9635349288052776,-0.1680310670417462,-1.6303011321567236,-0.7081800968885503,0.9772498105386523,0.005609938071502967,0.11688619368546654,0.9634486587162514,-0.7214686652478352
59.0,"Impregnated, coated, covered or laminated textile fabrics; textile articles of a kind suitable ...",176387.0,-112292.0,14.0,1.0,4.0,37.0,5517.0,0.2,0.7,4.5,UEA,Import,-0.05931865743618468,0.14733304694108484,0.21552027991944558,-1.3128372599270592,0.16749406296795952,0.13696518211566897,0.35706206921043954,-0.5437171759619569,0.1257158962026663,-0.06180727997508762
52.0,Cotton,171125.0,-110978.0,9.0,6.0,2.0,41.0,3665.0,0.28,0.4,4.5,UEA,Import,-0.6918131525433608,0.046246652867722574,0.2731496752186228,-0.8233502008867176,0.4837806086335026,-0.24008458298262492,0.4878113014689344,-0.9394283643287495,-0.5045852742943732,-0.42204885054229413
60.0,Knitted or crocheted fabrics,146536.0,-56430.0,12.0,-29.0,4.0,44.0,5707.0,0.52,0.5,4.5,UEA,Import,-0.5055680940588821,1.0673365051237682,0.5064084328074685,-0.9835331835887574,-0.1503094211200948,0.4026401632151111,-0.1267300426992016,-0.18163656080302373,-0.8048215760313876,-0.3958545003568151
11.0,Products of the milling industry; malt; starches; inulin; wheat gluten,142329.0,41514.0,7.0,-24.0,12.0,48.0,5780.0,0.11,0.5,2.1,UEA,Import,-0.6252246755405795,-1.5442990803928465,0.495806439291099,-1.2760567978190605,-0.8295146802333009,-0.6185267866047656,0.013251443995029694,0.9583918946823277,0.2925929633894768,-0.0016013145521212115
65.0,Headgear and parts thereof,139822.0,-71996.0,20.0,24.0,12.0,20.0,5965.0,0.25,1.0,4.5,UEA,Import,0.6442178409536359,-0.2252154556511187,0.9221916466425985,-1.1941304614692558,-0.4824254829246289,0.6471514196755238,-0.43599606055784546,-0.0870542125693892,0.5398641772193236,-0.5940755281810279
6.0,"Live trees and other plants; bulbs, roots and the like; cut flowers and ornamental foliage",134676.0,-116236.0,15.0,16.0,4.0,29.0,5197.0,0.13,0.6,3.2,UEA,Import,-0.30609485281415405,-1.0777921694217556,0.4573249901395842,-1.6611924428306937,0.35206679632952165,-0.8046522286749612,0.6318664477288434,0.3370646973449761,-0.5471579290444154,0.2863123944475893
1.0,Live animals,121835.0,-1786.0,2.0,-1.0,4.0,39.0,2915.0,0.14,0.4,0.0,UEA,Import,-1.0367393454212959,-1.5513641304478998,0.3761243434891314,-0.9747910936844355,-0.5104963543483692,-1.9802614405256598,1.197734671600021,-0.02677886699264054,-0.9240531457593948,-0.2811789536983609
31.0,Fertilisers,115323.0,-81523.0,14.0,-15.0,19.0,89.0,7185.0,0.11,0.1,4.5,UEA,Import,-1.1200434459858601,-1.330811763029922,0.7398151909353939,-0.8323585094101488,-1.0307566308286853,0.5673161985084878,-1.3139992064271477,1.2680891878751754,1.6283060128956635,0.44473998853359226
58.0,Special woven fabrics; tufted textile fabrics; lace; tapestries; trimmings; embroidery,110932.0,-70724.0,13.0,-1.0,2.0,26.0,5333.0,0.24,1.1,4.5,UEA,Import,0.4787823815557412,0.3410831806452368,0.04668480607540711,-1.2597752002996276,0.3795373020575343,0.06803762983076372,0.595849571940759,-0.5741944136869316,-0.31154441274494743,-0.16296989431735354
37.0,Photographic or cinematographic goods,109453.0,-11462.0,1.0,19.0,0.0,23.0,7050.0,0.24,0.8,4.5,UEA,Import,-0.0908951023054418,0.4544875587950997,-0.33527682081638643,-2.039912701532117,0.5799631221590437,0.029138119236659793,0.8914813572053123,0.37813916747113,-0.4449295071215594,-0.06574467835336024
92.0,Musical instruments; parts and accessories of such articles,101806.0,-34714.0,20.0,-39.0,6.0,18.0,6065.0,0.22,1.3,4.5,UEA,Import,1.08352398362665,0.6455086716269033,0.28540722459622536,-1.3526841076271185,-0.3165161126487273,0.7202173263275735,0.18090734319263094,-0.9861834131152594,0.4799432106780358,-0.3787793782174766
78.0,Lead and articles thereof,98980.0,56835.0,-1.0,10.0,8.0,25.0,2391.0,0.29,1.1,4.5,UEA,Import,0.2612009444986683,-0.23852445690453492,0.20223093223108107,0.04200891764172459,-0.007395031295200552,0.13469004959430203,0.1999736914513088,-1.228642865979374,-0.04973005580338914,-1.6169730347212397
81.0,Other base metals; cermets; articles thereof,80617.0,-62500.0,12.0,-47.0,11.0,38.0,6668.0,0.37,0.3,4.5,UEA,Import,-0.5101633564953474,0.5829509890461982,0.7339224213738929,-1.3452011862583253,-0.8939140866054016,0.9852490410589535,-0.6230998088839835,-0.19231171418285659,0.5779846841275681,-0.7198518619291867
13.0,"Lac; gums, resins and other vegetable saps and extracts",59693.0,-5520.0,-3.0,-2.0,9.0,33.0,3302.0,0.14,0.6,4.5,UEA,Import,-0.5993441516464012,-1.7225965044257523,0.18265548806427584,-0.6569509386156405,0.4721484845501244,-0.43803441665128895,0.16813087542706054,0.19561728064791542,-0.25138378458934746,-0.82303443503007
46.0,"Manufactures of straw, of esparto or of other plaiting materials; basketware and wickerwork",48987.0,8194.0,16.0,-2.0,4.0,9.0,5431.0,0.25,2.2,4.5,UEA,Import,2.0523772570833265,-0.0044512197209624245,-0.05105045129551082,-0.9310115975327242,0.44793916000763856,0.08109556189605982,0.5284993649347629,-0.02066770564799422,-0.6752427202666725,-0.1886834176932984
67.0,Prepared feathers and down and articles made of feathers or of down; artificial flowers; articles ...,46842.0,-30253.0,7.0,-3.0,8.0,23.0,5777.0,0.61,0.6,4.5,UEA,Import,-0.26639720659270266,1.0528013509106953,0.8340283154830156,-0.9810861063521817,-0.48934086976150787,0.7425831303962666,-0.4535441824200593,0.0774912185502898,-0.7712494446544186,-1.242925209850406
93.0,Arms and ammunition; parts and accessories thereof,36946.0,-22301.0,33.0,-21.0,11.0,44.0,6379.0,0.12,0.2,4.5,UEA,Import,-0.2600663361429477,0.10356998783992072,1.1278920518010256,-1.58173593011903,-0.8007090698683715,0.8484992259091774,-0.5336853753294658,-1.1064417384465086,1.517864629092488,0.13266200116488097
51.0,"Wool, fine or coarse animal hair; horsehair yarn and woven fabric",32699.0,-18944.0,4.0,34.0,1.0,41.0,6624.0,0.12,0.3,4.5,UEA,Import,-0.7667433886022884,0.27757901564848847,-0.22086472595706777,-1.9591528056548697,0.42795365457322626,0.015332817692876352,0.8212966558498627,-0.2053718153134489,0.361699347238677,0.13603871507739068
41.0,Raw hides and skins (other than furskins) and leather,32175.0,-24926.0,12.0,29.0,-1.0,51.0,5451.0,0.17,0.2,4.4,UEA,Import,-0.9657043989198273,0.20630867454384355,0.025530095849767082,-1.5867257550662317,0.6785726793298442,-0.35668633673998373,0.8251343231679781,-0.5209136851224098,-0.20342502589820052,0.4568121107318215
36.0,Explosives; pyrotechnic products; matches; pyrophoric alloys; certain combustible preparations,25751.0,-14110.0,-1.0,-44.0,10.0,50.0,7223.0,0.18,0.4,4.5,UEA,Import,-0.7543975344863043,-0.48456693366836906,-0.044120966356014896,-1.5524455657853387,-0.33823109327128326,0.4264464415398477,-0.1923622947039715,0.8989640393507097,0.5984062835225145,-0.1672058577334063
80.0,Tin and articles thereof,25607.0,29817.0,24.0,70.0,14.0,34.0,5864.0,0.18,0.4,4.5,UEA,Import,-0.11076776311025942,-0.2640099224643699,1.2890101075018991,-1.2159975593600225,-0.7428395176382324,0.7530956944610453,-0.6465304666424301,-0.5050921040434329,1.3489537165089078,-0.5270596556396878
43.0,Furskins and artificial fur; manufactures thereof,24481.0,-15305.0,14.0,25.0,-17.0,19.0,4445.0,0.36,0.7,4.5,UEA,Import,-0.2717105429333526,1.7723628452284912,-0.5202205927439533,-1.9831832459778842,2.0119059883670998,-0.9316363162920075,2.2802819777259145,-1.563761725718651,-2.305997429221091,0.5614180558647041
50.0,Silk,23964.0,-15665.0,9.0,24.0,3.0,16.0,4639.0,0.25,1.5,4.5,UEA,Import,0.9569872295895915,0.0077553768477484075,0.001673055903448866,-0.9336376893592587,0.5277828170991843,-0.06367241761152212,0.6457157147218866,-0.39704096852757537,-0.5576868096359864,-0.5053056312485833
53.0,Other vegetable textile fibres; paper yarn and woven fabrics of paper yarn,19012.0,-15244.0,14.0,-10.0,8.0,37.0,3499.0,0.27,0.3,4.5,UEA,Import,-0.6802219659283417,-0.5367405947622654,0.818521553601295,-0.7050522655498234,0.02223009465464075,0.022336745085468516,-0.14544058896270476,-0.817560663684692,-0.1026855629936742,-0.68998181645462
66.0,"Umbrellas, sun umbrellas, walking sticks, seat-sticks, whips, riding-crops and parts thereof",13807.0,-8512.0,13.0,6.0,7.0,36.0,5852.0,0.51,0.4,4.5,UEA,Import,-0.5174216761103511,0.9160319724404309,0.8430604682250971,-1.08193219428841,-0.3815755856363587,0.593991980506023,-0.36144111393027123,-0.1373822271410166,-0.4347549477028386,-0.6989371103511293
45.0,Cork and articles of cork,10824.0,29670.0,17.0,75.0,5.0,29.0,5533.0,0.1,0.4,4.5,UEA,Import,-0.3600303509083742,-0.4444552619211691,0.5808135126194847,-1.7019072702065696,0.38701515506851075,-0.06296135673632192,0.4226749549285754,-0.3739086230260725,0.4005083425505256,0.005417842842560977
5.0,"Products of animal origin, not elsewhere specified or included",5410.0,-3857.0,-9.0,39.0,2.0,78.0,8134.0,0.1,0.0,4.5,UEA,Import,-1.7281357768023378,-0.22802391908301048,-0.7574036368364482,-1.961999420770311,0.5344149139528703,-0.28105900134446604,0.6701541292913844,1.472497545830532,0.30585686734456197,0.8573965475040548
14.0,Vegetable plaiting materials; vegetable products not elsewhere specified or included,5003.0,-1598.0,-3.0,-16.0,18.0,37.0,3618.0,0.37,0.3,4.5,UEA,Import,-1.0054424762898477,-1.7771151982433067,1.023222087154113,-0.21673622364252013,-0.46565730986536497,0.15710804917870974,-1.0793394220750618,0.951542979732784,-0.23097178950082264,-1.531134714818617
27.0,"Mineral fuels, mineral oils and products of their distillation; bituminous substances; mineral ...",11375032.0,101213964.0,38.0,29.0,19.0,46.0,1551.0,0.34,1.0,4.5,IRQ,Import,0.39136596650386807,-3.8085514924349213,4.170811196142887,3.2062783865564066,-2.048130324587514,5.798599625012068,4.981073985813426,0.6088387871146171,-1.4741541202261368,0.7591008697864129
85.0,"Electrical machinery and equipment and parts thereof; sound recorders and reproducers, television ...",9316395.0,-9268093.0,8.0,4.0,7.0,44.0,2646.0,0.36,1.0,4.5,IRQ,Import,1.5254458410464624,0.3821568802514824,-0.1435407095317445,0.4444305734245696,-0.2685759595149915,-0.30665213423654236,-0.14880188285728582,-1.171884756725805,-0.034301573504493775,-1.356490193692857
84.0,"Nuclear reactors, boilers, machinery and mechanical appliances; parts thereof",8106492.0,-8069607.0,9.0,16.0,6.0,48.0,4114.0,0.19,1.0,4.5,IRQ,Import,1.4231590449311464,0.2907298764694677,-0.40690016122929756,-0.19943034661390255,-0.18529857475575207,-0.2151015988538211,0.15085089775555446,-0.9843257526711735,0.6247394646645922,-0.733153125513826
87.0,"Vehicles other than railway or tramway rolling stock, and parts and accessories thereof",7064956.0,-7063105.0,15.0,29.0,8.0,45.0,3803.0,0.25,1.0,4.5,IRQ,Import,1.3783693054669581,0.26896477013499065,0.08092561459740757,-0.045961017560654314,-0.3386261096272361,-0.06126378809846657,-0.14786080912814456,-1.0735053192429407,0.5516847129919163,-0.8403804118196662
71.0,"Natural or cultured pearls, precious or semi-precious stones, precious metals, metals clad ...",4897506.0,-3300682.0,22.0,23.0,10.0,21.0,1331.0,0.55,1.0,4.5,IRQ,Import,1.0985321255957943,-0.019900488220875815,1.2755953932794057,0.6303887169573997,-0.2401074183088041,-0.02539021617169214,-0.5721086507000408,-1.2566609257843235,-1.015118305681711,-1.6695353182138577
73.0,Articles of iron or steel,3034736.0,-3018563.0,8.0,13.0,9.0,35.0,3677.0,0.21,1.0,4.5,IRQ,Import,0.7078579321746519,-0.3019124266857825,0.17370537776588002,-0.27977974581282317,-0.1780257337086729,0.0619061700524858,-0.025036698858098505,-0.8426092186898682,0.431159496324006,-1.0016693588674954
39.0,Plastics and articles thereof,2940534.0,-2909413.0,9.0,0.0,6.0,43.0,2425.0,0.21,1.0,4.5,IRQ,Import,0.46184775908436565,-0.8847348192441759,0.08694016818061846,0.01663715424227688,0.4544448778962768,-0.587948459969382,0.21062235642295749,-0.6816547922918736,-0.4313209480448994,-0.6021997424634599
72.0,Iron and steel,2350745.0,-2184130.0,22.0,4.0,12.0,41.0,2117.0,0.37,1.0,4.5,IRQ,Import,0.6818812880417695,-0.4304124237757817,1.0517459642228482,0.5062966563274974,-0.3812231799308371,0.086225861613128,-0.6824969100103669,-1.1585157141884188,-0.11448426598956973,-1.0733569903496485
10.0,Cereals,2199072.0,-2197691.0,21.0,33.0,13.0,23.0,6118.0,0.2,1.0,4.5,IRQ,Import,0.8071486968305153,-1.356846331608872,0.8974750629907363,-1.2902193785955405,-0.04751769710467737,-0.0006182355206841705,-0.5561732693464243,1.1445475429637402,-0.00036790810124982955,-0.1077567407599655
30.0,Pharmaceutical products,1636652.0,-1635755.0,5.0,12.0,10.0,56.0,3456.0,0.06,1.0,4.5,IRQ,Import,0.19415349576391883,-1.5254641960699489,-0.044056947258452404,-0.10956728525946142,0.2326385385419406,-0.43146257838838725,0.02442684570714044,-0.05065923873108733,0.4105094731626796,-0.29034026852561035
94.0,"Furniture; bedding, mattresses, mattress supports, cushions and similar stuffed furnishings; ...",1519920.0,-1518671.0,4.0,-9.0,4.0,32.0,4065.0,0.39,1.0,4.5,IRQ,Import,0.41502771712042763,1.0092239075798204,-0.00574882043120901,-0.4127061404625021,-0.14819481456232458,0.34636373570755297,0.28641267785341534,-1.2498733231843855,-0.16862962992792369,-1.1679172850666997
19.0,"Preparations of cereals, flour, starch or milk; pastrycooks' products",1450321.0,-1448886.0,5.0,13.0,9.0,15.0,2149.0,0.18,1.0,4.5,IRQ,Import,0.3610051657170934,-1.7627148949274527,0.45572294008124814,-0.3413818882988934,0.5774701245120608,-0.5777816264085863,0.1486078869083904,-0.2614483948242517,-0.5995596800879777,-1.134926232517593
8.0,Edible fruit and nuts; peel of citrus fruit or melons,1421023.0,-1291622.0,3.0,37.0,3.0,24.0,2549.0,0.22,1.0,4.5,IRQ,Import,0.16504228113599814,-1.2095014169996576,0.06847637282374869,-0.5006319041896542,1.080621141802084,-0.8932281711447567,0.6793103875873389,-0.12576276200838515,-1.1754684805446778,-0.6338272323022864
4.0,"Dairy produce; birds' eggs; natural honey; edible products of animal origin, not elsewhere ...",1321768.0,-1321332.0,4.0,36.0,7.0,19.0,1608.0,0.17,1.0,4.5,IRQ,Import,0.21241557407426692,-1.959510180528968,0.3708810170869541,-0.2209547864577524,0.9507092830346869,-0.9219610669155598,0.3746338707812005,-0.18458949356381774,-0.9471012397584063,-0.9566463580073364
2.0,Meat and edible meat offal,1235559.0,-1235257.0,13.0,17.0,6.0,28.0,4647.0,0.3,1.0,4.5,IRQ,Import,0.3196038650117818,-0.935359670584898,0.464940777120845,-0.9337958096054999,0.6184105817251248,-0.4644788593877868,0.08229085114758278,0.6984329060965873,-1.088134942975364,-0.1427906077863342
24.0,"Tobacco and manufactured tobacco substitutes; products, whether or not containing nicotine, ...",1228586.0,-1225755.0,2.0,-20.0,3.0,10.0,1407.0,0.51,1.0,4.5,IRQ,Import,0.14459313356084033,-0.47553548840205684,0.44916874064386164,-0.05053712934104585,0.8135874665612985,-0.6142995212321677,0.3318916078002444,-0.5627910115000351,-2.145987473669321,-1.5129741219877242
99.0,Commodities not elsewhere specified,1161987.0,-1139617.0,32.0,43.0,8.0,35.0,4590.0,0.22,1.0,4.5,IRQ,Import,0.897170753675184,0.4637188036508699,0.9297134979309943,-0.6768470456541879,-0.3768627136285889,0.4738021873389246,-0.16663952286200312,-1.5451783251920832,0.7688338738893976,-0.2793083046628207
40.0,Rubber and articles thereof,1004919.0,-976292.0,12.0,9.0,6.0,41.0,4840.0,0.36,1.0,4.5,IRQ,Import,0.2729870167413667,-0.001322524262836307,0.3425008472255198,-0.6150780344563889,0.15666008155537423,-0.030683993515241044,-0.02066100935237543,0.07965665046179445,-0.6143184256881421,-0.3066186562035685
7.0,Edible vegetables and certain roots and tubers,965731.0,-960043.0,3.0,3.0,7.0,25.0,1143.0,0.37,1.0,4.5,IRQ,Import,0.01974319150975332,-1.4580596495380433,0.524808050404605,0.24325476125344936,0.7765617383074007,-0.7923469702424224,0.07847751016376439,-0.17036502047125462,-1.603026179223012,-1.2105397098407713
90.0,"Optical, photographic, cinematographic, measuring, checking, precision, medical or surgical ...",962185.0,-956008.0,3.0,9.0,4.0,57.0,4456.0,0.11,1.0,4.5,IRQ,Import,0.2094761140487105,0.378740732876406,-0.5138288250473403,-0.44355255098685026,0.0023741274983245485,0.12825311705004858,0.5874508724324664,-1.2619316860407195,0.8669613882854464,-0.3658809045148067
33.0,"Essential oils and resinoids; perfumery, cosmetic or toilet preparations",915614.0,-913473.0,12.0,13.0,6.0,41.0,2410.0,0.17,1.0,4.5,IRQ,Import,0.20973116608790168,-1.1213298306084714,0.2900669190746136,-0.1285419959055126,0.591058201207813,-0.5778017158759532,0.2757344800996013,-0.6938462836031234,-0.4213124646092197,-0.4045000307900713
17.0,Sugars and sugar confectionery,882942.0,-877310.0,19.0,19.0,15.0,24.0,7060.0,0.34,1.0,4.5,IRQ,Import,0.5965574441826397,-0.8515904218363596,1.090092145666656,-1.318878013597433,-0.4545161228256675,0.4653154836657165,-0.9222293697587629,1.530810131454815,-0.09507218548130397,-0.2972324149314622
61.0,"Articles of apparel and clothing accessories, knitted or crocheted",876691.0,-876334.0,-3.0,4.0,6.0,42.0,4424.0,0.44,1.0,4.5,IRQ,Import,0.040182800250956205,0.5116180815089397,-0.03910996245092482,-0.25307906144136466,-0.062117597012367735,0.18760438771859675,0.06220635868123512,-0.15809850276211948,-0.5447546695647245,-1.0614523244290845
76.0,Aluminium and articles thereof,853547.0,-736215.0,18.0,-3.0,12.0,42.0,2439.0,0.22,1.0,4.5,IRQ,Import,0.4583884378679009,-0.7209198711158341,0.7854294976543905,0.23956431194835018,-0.336691998414633,0.1594943381185425,-0.42733048360145737,-1.289012561621754,0.45755201023087577,-0.929111911354586
69.0,Ceramic products,846775.0,-846221.0,9.0,-15.0,5.0,17.0,3468.0,0.28,1.0,4.5,IRQ,Import,0.45208635706103234,-0.023626556055912705,0.2865188684626034,-0.6841091757165997,0.18719199947949636,0.059473371038188866,0.33847722702988015,-1.1206774298059985,-0.32309848093495347,-1.0464130583017015
48.0,"Paper and paperboard; articles of paper pulp, of paper or of paperboard",834917.0,-833868.0,12.0,10.0,5.0,49.0,2862.0,0.16,1.0,4.5,IRQ,Import,0.1921587724113141,-0.6734205154585254,0.11101984922675019,-0.14961960956985396,0.46479447027786075,-0.42548724398774074,0.35325759205745627,-0.9181708204440144,-0.13637691504035115,-0.2571207623272938
15.0,"Animal, vegetable or microbial fats and oils and their cleavage products; prepared edible fats; ...",728846.0,-607730.0,15.0,-47.0,17.0,43.0,2528.0,0.25,1.0,4.5,IRQ,Import,0.22766022877696165,-2.1702639109300903,1.023104450715566,0.31277783498799117,-0.23222027346573879,-0.15463777998019906,-1.001105501015224,0.3106204947299892,-0.2429226586542545,-0.7850221012372666
62.0,"Articles of apparel and clothing accessories, not knitted or crocheted",715276.0,-714762.0,6.0,6.0,3.0,43.0,4090.0,0.4,1.0,4.5,IRQ,Import,0.12259833005444384,0.6088076844107113,0.0447324854426035,-0.35465374520097165,0.21990087060901836,-0.005588693764325183,0.30656415208129806,-0.6278272837435412,-0.6851543271970828,-0.6240664906647685
20.0,"Preparations of vegetables, fruit, nuts or other parts of plants",648588.0,-641750.0,6.0,-4.0,8.0,25.0,3264.0,0.25,1.0,4.5,IRQ,Import,0.18584266571820748,-1.2280655634516806,0.3838833850558169,-0.4947571038932271,0.4519336601992095,-0.3692847687275259,0.0765206317352288,0.044282876361295326,-0.7149278727755118,-0.781470893816025
12.0,"Oil seeds and oleaginous fruits; miscellaneous grains, seeds and fruit; industrial or medicinal ...",645924.0,-624049.0,35.0,174.0,13.0,34.0,8250.0,0.35,1.0,4.5,IRQ,Import,0.7411311924848788,-0.32068083198035463,1.6139214971977751,-1.579326687599731,-0.20443468165588224,0.3363287890612594,-0.8446992619473048,1.8161298516643585,0.014475419772686071,0.5773263199530881
11.0,Products of the milling industry; malt; starches; inulin; wheat gluten,626000.0,-625834.0,7.0,-9.0,12.0,12.0,1196.0,0.93,1.0,4.5,IRQ,Import,0.009408219943110568,-0.33840277881681713,1.6894766784422506,0.8498796417704242,-0.006257092307854336,-0.10651053976802945,-1.154755036158592,0.535575153928337,-3.0576590347994412,-2.267454921113983
21.0,Miscellaneous edible preparations,592293.0,-591271.0,8.0,12.0,9.0,43.0,2381.0,0.12,1.0,4.5,IRQ,Import,0.08738602314483865,-1.723166019011552,0.29860041265722104,-0.03758145187442698,0.5080889754790366,-0.5916170760544472,0.08818349060951745,-0.2815038339597785,-0.2150625390442477,-0.49467878698653955
34.0,"Soap, organic surface-active agents, washing preparations, lubricating preparations, artificial ...",585145.0,-583369.0,5.0,7.0,6.0,36.0,2597.0,0.16,1.0,4.5,IRQ,Import,0.10470944503613731,-1.1260811404747928,0.09359499003326918,-0.25229070019181127,0.5824809682166826,-0.5058641066773119,0.3894000556640907,-0.5909974114981812,-0.3634558072459286,-0.6425778528419654
96.0,Miscellaneous manufactured articles,584006.0,-583271.0,6.0,4.0,6.0,28.0,2530.0,0.36,1.0,4.5,IRQ,Import,0.31312560150399726,0.47841680572620887,0.33188148216643004,0.006445582706075961,-0.11264957494037958,0.25534443124687217,0.1810195044625576,-1.7133915756951148,-0.11620292985950584,-1.4874573426806699
64.0,"Footwear, gaiters and the like; parts of such articles",561320.0,-561077.0,10.0,-3.0,6.0,49.0,4882.0,0.48,1.0,4.5,IRQ,Import,0.14922575811805253,0.7873735535500793,0.3315900347081396,-0.29972729733525777,-0.1865804103769324,0.3069623834641699,-0.1818943538149559,-0.2378825935529406,-0.5919528800514494,-0.5569057287900396
44.0,Wood and articles of wood; wood charcoal,499831.0,-499629.0,12.0,-12.0,5.0,52.0,3805.0,0.23,1.0,4.5,IRQ,Import,0.11531248080797586,-0.37844471578691224,0.10063831538571735,-0.3290152745806232,0.33304150039678093,-0.25110476125482245,0.21226356702613744,-0.5039707407832973,-0.31643548320801557,-0.09353869427962855
95.0,"Toys, games and sports requisites; parts and accessories thereof",483318.0,-483244.0,16.0,-22.0,9.0,44.0,4966.0,0.52,1.0,4.5,IRQ,Import,0.3847187555041696,1.1766179835034725,0.6951709398532104,-0.21613045753200352,-0.7537277129530896,0.8123966270688181,-0.5746309499636505,-0.7714287063072985,-0.10480918554339444,-0.8923431165521343
23.0,Residues and waste from the food industries; prepared animal fodder,480983.0,-480409.0,13.0,-34.0,11.0,50.0,1532.0,0.5,1.0,4.5,IRQ,Import,-0.04248294311612699,-0.9956040780793914,0.9504718301414873,0.8169011336225773,0.08025342672896227,-0.33302084849197067,-0.7284282722680034,-0.14705638160959586,-1.3945647691293028,-0.9403324848770669
57.0,Carpets and other textile floor coverings,473312.0,-472395.0,12.0,-2.0,3.0,8.0,3375.0,0.38,1.0,4.5,IRQ,Import,0.4210344893689831,0.14884794160541032,0.5171342423032353,-0.8151329959667184,0.4421339276543265,-0.06344844590359786,0.41164351555720985,-0.9727962300249149,-1.020566643470939,-1.0273555836518822
54.0,Man-made filaments; strip and the like of man-made textile materials,461730.0,-459525.0,31.0,21.0,5.0,30.0,3532.0,0.37,1.0,4.5,IRQ,Import,0.5548158150595193,0.05657353331264867,1.0781176667243642,-0.5152459012445245,0.2734626290027855,-0.08449075814621962,-0.06656840558510697,-0.9685912396686751,-0.7920670937455907,-0.18628980218628532
38.0,Miscellaneous chemical products,446920.0,-427772.0,10.0,1.0,8.0,70.0,3263.0,0.12,1.0,4.5,IRQ,Import,-0.04262628992791911,-1.046831787237298,0.013740786343452547,0.13516118143305614,0.2511213566163922,-0.38923235757461855,0.03885900342197493,-0.3918567904582784,0.209333268208603,0.052760011123104536
68.0,"Articles of stone, plaster, cement, asbestos, mica or similar materials",414312.0,-414243.0,10.0,5.0,5.0,35.0,1872.0,0.27,1.0,4.5,IRQ,Import,0.199660411496569,-0.28400085408658216,0.3326401183355273,0.08530893822421119,0.33577434989331817,-0.23271738997043045,0.3192529499848055,-1.5268550871829722,-0.3863128818804606,-0.972652304416785
63.0,Other made-up textile articles; sets; worn clothing and worn textile articles; rags,406784.0,-405832.0,-2.0,-5.0,-1.0,28.0,4552.0,0.37,1.0,4.5,IRQ,Import,0.06536213364720005,0.8850914179829811,-0.3880729063922043,-0.9145816162779273,0.5284901640898291,-0.04517383926885286,0.8773695414251669,-0.7110183532121831,-0.8708679890020393,-0.7560052122122337
70.0,Glass and glassware,401952.0,-401516.0,8.0,5.0,6.0,42.0,2574.0,0.21,1.0,4.5,IRQ,Import,0.17239005407232724,-0.32411411905883797,0.15779213628910688,-0.022145952345064116,0.19413701033534508,-0.12424419359433973,0.28693856610685964,-1.319929368479983,0.038884711883388615,-0.8077707749694248
9.0,"Coffee, tea, maté and spices",365260.0,-364555.0,13.0,16.0,8.0,39.0,3446.0,0.26,1.0,4.5,IRQ,Import,0.10808175731145607,-1.2802430344815725,0.5626235051655702,-0.35642684992988594,0.5202904718214522,-0.49169009910095346,-0.0645430876194339,0.2836977035722873,-0.8136118418204982,-0.2572843534827587
32.0,"Tanning or dyeing extracts; tannins and their derivatives; dyes, pigments and other colouring ...",325663.0,-325127.0,14.0,11.0,3.0,56.0,1941.0,0.2,1.0,4.5,IRQ,Import,-0.027147446299786708,-0.8373942931800866,0.16652210658875757,0.1542705368860278,0.8184857132411646,-0.7699595328144668,0.4555600249280166,-0.9458985176719508,-0.7337520834489525,-0.03587883779722735
31.0,Fertilisers,324516.0,-324217.0,21.0,-6.0,19.0,58.0,1058.0,0.29,1.0,4.5,IRQ,Import,0.1440795059897034,-2.1226868461613613,1.417964597515483,1.1577547172270257,-0.4077677960306347,-0.16654516138258532,-1.3066207252933648,-0.30821068343301306,-0.05450127576694425,-0.9112429786538713
18.0,Cocoa and cocoa preparations,288984.0,-288772.0,15.0,23.0,6.0,42.0,1720.0,0.33,1.0,4.5,IRQ,Import,0.02696613937667199,-1.0812832762547688,0.6840077737028101,0.22828484211053873,0.7077040396192331,-0.7033148895010202,0.04329597755198443,-0.4583735508919509,-1.2378944044042255,-0.4776700471770223
29.0,Organic chemicals,271906.0,-248977.0,19.0,-13.0,8.0,72.0,3251.0,0.16,1.0,4.5,IRQ,Import,0.01009961773897347,-1.1075739103400457,0.3254091179422934,0.13746473658863714,0.28825089385589064,-0.44228416285499217,-0.14550752702729966,-0.31853686863168584,-0.09975033656787988,0.38269554631416514
82.0,"Tools, implements, cutlery, spoons and forks, of base metal; parts thereof of base metal",268737.0,-265244.0,-1.0,-13.0,5.0,46.0,4406.0,0.3,1.0,4.5,IRQ,Import,0.048400691345532,0.5817428461434894,-0.2553768352747827,-0.37447109041443427,-0.11019201154884094,0.29795975672798203,0.31407757066945763,-0.8572404038967568,0.12731757316109896,-0.8576371980069315
55.0,Man-made staple fibres,265385.0,-265384.0,16.0,9.0,3.0,36.0,4586.0,0.48,1.0,4.5,IRQ,Import,0.23370866414701358,0.7646210412137444,0.5101990682475687,-0.606506270415198,0.21356603069979033,0.0821127338469095,0.10632466539321292,-0.43592345734849564,-1.0593321337482844,-0.39055545344052867
83.0,Miscellaneous articles of base metal,265222.0,-259724.0,4.0,-16.0,6.0,52.0,4406.0,0.38,1.0,4.5,IRQ,Import,0.06275169579916666,0.759976741175955,0.001544297668648271,-0.16326289228971178,-0.2723875863637743,0.38662562261468336,0.024164597920742468,-0.7963221073330978,-0.029363769591210558,-0.7768341510062511
22.0,"Beverages, spirits and vinegar",257687.0,-240117.0,4.0,4.0,6.0,65.0,2474.0,0.1,1.0,4.5,IRQ,Import,-0.21565824861919444,-1.399573489909196,-0.1842480457715363,0.1757005821149376,0.6659454195727929,-0.736270088251106,0.3600872183046645,-0.3499090219039407,-0.21255131052788945,-0.06254637379953495
74.0,Copper and articles thereof,226363.0,-170966.0,43.0,28.0,12.0,60.0,1712.0,0.23,1.0,4.5,IRQ,Import,0.569440032200878,-0.7647698665572007,1.5718793894428444,0.6391608196466093,-0.25925394766018633,-0.023024768015826563,-0.7635914365519537,-1.7669593901502234,0.34634037926954964,-0.025962116368724204
88.0,"Aircraft, spacecraft, and parts thereof",216609.0,-177985.0,16.0,186.0,-3.0,59.0,8415.0,0.58,1.0,4.5,IRQ,Import,0.2110106875622757,3.160245520066887,0.127415663517427,-1.2979259472719467,0.08846005096505474,0.5502769095221323,0.5842167378007733,0.029839618946829582,-0.4412754919248418,0.42219938675341195
1.0,Live animals,195192.0,-194072.0,4.0,26.0,4.0,33.0,6683.0,0.26,1.0,4.5,IRQ,Import,0.05038345171670944,-0.47273171297841377,-0.06659700561767294,-1.5592141941456161,0.6270145283144392,-0.24933977689601045,0.4040941225595064,1.2994272533245663,-0.796657158318009,0.1830282499585392
60.0,Knitted or crocheted fabrics,191707.0,-191201.0,17.0,5.0,4.0,36.0,5512.0,0.68,1.0,4.5,IRQ,Import,0.23150688553606757,1.495233281447329,0.7691083494157155,-0.6031284471834388,-0.1394707864885415,0.44644877966810353,-0.28598575950173183,-0.013598752077242749,-1.4377056984163092,-0.5506933323322845
25.0,"Salt; sulphur; earths and stone; plastering materials, lime and cement",171378.0,-168755.0,5.0,5.0,14.0,69.0,921.0,0.54,1.0,4.5,IRQ,Import,-0.3644769441310427,-1.0967312160333929,0.9003189230545814,1.5604167140223555,-0.13852811272569365,-0.31465192074257425,-1.0017424519206537,0.06233623180592014,-1.1663095153293663,-1.2240404143489787
42.0,"Articles of leather; saddlery and harness; travel goods, handbags and similar containers; articles ...",151961.0,-151930.0,4.0,-16.0,7.0,56.0,5305.0,0.61,1.0,4.5,IRQ,Import,-0.14992048393128452,0.7646800488239152,0.31336769137625714,-0.14696055123550497,-0.2156126786818642,0.29693864165963085,-0.4383122884402183,0.6314041174439228,-1.1711701880327152,-0.580236284754736
16.0,"Preparations of meat, of fish, of crustaceans, molluscs or other aquatic invertebrates, or ...",97597.0,-97550.0,0.0,9.0,4.0,60.0,2925.0,0.13,1.0,4.5,IRQ,Import,-0.2915998991007835,-1.1896559012192924,-0.3522096361711148,-0.08264726827630689,0.8362026912157552,-0.7769051668635233,0.5758446364869635,-0.1251738773333983,-0.4893455798469945,-0.06437143180594551
58.0,Special woven fabrics; tufted textile fabrics; lace; tapestries; trimmings; embroidery,95165.0,-94665.0,18.0,7.0,2.0,29.0,5313.0,0.62,1.0,4.5,IRQ,Import,0.27580039044253507,1.3907763613775144,0.6899466159968879,-0.8263790258669408,0.11708616367996985,0.29492639905781176,0.010595746472990213,-0.24637707164009884,-1.4860978053658285,-0.4600218945169187
35.0,Albuminoidal substances; modified starches; glues; enzymes,94011.0,-87670.0,10.0,11.0,10.0,59.0,3153.0,0.16,1.0,4.5,IRQ,Import,-0.016409203074944225,-1.2249150216972489,0.3043131495899428,0.10111129511474655,0.15808657591443,-0.28699735515016195,-0.14892620023785452,-0.23846709026503385,0.11419955772016202,-0.26695800717259266
28.0,"Inorganic chemicals; organic or inorganic compounds of precious metals, of rare-earth metals, ...",89082.0,-88782.0,-1.0,26.0,17.0,95.0,1967.0,0.21,1.0,4.5,IRQ,Import,-0.49170198493015255,-1.8462761989789276,0.26838106635463393,1.4677974640351539,-0.31863863759794697,-0.3022798874299011,-0.8810782313624638,0.30607274924926303,0.4608216908850003,-0.6227693411331275
49.0,"Printed books, newspapers, pictures and other products of the printing industry; manuscripts, ...",87290.0,-79552.0,7.0,29.0,2.0,59.0,3268.0,0.15,1.0,4.5,IRQ,Import,-0.08354782909217981,-0.2952101430965341,-0.2540989670260907,-0.20924684691590933,0.6605327529768837,-0.4906142061186285,0.6989688964218937,-0.887894679660861,-0.15541476353163122,-0.00719117378907153
3.0,"Fish and crustaceans, molluscs and other aquatic invertebrates",77358.0,-77357.0,-8.0,58.0,5.0,87.0,2917.0,0.24,1.0,4.5,IRQ,Import,-0.6994005084410231,-1.0331420636661905,-0.5074709267837013,0.596917731364768,0.7928829693051253,-0.9055011360642627,0.35398919843016285,0.5770296439563853,-0.7129699601710031,0.0019502699306222662
91.0,Clocks and watches and parts thereof,77077.0,-74417.0,5.0,-5.0,6.0,51.0,2736.0,0.29,1.0,4.5,IRQ,Import,0.05100666336593821,0.3324794454674782,0.05494929528133388,0.22948187738191014,-0.1073910209210785,0.16627987882295636,0.18482647212333406,-1.5607148808601041,0.1700967097596685,-0.983433118431572
56.0,"Wadding, felt and nonwovens; special yarns; twine, cordage, ropes and cables and articles thereof",76389.0,-75703.0,19.0,1.0,3.0,67.0,2598.0,0.18,1.0,4.5,IRQ,Import,0.030840454406522687,-0.2928088617351909,0.13667432808493518,0.1363152389098062,0.5023904699715966,-0.4577977945573979,0.3764482836102854,-1.3307936729471534,-0.19858939841467327,0.2324185145970296
6.0,"Live trees and other plants; bulbs, roots and the like; cut flowers and ornamental foliage",48691.0,-48651.0,-1.0,45.0,4.0,45.0,2300.0,0.14,1.0,4.5,IRQ,Import,-0.2511881970274522,-1.501201987166352,-0.14341901769998747,-0.1338976466388783,1.0725193459678044,-0.9530012224165659,0.6753705893567623,-0.08601619246079587,-0.7811692161257425,-0.37741728204020863
59.0,"Impregnated, coated, covered or laminated textile fabrics; textile articles of a kind suitable ...",43479.0,-42400.0,13.0,0.0,4.0,71.0,4203.0,0.33,1.0,4.5,IRQ,Import,-0.06932262317358157,0.42154165801310783,0.052491711860556574,-0.019146492722916943,0.12964016292847413,-0.058495837392342036,0.10656976793907288,-0.5977238661288695,-0.3100580936170794,0.11067984901897297
89.0,"Ships, boats and floating structures",36174.0,-36174.0,104.0,-79.0,3.0,93.0,5732.0,0.72,1.0,4.5,IRQ,Import,1.1646908263840035,2.4328717578283796,2.841441555028946,-0.1603607645889955,-0.6564629901254135,0.6341439898751021,-1.5695696884912518,-1.8308165137221206,-1.304915240683433,2.76344382533773
52.0,Cotton,34746.0,-34537.0,16.0,82.0,2.0,83.0,3162.0,0.46,1.0,4.5,IRQ,Import,-0.23794076585092122,0.7473015466030953,0.31194575064414565,0.5924269904266596,0.4294804508926701,-0.3916841453254129,0.13294029320161416,-0.6521056118102031,-0.9277917324176198,0.17830313254789826
37.0,Photographic or cinematographic goods,29718.0,-29605.0,26.0,115.0,0.0,44.0,2938.0,0.36,1.0,4.5,IRQ,Import,0.18655435707643886,0.17545148946983524,0.7665866690584805,-0.27365428418280696,0.9671667779995401,-0.6594414689039444,0.5280213115171245,-0.8745304249972689,-1.2201402649565913,0.16890410994514996
26.0,"Ores, slag and ash",26771.0,-25939.0,6.0,44.0,10.0,65.0,943.0,0.79,1.0,4.5,IRQ,Import,-0.4516853731711795,-0.041374996201981824,1.1021141267580488,1.6412390484381592,0.049902582961902094,-0.32758136876564253,-0.905375615793556,0.10756033740599062,-2.192263146060878,-1.367988235193436
92.0,Musical instruments; parts and accessories of such articles,21238.0,-21225.0,25.0,18.0,6.0,46.0,1619.0,0.84,1.0,4.5,IRQ,Import,0.17252225777663666,1.6299163502963552,1.4792575231784948,1.0432633866737282,-0.3423935273412794,0.3539094282428352,-0.725636545923579,-1.6086519294631096,-1.763946164130324,-1.346584276879821
67.0,Prepared feathers and down and articles made of feathers or of down; artificial flowers; articles ...,19836.0,-19775.0,2.0,-8.0,8.0,45.0,6034.0,0.84,1.0,4.5,IRQ,Import,-0.07215326351928102,1.8564847712407528,0.6032416701090735,-0.16676283525946892,-0.7110451671245678,0.8735921714040007,-0.7613443826902779,0.6399715718510717,-1.399611188676562,-1.2326068294620285
13.0,"Lac; gums, resins and other vegetable saps and extracts",17912.0,-15993.0,11.0,7.0,9.0,58.0,1712.0,0.41,1.0,4.5,IRQ,Import,-0.2195489225183858,-1.1464775603615296,0.7053703613037169,0.7145330877434121,0.40823428872985884,-0.5842544887955329,-0.3867054980819781,-0.01172185155478614,-1.2750894164790187,-0.5570146783845926
93.0,Arms and ammunition; parts and accessories thereof,15793.0,-15793.0,-40.0,291.0,11.0,58.0,4381.0,0.45,1.0,4.5,IRQ,Import,-0.6302550024103013,1.0315648486146636,-0.5194578520316552,0.690796583383287,-0.4193408233955732,0.4669387440357852,0.24491549600149787,0.36341465253483324,0.8830257471786356,-2.5948888178493807
65.0,Headgear and parts thereof,15053.0,-15025.0,-2.0,-12.0,12.0,67.0,5466.0,0.5,1.0,4.5,IRQ,Import,-0.18967681464835126,0.5465385396331963,0.17103333927152028,0.1488431196624461,-0.781420189840089,0.6671346496583724,-0.7310861486119418,0.49223268345510224,-0.013395388522029978,-0.8825113311199559
47.0,Pulp of wood or of other fibrous cellulosic material; recovered (waste and scrap) paper or ...,13507.0,36227.0,45.0,-42.0,6.0,80.0,2020.0,0.73,1.0,4.5,IRQ,Import,0.1111729097745371,0.7017852405053023,1.6565218936276591,1.1184520776117568,-0.05663622962729508,-0.14824980343447555,-1.0450168351639564,-0.951872883653132,-2.0202316884273284,0.3643035798221427
86.0,"Railway or tramway locomotives, rolling stock and parts thereof; railway or tramway track fixtures ...",10245.0,-10141.0,16.0,-50.0,8.0,104.0,2470.0,0.47,1.0,4.5,IRQ,Import,-0.2820091846526202,0.7202841411098759,0.28608321198259545,1.4057078072165021,-0.5198851584140355,0.18100474516548434,-0.6384767090549361,-1.2793671179577826,-0.17506136670634412,-0.14551851470465144
75.0,Nickel and articles thereof,7726.0,-7726.0,11.0,46.0,16.0,61.0,4810.0,0.39,1.0,4.5,IRQ,Import,0.14012749055854626,-0.010102052193535436,0.838340918791137,0.26320013388401864,-0.9558138813109044,0.7196431116475613,-1.026998213075908,0.03490448445435765,0.6819502622207113,-0.8919156336036098
46.0,"Manufactures of straw, of esparto or of other plaiting materials; basketware and wickerwork",5725.0,-5711.0,-6.0,37.0,4.0,47.0,2184.0,0.56,1.0,4.5,IRQ,Import,-0.3656096842002457,0.34210810364645594,0.1279760856752152,0.5509566581256434,0.40521313666033304,-0.2891776518083121,0.18466016172605856,-0.4079488724661554,-1.495435799665085,-1.3448091160471771
36.0,Explosives; pyrotechnic products; matches; pyrophoric alloys; certain combustible preparations,5542.0,-5528.0,-8.0,-68.0,10.0,105.0,5281.0,0.22,1.0,4.5,IRQ,Import,-0.6153761435635413,-0.4834034797113495,-0.7833666047170306,0.36540744267616565,-0.3246979043509918,0.04352396397325412,-0.315973165540125,0.7708446738173056,0.42377447681928326,0.21745422364448103
66.0,"Umbrellas, sun umbrellas, walking sticks, seat-sticks, whips, riding-crops and parts thereof",5067.0,-5049.0,-21.0,20.0,7.0,71.0,5338.0,0.62,1.0,4.5,IRQ,Import,-0.6002565088879125,1.3335372692444594,-0.5269509802170743,0.32354713674789803,-0.44552354726109333,0.49708240349109,-0.16575220357318768,0.6279219479038812,-0.6047510790854465,-1.3018050870594884
79.0,Zinc and articles thereof,4476.0,-1930.0,18.0,-27.0,6.0,86.0,1425.0,0.28,1.0,4.5,IRQ,Import,-0.12435505822234752,-0.02638242962705315,0.25436696995885194,1.0923427352907509,0.009950150050135454,-0.22501485930848394,-0.10404709412528342,-1.8256965707733002,-0.030746957699947085,-0.14439401068357616
81.0,Other base metals; cermets; articles thereof,3838.0,-3830.0,41.0,-7.0,11.0,77.0,3776.0,0.14,1.0,4.5,IRQ,Import,0.4874680572372756,-0.35001753533461966,1.0315644884291604,0.1592019838105962,-0.47287744487920097,0.24474539258350927,-0.6570785743831412,-1.419982700268408,0.9776223732306819,0.6425011488835528
45.0,Cork and articles of cork,2541.0,-2538.0,21.0,140.0,5.0,56.0,1415.0,0.81,1.0,4.5,IRQ,Import,-0.12200684859085337,0.912135161854527,1.4754201809970924,1.190376778359484,0.3434641274797958,-0.3466605087453976,-0.4930736152766586,-0.5689429534932802,-2.2354865906322083,-0.9435629637920405
51.0,"Wool, fine or coarse animal hair; horsehair yarn and woven fabric",2302.0,-1764.0,47.0,-20.0,1.0,92.0,3024.0,0.43,1.0,4.5,IRQ,Import,0.1491192984063697,0.6461936346421685,0.9523932683590492,0.4712562039407529,0.3933407775078868,-0.42646357821366987,-0.22872849811518073,-1.3227877221951723,-1.1492789431992152,1.3697875091192333
14.0,Vegetable plaiting materials; vegetable products not elsewhere specified or included,2235.0,-1400.0,-13.0,-7.0,18.0,51.0,1294.0,0.49,1.0,4.5,IRQ,Import,-0.49225320814164975,-1.7869784612896025,0.626674899826674,1.3061412065850722,-0.3042613430120875,-0.1538669057958663,-1.0574990277260932,0.7762401659151856,-0.8954762827450448,-2.0341767045117836
78.0,Lead and articles thereof,1724.0,15479.0,59.0,-2.0,8.0,75.0,3221.0,0.47,1.0,4.5,IRQ,Import,0.6141150834486416,0.6323107716295282,1.8750096449241733,0.46237298396745175,-0.37520948562740003,0.21285818868600673,-1.0001531835809532,-1.607773252056244,-0.46450513667235077,0.8336683653551291
53.0,Other vegetable textile fibres; paper yarn and woven fabrics of paper yarn,1660.0,-1656.0,3.0,18.0,8.0,93.0,2777.0,0.2,1.0,4.5,IRQ,Import,-0.39710696636209863,-0.5345274289280953,-0.21494962835906392,0.8423704454371259,0.06432898029312817,-0.30759761636816507,-0.039632537130009644,-0.5673416765975081,0.2991094698693099,-0.0922912000152045
50.0,Silk,1415.0,-1415.0,-15.0,-82.0,3.0,65.0,4992.0,0.55,1.0,4.5,IRQ,Import,-0.5433202652010849,0.9938866679825296,-0.7345682565633771,-0.05657370448909658,-0.01833315914177112,0.18421330176314285,0.16774104399083473,0.3380787781408976,-1.1518593892751958,-0.7815684030772235
80.0,Tin and articles thereof,1268.0,-1267.0,-26.0,24.0,14.0,85.0,3648.0,0.31,1.0,4.5,IRQ,Import,-0.6418708353908634,-0.10822243351067658,-0.6629261163944353,1.0449730891667712,-0.7776886833510805,0.44715433373485497,-0.3837492956698304,0.02198982998209941,0.9702576420680072,-1.6182207579287118
5.0,"Products of animal origin, not elsewhere specified or included",1257.0,-474.0,18.0,244.0,2.0,113.0,8530.0,0.51,1.0,4.5,IRQ,Import,-0.4101709776724786,1.394684943116498,0.21420153515468784,-0.46449813127224454,0.4447656529068049,-0.28354864537491414,-0.05136761753523468,2.1709290902126175,-0.7364242050805571,1.782262008163873
41.0,Raw hides and skins (other than furskins) and leather,468.0,16130.0,-61.0,-56.0,-1.0,110.0,1566.0,0.46,1.0,4.5,IRQ,Import,-1.7720192826392898,0.482600894959378,-2.5511190170577898,1.7184851178888672,0.669451004315549,-0.7424721036045576,1.1155248493545438,0.08450782237236384,-1.2500335341030093,-1.6032183631730064
97.0,"Works of art, collectors' pieces and antiques",416.0,4856.0,-11.0,-51.0,3.0,111.0,3554.0,0.19,1.0,4.5,IRQ,Import,-0.6332551476817279,0.8154649088246904,-1.3064840897302923,0.8351216905586788,-0.17092973792761373,0.05482318928501043,0.499436303877757,-1.3351626228957822,0.8007287248396607,-0.1286511141523865
43.0,Furskins and artificial fur; manufactures thereof,83.0,-83.0,-4.0,-40.0,-17.0,112.0,5967.0,0.33,1.0,4.5,IRQ,Import,-0.843957420588037,2.38501938095266,-2.126978826374291,-0.6719785137057548,1.5612470721221945,-0.9040463815865529,2.093933496907521,-0.5774104713612449,-1.5733223486629475,1.8290730661649788
84.0,"Nuclear reactors, boilers, machinery and mechanical appliances; parts thereof",5672450.0,-5604727.0,-2.0,45.0,6.0,58.0,5246.0,0.18,1.0,4.5,DZA,Import,0.849317983222571,0.5369395518378798,-0.7196229582979529,-0.3555920725252631,-0.2434750660162896,0.028523316665098962,0.30116062096010104,-0.48844232889171985,0.9146274988349284,-0.6626467611482633
87.0,"Vehicles other than railway or tramway rolling stock, and parts and accessories thereof",3555144.0,-3552028.0,3.0,98.0,8.0,62.0,3162.0,0.14,1.0,4.5,DZA,Import,0.538683474205841,-0.04631934738370685,-0.19573597864669423,0.3367795780165206,-0.11281966921051094,-0.1406539829473882,0.20386006610820034,-1.1530764918753436,1.023569809721165,-0.845489511035255
10.0,Cereals,3146193.0,-3145783.0,9.0,-18.0,13.0,17.0,5979.0,0.13,1.0,4.5,DZA,Import,0.8301083500608899,-1.6425450272148205,0.3575858392799731,-1.3801917775421766,-0.04661142537773052,-0.044372800707066395,-0.3565862683634415,1.1654372147432654,0.15347262546559348,-0.4872003597884663
39.0,Plastics and articles thereof,2593673.0,-2566531.0,9.0,-3.0,6.0,52.0,4691.0,0.13,1.0,4.5,DZA,Import,0.4474284173905533,-0.6207408119441846,-0.20435962525340728,-0.6160334552260005,0.2680542397301307,-0.31354512705316884,0.24339837631022332,-0.09007287175490161,0.14874155346038348,0.008399161848970249
85.0,"Electrical machinery and equipment and parts thereof; sound recorders and reproducers, television ...",2450279.0,-2426469.0,-3.0,41.0,7.0,72.0,6433.0,0.32,1.0,4.5,DZA,Import,0.24178891259003468,1.1185396010199928,-0.534121979868037,-0.3333686467291209,-0.5371139100954501,0.48359133427027334,-0.004926401630919527,0.02733298033271091,0.7548193880698101,-0.43596174862555237
30.0,Pharmaceutical products,1589794.0,-1585120.0,-4.0,21.0,10.0,58.0,2412.0,0.16,1.0,4.5,DZA,Import,-0.038543701748810194,-1.440117922413653,-0.13361478242884614,0.4119589970505296,0.27093407169090117,-0.5229801951542389,0.01663478219942046,-0.09095236216120102,0.0221865122108736,-0.8193006289698905
4.0,"Dairy produce; birds' eggs; natural honey; edible products of animal origin, not elsewhere ...",1441944.0,-1440617.0,9.0,-20.0,7.0,17.0,10147.0,0.22,1.0,4.5,DZA,Import,0.6215121334564386,-0.20240519192514034,-0.040517618363785333,-2.820774937372923,0.03386168323944483,0.4001240689479635,0.05154173011776945,2.2287909861342032,-0.1398701465934512,0.49018572372653646
73.0,Articles of iron or steel,1209180.0,-1180919.0,-6.0,-4.0,9.0,56.0,6138.0,0.3,1.0,4.5,DZA,Import,0.10734874318572427,0.4934396024212985,-0.38864348547655425,-0.5281558359017996,-0.5293177689766996,0.5477681145667761,-0.09613919904288581,0.20013903467973676,0.5874224906300907,-0.7511327160785565
72.0,Iron and steel,1198867.0,-73309.0,-3.0,10.0,12.0,59.0,5341.0,0.18,1.0,4.5,DZA,Import,0.1452345204461867,-0.2506765678839457,-0.18860242681720263,-0.24838067039890044,-0.5983889285778752,0.5109993003926463,-0.1819392846350043,0.006723568622964703,1.0744990758358057,-0.7437674014717945
12.0,"Oil seeds and oleaginous fruits; miscellaneous grains, seeds and fruit; industrial or medicinal ...",1014122.0,-1004682.0,56.0,-7.0,13.0,28.0,7209.0,0.35,1.0,4.5,DZA,Import,1.12029994414697,-0.724650090645122,2.0496172126527314,-1.5934744673733883,-0.32306995736610156,0.3428100537550074,-1.2289651372738772,0.9872397992685342,-0.4812742598023438,1.0305992354601516
17.0,Sugars and sugar confectionery,971476.0,-769925.0,9.0,19.0,15.0,23.0,7587.0,0.92,1.0,4.5,DZA,Import,0.29050012600579034,0.8299366289611031,1.4487656965041265,-0.7399450063870892,-0.9010732603362788,0.9365713207949548,-1.5760056852746929,2.4794100354463415,-1.82652025982264,-1.2396766811180382
90.0,"Optical, photographic, cinematographic, measuring, checking, precision, medical or surgical ...",872558.0,-869700.0,2.0,20.0,4.0,61.0,4405.0,0.13,1.0,4.5,DZA,Import,0.140663526768413,0.4518717005177929,-0.5237735425140657,-0.32564184482377634,-0.0025563835692989203,0.1180156931466265,0.568619821637717,-1.2175384020019915,0.838359603420833,-0.37022427026761634
15.0,"Animal, vegetable or microbial fats and oils and their cleavage products; prepared edible fats; ...",849045.0,-842224.0,10.0,-10.0,17.0,37.0,5930.0,0.16,1.0,4.5,DZA,Import,0.3766222516723874,-1.735043765668954,0.6423776269209931,-0.8668375172294602,-0.43166611397821364,0.2502366194316653,-0.8299048115896938,1.3062296575782635,0.5084202767785847,-0.3968825635351915
26.0,"Ores, slag and ash",820669.0,-797265.0,40.0,-13.0,10.0,32.0,4669.0,0.25,1.0,4.5,DZA,Import,0.7679287978523555,-0.9859528716549095,1.375832974573578,-0.8912375686341549,0.07118567232645807,-0.061485081281781775,-0.5795580354211628,-0.07087942643840962,-0.4103539067508889,0.3991937742028311
48.0,"Paper and paperboard; articles of paper pulp, of paper or of paperboard",801122.0,-749326.0,10.0,-14.0,5.0,51.0,2555.0,0.1,1.0,4.5,DZA,Import,0.14650807668118168,-0.9125636146728084,-0.0550583050440974,-0.09938812272436728,0.498905539796267,-0.4850545537362789,0.43524498544681706,-1.0616789052762494,-0.0012096030419917116,-0.24514267509632237
76.0,Aluminium and articles thereof,633386.0,-630526.0,10.0,31.0,12.0,51.0,4194.0,0.11,1.0,4.5,DZA,Import,0.3347820948298393,-0.6005643033590877,0.2954534118350112,-0.2068718526975717,-0.40686010450424354,0.2961449656474535,-0.22400343243945925,-0.7144996472457397,1.1533571724512852,-0.6251489738108731
29.0,Organic chemicals,615256.0,-572962.0,15.0,-10.0,8.0,59.0,4717.0,0.12,1.0,4.5,DZA,Import,0.172155441638458,-0.9828708298206819,0.14338369910399906,-0.5400855202473319,0.21159682413078926,-0.23922487076640506,-0.018288654615179582,0.09939290538047854,0.16050703784425552,0.3363224583887402
27.0,"Mineral fuels, mineral oils and products of their distillation; bituminous substances; mineral ...",569387.0,51418185.0,-21.0,-12.0,19.0,143.0,2283.0,0.21,1.0,4.5,DZA,Import,-1.9091082160403665,-2.6670092348205996,0.5296754916825792,3.3693554164735695,-1.3845544347473635,2.7227185941590077,1.989487751591469,1.2624175037834207,0.332095564745959,0.23132210962483793
44.0,Wood and articles of wood; wood charcoal,522131.0,-518879.0,3.0,22.0,5.0,51.0,3656.0,0.13,1.0,4.5,DZA,Import,0.017259006321231632,-0.652492654949994,-0.22478575170529763,-0.3488102298280942,0.4615479709430177,-0.36365625800081547,0.49171167969534973,-0.4845767583674462,0.05739547883650228,-0.29495341280615683
38.0,Miscellaneous chemical products,497456.0,-491421.0,2.0,13.0,8.0,65.0,3134.0,0.1,1.0,4.5,DZA,Import,-0.11543767013166782,-1.137773409523849,-0.19555333406624148,0.11746608556391766,0.30651282747952824,-0.4178044667160472,0.1930353069243733,-0.32876814467059295,0.2766870759230125,-0.2652272083230987
61.0,"Articles of apparel and clothing accessories, knitted or crocheted",485497.0,-485277.0,3.0,48.0,6.0,52.0,7158.0,0.5,1.0,4.5,DZA,Import,0.07713181670406673,1.2992724597946512,0.06691980820490398,-0.8454006487433084,-0.33194853804817853,0.5716871027257322,-0.13041533498852617,0.6811128304309326,-0.2998585306718438,-0.3813078420364624
7.0,Edible vegetables and certain roots and tubers,453361.0,-450639.0,17.0,25.0,7.0,40.0,4145.0,0.2,1.0,4.5,DZA,Import,0.2056235607396341,-1.2450290602711929,0.5189538788951732,-0.6803834868917481,0.5972366774369255,-0.5102534872537328,0.05491532413251407,0.35930580890135405,-0.6339260367984793,0.1256576384317365
9.0,"Coffee, tea, maté and spices",437974.0,-437678.0,9.0,52.0,8.0,33.0,8119.0,0.21,1.0,4.5,DZA,Import,0.29742080581629765,-0.4887299954812118,0.18394527564235405,-1.8749454374348382,0.1699705519014458,0.133258879444229,0.025411236421885263,1.6779417113978063,-0.03577921101048389,0.3174047592988458
40.0,Rubber and articles thereof,436060.0,-423558.0,-1.0,9.0,6.0,63.0,6696.0,0.33,1.0,4.5,DZA,Import,-0.11027636886161528,0.3809846496285429,-0.3438125075951147,-0.7751481019772674,-0.053991767710961786,0.1996932340584237,0.058467358421481305,0.8478334670923393,-0.11789848388022005,-0.0022347258417879717
32.0,"Tanning or dyeing extracts; tannins and their derivatives; dyes, pigments and other colouring ...",408989.0,-408479.0,9.0,26.0,3.0,47.0,2642.0,0.13,1.0,4.5,DZA,Import,0.030291407247665166,-0.9173104512083515,-0.0293399508796805,-0.2541892768703826,0.8431378216819491,-0.7061520335085321,0.6461739522383204,-0.7504950498999788,-0.4341078103266595,-0.13521801593598004
54.0,Man-made filaments; strip and the like of man-made textile materials,405990.0,-404841.0,17.0,39.0,5.0,32.0,7585.0,0.5,1.0,4.5,DZA,Import,0.4239231255150914,1.2371182711250255,0.5628584056814627,-1.455599308588028,-0.18368337977192206,0.578110235148475,-0.13650948028564527,0.602038878133945,-0.6026388813098356,-0.09108353834055795
99.0,Commodities not elsewhere specified,397763.0,-367177.0,-4.0,-18.0,8.0,48.0,4590.0,0.22,1.0,4.5,DZA,Import,0.11992338213246082,0.46013269506730264,-0.338733632342715,-0.31377922262415076,-0.478231582330145,0.564513725424061,0.16076488006403306,-1.0228325837939631,0.888821763753283,-1.087746565751654
33.0,"Essential oils and resinoids; perfumery, cosmetic or toilet preparations",397377.0,-395832.0,-2.0,28.0,6.0,64.0,1915.0,0.21,1.0,4.5,DZA,Import,-0.29894136327935683,-0.9917131811609791,-0.17938272634169417,0.5348260134896637,0.5724290056585102,-0.6613139870698037,0.3244807595337735,-0.5008182031238632,-0.4102903379186599,-0.5855184339113726
62.0,"Articles of apparel and clothing accessories, not knitted or crocheted",376882.0,-376261.0,0.0,23.0,3.0,55.0,7173.0,0.45,1.0,4.5,DZA,Import,-0.01806854806879939,1.4224800760303067,-0.3172238216711549,-0.9799525879089906,-0.11634902093978045,0.4487300710934022,0.22861624975915917,0.469651959948709,-0.344358543792309,-0.1857743214528222
8.0,Edible fruit and nuts; peel of citrus fruit or melons,361010.0,-224782.0,7.0,76.0,3.0,57.0,7210.0,0.2,1.0,4.5,DZA,Import,-0.016920814386430134,-0.1641240541055248,-0.2456420169497167,-1.3826243232927666,0.6187496726304913,-0.29941077454650084,0.4953922254702499,1.2712840110461892,-0.31283656402082527,0.7700943180068555
24.0,"Tobacco and manufactured tobacco substitutes; products, whether or not containing nicotine, ...",345864.0,-345856.0,10.0,26.0,3.0,38.0,1951.0,0.45,1.0,4.5,DZA,Import,-0.04821144813737351,-0.3657249296997578,0.5098192611601584,0.15723871799771033,0.7927680899928284,-0.650621778074295,0.25038971803931986,-0.4806934869841684,-1.7064230624034462,-0.68492915677323
94.0,"Furniture; bedding, mattresses, mattress supports, cushions and similar stuffed furnishings; ...",339258.0,-338098.0,-7.0,47.0,4.0,63.0,7322.0,0.52,1.0,4.5,DZA,Import,-0.10041390524536373,2.194195980321317,-0.46558211793690807,-0.6370842647314601,-0.5483757087411447,0.8391055300218355,0.12963736242192983,0.14427431426157244,0.11424920817790321,-0.6541359201833897
64.0,"Footwear, gaiters and the like; parts of such articles",305243.0,-305117.0,-3.0,49.0,6.0,62.0,7947.0,0.59,1.0,4.5,DZA,Import,-0.11305647135443972,1.8008088217578317,-0.12724575188757284,-0.7678701411673341,-0.5214125854290261,0.7613291546535373,-0.22919135959226544,1.0707725594601107,-0.36011428705580734,-0.40874712205069025
74.0,Copper and articles thereof,279446.0,-234673.0,4.0,44.0,12.0,56.0,3212.0,0.14,1.0,4.5,DZA,Import,0.0959322344644364,-0.7160155165555396,0.21643150033548192,0.23877464556483105,-0.3077063789502459,0.15300983055290657,-0.17734938720310905,-0.8128103174491961,0.9707580321189554,-0.900406896545413
70.0,Glass and glassware,271525.0,-225832.0,1.0,41.0,6.0,55.0,5662.0,0.25,1.0,4.5,DZA,Import,0.04380710954632563,0.4874904782339512,-0.23345227169660693,-0.6205574918821655,-0.11812781601059771,0.2951917740815952,0.24749608508139956,-0.18854557615250325,0.4493776035709749,-0.38584531304599984
83.0,Miscellaneous articles of base metal,264980.0,-264075.0,2.0,29.0,6.0,53.0,6368.0,0.37,1.0,4.5,DZA,Import,0.10254049033051187,1.1673056169222207,-0.12853138334443273,-0.7074194868738614,-0.3987386677173896,0.6194809065039606,0.06516340523895686,-0.15284815611687858,0.32510281753361986,-0.5201335082232367
60.0,Knitted or crocheted fabrics,248536.0,-248531.0,15.0,48.0,4.0,26.0,8388.0,0.68,1.0,4.5,DZA,Import,0.3983221053058422,2.0569012555578965,0.6679034783281641,-1.597136431805282,-0.3318556248441919,0.84646382432281,-0.2318112834902332,0.8731539408219389,-1.063895038657515,-0.33099771938473493
88.0,"Aircraft, spacecraft, and parts thereof",236194.0,-232961.0,29.0,-21.0,-3.0,56.0,7272.0,0.7,1.0,4.5,DZA,Import,0.34591032782580483,3.0504164810330803,0.4190191323525427,-1.0679141254315068,-0.13800616262876084,0.6605635975550359,0.10275273603372359,-0.5975791929269126,-1.3198893208567544,0.544392895003213
19.0,"Preparations of cereals, flour, starch or milk; pastrycooks' products",230213.0,-219375.0,0.0,57.0,9.0,72.0,1359.0,0.47,1.0,4.5,DZA,Import,-0.4793359582816201,-0.8283610197434087,0.4194449723321529,1.2423834158174216,0.36512697172065495,-0.6256822908803663,-0.33955482393505687,0.09933048287231969,-1.2247257618684884,-0.8771482677932384
21.0,Miscellaneous edible preparations,217984.0,-214299.0,6.0,27.0,9.0,74.0,2769.0,0.11,1.0,4.5,DZA,Import,-0.22950931009235032,-1.5177189988421549,0.0175513324178025,0.3743560851185686,0.4135110369229245,-0.6161140354477546,0.011384157915480928,-0.04430683220539938,0.06415479710598099,0.0018216687375391491
34.0,"Soap, organic surface-active agents, washing preparations, lubricating preparations, artificial ...",211568.0,-208750.0,-2.0,28.0,6.0,66.0,3100.0,0.12,1.0,4.5,DZA,Import,-0.2665376442539369,-0.9786069914964995,-0.3678976931781543,0.10357461312191613,0.5081514800543454,-0.5333309319119577,0.41969228674134074,-0.272001689306805,0.047079057222192904,-0.2573395137719383
55.0,Man-made staple fibres,200410.0,-194874.0,7.0,67.0,3.0,41.0,7661.0,0.52,1.0,4.5,DZA,Import,0.149501046581746,1.5586122479888835,0.14919843071278174,-1.311353851575817,-0.047015420511317886,0.49471892162833536,0.14119108232143368,0.7218585832056856,-0.6556675887366527,-0.1682812329355706
31.0,Fertilisers,194696.0,1165393.0,15.0,37.0,19.0,74.0,2107.0,0.13,1.0,4.5,DZA,Import,-0.023627011207019783,-2.261048493979703,0.967888080585529,1.0081135619036434,-0.40631018993693424,-0.11310578167291618,-0.9820071718498111,0.01521184085419037,0.7384236851599405,-0.4770906593449838
28.0,"Inorganic chemicals; organic or inorganic compounds of precious metals, of rare-earth metals, ...",194543.0,680155.0,5.0,-3.0,17.0,76.0,2704.0,0.09,1.0,4.5,DZA,Import,-0.1802985108931144,-2.160155911781547,0.3700895825326127,0.7468252728551422,-0.3030698364326661,-0.15471426689781673,-0.7037182254270756,0.21414918993257864,0.752597005530462,-0.44771378827345
23.0,Residues and waste from the food industries; prepared animal fodder,170521.0,-169528.0,-27.0,46.0,11.0,79.0,6829.0,0.29,1.0,4.5,DZA,Import,-0.666712571352565,-0.31382226124914714,-0.9355447993615205,-0.26622961336369033,-0.2574186317404086,0.18770763325527232,-0.1046436442413532,1.9616605047095643,0.3602766343757951,-0.6052674064240542
82.0,"Tools, implements, cutlery, spoons and forks, of base metal; parts thereof of base metal",167896.0,-167773.0,-5.0,53.0,5.0,59.0,6830.0,0.4,1.0,4.5,DZA,Import,-0.07155664439249428,1.4561743273203183,-0.3926216667286952,-0.6990998312227454,-0.36198909878228497,0.6246317499942406,0.19554509522121452,0.13036132698566924,0.2963049502811964,-0.5454422009513668
35.0,Albuminoidal substances; modified starches; glues; enzymes,151830.0,-151725.0,16.0,19.0,10.0,48.0,3427.0,0.1,1.0,4.5,DZA,Import,0.20286755712515087,-1.3784081853449763,0.4918764178115637,-0.26694155435304634,0.2133630204399587,-0.2727978015031466,-0.09286824121797524,-0.3428880188000768,0.2647559587778604,-0.14818193013246492
56.0,"Wadding, felt and nonwovens; special yarns; twine, cordage, ropes and cables and articles thereof",148505.0,-148197.0,1.0,15.0,3.0,42.0,3404.0,0.17,1.0,4.5,DZA,Import,-0.001444826684479749,-0.2637632552162918,-0.27901752861465184,-0.43387367426069956,0.5215584057155697,-0.2874406854863191,0.7036913176963756,-0.886839591894449,-0.1156800350448467,-0.5552918145446094
69.0,Ceramic products,145280.0,-135106.0,-15.0,11.0,5.0,70.0,5869.0,0.26,1.0,4.5,DZA,Import,-0.3501515589655139,0.6626708597938181,-0.9396253192944956,-0.3930117491420082,-0.13600109663884236,0.28472614600510404,0.4258414541230388,0.1103648534334746,0.4615396621632466,-0.523289959895494
96.0,Miscellaneous manufactured articles,138187.0,-133889.0,-1.0,49.0,6.0,71.0,7741.0,0.52,1.0,4.5,DZA,Import,-0.0624158605760113,2.1832950480796223,-0.2397380371481125,-0.5771216265638737,-0.7790109451531262,0.9884570155048191,-0.16874212201892289,0.266271493343457,0.360723884719692,-0.40767120860157263
1.0,Live animals,135399.0,-135360.0,-13.0,-34.0,4.0,38.0,2201.0,0.52,1.0,4.5,DZA,Import,-0.5149527838708434,-0.6795561034709857,-0.13157113047021216,0.23623979876958096,0.789400895014697,-0.6702954268742787,0.2590501443223673,0.4926705274861907,-2.170400025642287,-1.2434537196685462
71.0,"Natural or cultured pearls, precious or semi-precious stones, precious metals, metals clad ...",125645.0,-120667.0,75.0,-47.0,10.0,80.0,2650.0,0.32,1.0,4.5,DZA,Import,0.8609636291109554,-0.20094475145421417,2.2312824329109966,0.48998765243047465,-0.3800232627326631,0.05956798663335934,-1.242753039404821,-1.96107955328734,-0.1238529246915627,1.4458129408286395
25.0,"Salt; sulphur; earths and stone; plastering materials, lime and cement",117782.0,649725.0,-1.0,10.0,14.0,88.0,2853.0,0.11,1.0,4.5,DZA,Import,-0.4156820409875465,-1.810032110807943,-0.03279837912958675,0.8394986127544807,-0.08689019983393204,-0.31886606392012273,-0.41564703419570753,0.3156316317639278,0.5603270127610148,-0.2583105464606638
68.0,"Articles of stone, plaster, cement, asbestos, mica or similar materials",111206.0,-100504.0,-1.0,43.0,5.0,66.0,3589.0,0.11,1.0,4.5,DZA,Import,-0.14515583484913566,-0.20338893673313502,-0.45557059713085335,-0.015110946438594086,0.24511037603346514,-0.1821855711797004,0.5478943070791591,-0.9000016523728945,0.6007557935488961,-0.3593925004000595
95.0,"Toys, games and sports requisites; parts and accessories thereof",104514.0,-104333.0,-6.0,84.0,9.0,74.0,8273.0,0.67,1.0,4.5,DZA,Import,-0.1717449181758046,2.4778289385899215,-0.03758104694709362,-0.33786645340479776,-1.1170608210550421,1.2434033511349964,-0.5897901973952672,0.8983889891053216,0.23591387689107082,-0.7848205499938364
18.0,Cocoa and cocoa preparations,103134.0,-99256.0,4.0,34.0,6.0,68.0,3072.0,0.18,1.0,4.5,DZA,Import,-0.2781771445012173,-1.093370351857931,-0.08414503319097923,0.14929790724643083,0.6236671318498643,-0.6665435651742145,0.25757782607046265,0.032054630981068435,-0.3928607378990342,-0.00045942346767538863
63.0,Other made-up textile articles; sets; worn clothing and worn textile articles; rags,97556.0,-97186.0,-17.0,35.0,-1.0,79.0,6476.0,0.32,1.0,4.5,DZA,Import,-0.5296755383409449,1.4031580962299972,-1.3255409950765717,-0.5820380987064991,0.28874211408782746,0.05517726510326408,0.9214993608085366,0.2242250746518868,-0.07428952601381651,-0.055215102249701296
47.0,Pulp of wood or of other fibrous cellulosic material; recovered (waste and scrap) paper or ...,95983.0,-75125.0,18.0,-21.0,6.0,47.0,4748.0,0.33,1.0,4.5,DZA,Import,0.20604892009365583,0.014329996685267446,0.4436832060566337,-0.5778250650888836,0.07760760912752471,0.06412004810744648,-0.08467845005173096,-0.25197364410102835,-0.4653168028128992,-0.02946908633114948
42.0,"Articles of leather; saddlery and harness; travel goods, handbags and similar containers; articles ...",95320.0,-95197.0,-3.0,72.0,7.0,63.0,9074.0,0.86,1.0,4.5,DZA,Import,-0.2595208634787952,2.3073462183907876,0.25650518294523217,-0.7666007447266615,-0.6537362297001428,0.9109551180517256,-0.7008942938870337,2.2292505610429085,-1.2971371920563155,-0.4334611783464956
16.0,"Preparations of meat, of fish, of crustaceans, molluscs or other aquatic invertebrates, or ...",75358.0,-75129.0,7.0,23.0,4.0,69.0,9280.0,0.71,1.0,4.5,DZA,Import,-0.21260812090021153,1.7022042571336622,0.11463763366172139,-1.174411478684413,-0.17474378432067167,0.48382003524913336,-0.4192563270797882,2.3043323397270155,-1.4777598858947156,0.5732464049164062
52.0,Cotton,74512.0,-69827.0,5.0,-7.0,2.0,57.0,3809.0,0.17,1.0,4.5,DZA,Import,-0.07900261585302544,-0.12407498395641266,-0.3754653500813076,-0.387577210142272,0.5274928766266561,-0.32703647536456115,0.6623192474207205,-0.7819011733822714,-0.15899353568449423,-0.03902449819332368
89.0,"Ships, boats and floating structures",68937.0,-68852.0,-18.0,-45.0,3.0,75.0,2493.0,0.27,1.0,4.5,DZA,Import,-0.5338099267283322,0.5192089190275632,-1.076725176455307,0.6615525463953024,0.06135680138877867,-0.037280617360636044,0.6407819265692158,-1.3877566187289276,0.1284237375478313,-1.1024387113881047
59.0,"Impregnated, coated, covered or laminated textile fabrics; textile articles of a kind suitable ...",68331.0,-68264.0,6.0,11.0,4.0,57.0,7609.0,0.57,1.0,4.5,DZA,Import,-0.0130151649808369,1.6937023839194187,0.0280966629806769,-0.9474293469603865,-0.3053872232502142,0.6219165772068752,-0.12448175720758839,0.7400548764435656,-0.6747769535260759,-0.07222059967379946
79.0,Zinc and articles thereof,60452.0,-60428.0,22.0,98.0,6.0,40.0,2258.0,0.22,1.0,4.5,DZA,Import,0.37005837763409954,-0.12190165384867642,0.7989754673074848,0.04694327928013206,0.26008433766375855,-0.15014868780987636,0.22110584221592075,-1.7243758629144896,0.16541543104319253,-0.6028325748392186
11.0,Products of the milling industry; malt; starches; inulin; wheat gluten,56529.0,-44761.0,19.0,50.0,12.0,89.0,2484.0,0.15,1.0,4.5,DZA,Import,-0.2010735782815202,-1.803507315424207,0.6082162991064942,0.8016763228361097,0.26440752095595094,-0.665251122591302,-0.5248767446080325,0.15449102619675487,0.026495022433331974,0.42982806385956934
58.0,Special woven fabrics; tufted textile fabrics; lace; tapestries; trimmings; embroidery,53658.0,-53646.0,10.0,48.0,2.0,43.0,7036.0,0.43,1.0,4.5,DZA,Import,0.16312416830643947,1.3163107480526848,0.07382960357755915,-1.2629652144365957,0.09500969022254063,0.35167562279632286,0.3117344782884872,0.2584308032930983,-0.5037715251971319,0.008048549573222171
20.0,"Preparations of vegetables, fruit, nuts or other parts of plants",52272.0,-46868.0,-8.0,63.0,8.0,103.0,4498.0,0.12,1.0,4.5,DZA,Import,-0.6511322193706113,-0.9146840244237004,-0.7127914593446414,0.4147933391741169,0.29358516627398473,-0.5037095481574984,0.14733251602370626,0.7794225005073718,0.4298217862616279,0.3477933916078523
3.0,"Fish and crustaceans, molluscs and other aquatic invertebrates",40819.0,8564.0,-4.0,29.0,5.0,107.0,6449.0,0.15,1.0,4.5,DZA,Import,-0.6446786501262404,-0.518259997606074,-0.9078304331066477,-0.2714086756929223,0.4226227720645271,-0.47371685958390414,0.25893294456156485,1.4806249710358215,0.06971245926576619,1.1228041286187895
2.0,Meat and edible meat offal,37119.0,-34473.0,-45.0,304.0,6.0,126.0,6843.0,0.46,1.0,4.5,DZA,Import,-1.493584584307357,0.6606424697945146,-1.451732416018106,0.7451720782570286,0.40243474148251634,-0.4747862186451479,0.40520381978421016,2.996057439699843,-0.15203806917115403,-0.3163592117922911
13.0,"Lac; gums, resins and other vegetable saps and extracts",31309.0,-31153.0,14.0,66.0,9.0,45.0,3486.0,0.16,1.0,4.5,DZA,Import,0.08338887827350319,-1.4842831452861012,0.5805884365554451,-0.31667129731807997,0.5208616970466846,-0.516280715047965,-0.00922099105052036,0.2055921922247676,-0.2653844207932435,-0.11116276858327827
57.0,Carpets and other textile floor coverings,29037.0,-26639.0,-8.0,10.0,3.0,60.0,3200.0,0.45,1.0,4.5,DZA,Import,-0.3982885272196154,0.5577875957160902,-0.345218761589692,0.31472511805078607,0.2849230056551359,-0.15399473055646437,0.3625810496839642,-0.4701709476472894,-0.8816922861675766,-0.9229073498413833
37.0,Photographic or cinematographic goods,22077.0,-22076.0,2.0,52.0,0.0,55.0,3296.0,0.22,1.0,4.5,DZA,Import,-0.2155599018013683,-0.14419151572764916,-0.3519110098362274,-0.27010450892792065,0.9188965438296004,-0.6502593625134128,0.8885821805233043,-0.5795308875204355,-0.6669749592518914,-0.1045765665796757
6.0,"Live trees and other plants; bulbs, roots and the like; cut flowers and ornamental foliage",20992.0,-20973.0,0.0,21.0,4.0,65.0,1710.0,0.25,1.0,4.5,DZA,Import,-0.4589361541414714,-1.2463699200183813,-0.12970698313532067,0.4938427340738914,0.966541198248667,-0.9950250657082741,0.4219476004270409,-0.116038452738006,-1.1279414458681096,-0.2540679331332279
49.0,"Printed books, newspapers, pictures and other products of the printing industry; manuscripts, ...",19959.0,-19802.0,-9.0,12.0,2.0,114.0,2922.0,0.17,1.0,4.5,DZA,Import,-0.7991327758755142,-0.06653849096792629,-1.1336627313981462,0.930779852197529,0.5030003243159875,-0.6417782113443695,0.626204107796499,-0.5644266931639887,0.0840155298065684,0.30264293413720345
91.0,Clocks and watches and parts thereof,17458.0,-17416.0,0.0,113.0,6.0,90.0,5502.0,0.33,1.0,4.5,DZA,Import,-0.2505498187610095,1.2828411828111106,-0.3137069101227577,0.2133423534065064,-0.36013211223690156,0.38301045584205823,0.09452819256778956,-0.3877937370388026,0.7940600146330425,-0.19982891841986308
86.0,"Railway or tramway locomotives, rolling stock and parts thereof; railway or tramway track fixtures ...",13193.0,-12489.0,-39.0,-53.0,8.0,97.0,3025.0,0.21,1.0,4.5,DZA,Import,-0.9657849088365261,0.08613910673186666,-1.7143956591495177,1.109588047994255,-0.3759828989746235,0.14906257635227774,0.37736328402068164,-0.5687219820507424,0.8849885861252557,-1.468169206741611
65.0,Headgear and parts thereof,11288.0,-11221.0,-11.0,77.0,12.0,71.0,7473.0,0.56,1.0,4.5,DZA,Import,-0.30111132332448304,1.210448084292469,-0.042735690029159314,-0.207059242426302,-0.9123765979128894,0.9066166017659641,-0.6719715600765611,1.3898239418924376,0.23143018109448402,-0.8900064187309897
93.0,Arms and ammunition; parts and accessories thereof,11059.0,-11056.0,-33.0,-58.0,11.0,69.0,3386.0,0.27,1.0,4.5,DZA,Import,-0.6071190635244302,0.06036969594950111,-1.120578026249171,0.6974308869079547,-0.6746461127734033,0.5115243417848022,0.0439231790602675,-0.5597655102375632,0.8716310625108072,-1.9584917697545396
66.0,"Umbrellas, sun umbrellas, walking sticks, seat-sticks, whips, riding-crops and parts thereof",10119.0,-10119.0,-13.0,284.0,7.0,47.0,9017.0,0.89,1.0,4.5,DZA,Import,-0.22308236315548988,2.9362303965694143,0.429511189381357,-0.740478783334309,-0.579168376288788,1.0078421237176138,-0.3375273806929236,2.0727633224326425,-0.790113304690206,-1.3310156357326
67.0,Prepared feathers and down and articles made of feathers or of down; artificial flowers; articles ...,7955.0,-7955.0,13.0,77.0,8.0,66.0,9458.0,0.99,1.0,4.5,DZA,Import,0.009951681744606257,3.1205137602572917,0.8943056643613204,-0.6638366430385384,-1.0935713948167036,1.324096137188162,-1.15808501031349,1.7873707948464939,-1.2487291101422329,-0.2682271560840154
22.0,"Beverages, spirits and vinegar",5854.0,8449.0,-39.0,-74.0,6.0,198.0,2899.0,0.29,1.0,4.5,DZA,Import,-2.0276443445397305,-0.24740075860787927,-2.4111831893429674,2.721056717257971,0.0225223519030247,-0.7817017926940873,-0.009586688499127602,0.9845175879345095,0.04227413735252939,0.6091632161287652
78.0,Lead and articles thereof,5050.0,24449.0,46.0,69.0,8.0,63.0,2407.0,0.38,1.0,4.5,DZA,Import,0.5132524784160178,0.23818712181676252,1.624299630559364,0.5125740929234476,-0.11134135641675585,0.007347945512861123,-0.5938542758742584,-1.706080010899442,-0.20035957774687663,0.20508700461778212
53.0,Other vegetable textile fibres; paper yarn and woven fabrics of paper yarn,4701.0,-4698.0,10.0,-30.0,8.0,68.0,6903.0,0.33,1.0,4.5,DZA,Import,0.018751756664084504,0.4699024391907752,-1.541760029033058e-05,-0.7366752624945636,-0.40806555232410757,0.48375991868932144,-0.3121866953220465,0.5457119847290707,0.17300374252863202,0.2527276339571211
81.0,Other base metals; cermets; articles thereof,3745.0,-3744.0,17.0,25.0,11.0,78.0,3587.0,0.21,1.0,4.5,DZA,Import,0.08205485015330856,-0.15957108812187115,0.4313798671254169,0.46940026819917646,-0.4635476159985651,0.2450891058957478,-0.4370622615688329,-0.9872518589699991,0.876683958426995,-0.18587631124172213
80.0,Tin and articles thereof,3729.0,-3729.0,21.0,-26.0,14.0,60.0,1591.0,0.21,1.0,4.5,DZA,Import,0.23468754790163562,-0.9542167361942416,0.9014256484068448,0.8265423084762378,-0.5074838528452925,0.1664339569674217,-0.7149955448733596,-1.5534234572138288,0.6346502009260442,-0.7931917196444137
75.0,Nickel and articles thereof,3150.0,-3150.0,7.0,38.0,16.0,73.0,5671.0,0.19,1.0,4.5,DZA,Import,0.0792803441921806,-0.3379565008396614,0.3191606298643592,-0.013385618019423569,-0.9457440363277192,0.693107803616609,-0.7835809162391242,0.15831872246229778,1.4925219353910688,-0.43535617442506364
36.0,Explosives; pyrotechnic products; matches; pyrophoric alloys; certain combustible preparations,2993.0,-2993.0,-9.0,-1.0,10.0,131.0,4295.0,0.38,1.0,4.5,DZA,Import,-0.92435036106652,-0.05421895510352242,-0.6399422998790909,1.344484427024195,-0.3293146672775527,-0.1276955304816115,-0.5443192077517445,0.8242018961593963,0.038549058602031505,0.19792397564756534
51.0,"Wool, fine or coarse animal hair; horsehair yarn and woven fabric",2247.0,596.0,-2.0,120.0,1.0,93.0,7595.0,0.42,1.0,4.5,DZA,Import,-0.4321414475930676,1.6607556187874783,-0.6368561758919153,-0.5363530971768475,0.14064495146143857,0.12391490374459635,0.41366501247231474,0.9158194874540507,-0.1515673309588497,0.6008187431646632
41.0,Raw hides and skins (other than furskins) and leather,1942.0,10410.0,8.0,150.0,-1.0,89.0,2081.0,0.39,1.0,4.5,DZA,Import,-0.49019599301293765,0.48877054634403994,-0.03433331710235104,0.8760778658234268,0.9845417711406964,-0.9047485924160548,0.6649966662657576,-0.7735567001267034,-1.06173682026213,0.16396414398250772
14.0,Vegetable plaiting materials; vegetable products not elsewhere specified or included,1887.0,-1845.0,-10.0,129.0,18.0,57.0,4178.0,0.2,1.0,4.5,DZA,Import,-0.2847739499147087,-1.8523804741083854,0.3733093556498763,0.26689642116531165,-0.227203488328538,-0.07495603741833408,-0.6505235337710674,1.4124389887709936,0.5939806287868369,-1.1103750294648713
50.0,Silk,1863.0,-1846.0,51.0,4536.0,3.0,59.0,5011.0,0.97,1.0,4.5,DZA,Import,0.6214222338560086,6.5428189079151915,9.58213832835838,2.9616385394162803,5.546137427876703,-4.063132535777818,3.2364965905364578,4.506246653064992,3.700506923691377,-2.0295085853311137
46.0,"Manufactures of straw, of esparto or of other plaiting materials; basketware and wickerwork",1137.0,-1117.0,-21.0,167.0,4.0,77.0,5611.0,0.44,1.0,4.5,DZA,Import,-0.6631019914949048,0.9558352573323988,-0.6997145073212118,0.05574328875647883,0.23923411063464625,-0.0653603808838821,0.46324146569465946,0.9240307690697825,-0.2780440836378445,-0.7011327391059134
92.0,Musical instruments; parts and accessories of such articles,644.0,-643.0,-38.0,161.0,6.0,122.0,4613.0,0.3,1.0,4.5,DZA,Import,-1.1104929890721864,1.24152909710882,-1.6246308198635802,1.2315358035710684,-0.2925641228696931,0.13957133185153095,0.5153886120260229,0.0411670822514425,1.1860780204555368,-0.9668860536133642
45.0,Cork and articles of cork,401.0,12924.0,-4.0,9.0,5.0,98.0,1426.0,0.65,1.0,4.5,DZA,Import,-0.7962059439913165,0.5497425328889938,-0.018500111604992046,1.764164779006634,0.16704548067352618,-0.41489215382462646,-0.2790491235538729,-0.354722063531045,-1.5805343328723978,-0.7592081410999927
5.0,"Products of animal origin, not elsewhere specified or included",367.0,-367.0,-41.0,-62.0,2.0,133.0,1839.0,0.64,1.0,4.5,DZA,Import,-1.7843378543896573,0.2344379554088812,-1.6910259739739057,2.1676806989049466,0.5545050157876084,-0.8853696713176596,0.21762841365002228,1.026407978721897,-2.0743039732197843,-0.7090812078679929
97.0,"Works of art, collectors' pieces and antiques",106.0,975.0,-28.0,-16.0,3.0,156.0,939.0,0.56,1.0,4.5,DZA,Import,-1.4706113301879318,1.5566805833474275,-1.4973789385720921,2.9454354758985066,-0.25712754095426654,-0.22411763155171746,0.09901206078234856,-1.2507701002393345,-0.3276903893872068,-0.8284580270102465
43.0,Furskins and artificial fur; manufactures thereof,22.0,-22.0,-61.0,1388.0,-17.0,135.0,5770.0,0.33,1.0,4.5,DZA,Import,-1.837646774324194,3.826362166733389,-1.6563357080103727,1.0161282267072933,3.3234071466539756,-2.345942355327264,4.034994371651295,1.7962551581313522,0.7512327792898944,-0.3318740028838588
27.0,"Mineral fuels, mineral oils and products of their distillation; bituminous substances; mineral ...",12647170.0,-5274682.0,11.0,-16.0,19.0,43.0,2619.0,0.15,1.0,4.5,EGY,Import,1.9628989706959503,-2.3525530757988653,0.43046358606747254,0.7232435375794835,-0.6683992378121367,-0.25402238552499423,-0.7361373604585031,0.508075823718119,0.49524374976599095,-1.1953753042248936
84.0,"Nuclear reactors, boilers, machinery and mechanical appliances; parts thereof",6980602.0,-6541891.0,6.0,-3.0,6.0,49.0,5203.0,0.12,1.0,4.5,EGY,Import,1.2534010009290397,0.28257172141004727,-0.6193444836947098,-0.6063538881250893,-0.25755580589525634,-0.0009575653020463485,0.280331887712344,-0.7365966369356699,0.9578570178081502,-0.5002332449408838
10.0,Cereals,6382971.0,-6370467.0,8.0,-14.0,13.0,6.0,4407.0,0.24,1.0,4.5,EGY,Import,1.3016844706910597,-1.6675190721261952,0.4657154475000186,-0.8832253683775734,0.018600124764728485,-0.3489394761152668,-0.4656759488440524,0.8883293197862192,-0.4128724442002102,-1.1604036539860323
85.0,"Electrical machinery and equipment and parts thereof; sound recorders and reproducers, television ...",5096644.0,-2453257.0,-8.0,-14.0,7.0,54.0,6595.0,0.27,1.0,4.5,EGY,Import,0.6901732843907555,0.8582016647188432,-0.8034947137126766,-0.6467185350869816,-0.6093401037446516,0.5872326647696346,0.2534561968595271,0.062255157792422,0.7694786156547221,-0.7754899127072579
39.0,Plastics and articles thereof,4251115.0,-1956986.0,9.0,-28.0,6.0,38.0,4075.0,0.16,1.0,4.5,EGY,Import,0.7419707444584256,-0.7723245362555783,-0.10673920169968341,-0.5689609904024807,0.2606360459602796,-0.28059117826831503,0.35580325801325996,-0.2547325480422662,-0.14697852249228524,-0.3404937076568235
72.0,Iron and steel,4216427.0,-1886294.0,10.0,-18.0,12.0,29.0,3918.0,0.1,1.0,4.5,EGY,Import,0.9976450382159964,-0.908564462941118,0.24259633335046163,-0.4265490779472206,-0.41758952231087815,0.25647251087706996,-0.08320332517853325,-0.7452048596850258,0.9049075126117687,-0.998232816118318
30.0,Pharmaceutical products,3715576.0,-3362104.0,12.0,-4.0,10.0,37.0,4305.0,0.1,1.0,4.5,EGY,Import,0.7825185663680314,-1.3391117645366681,0.172550585015272,-0.635916281019802,0.12349167216777286,-0.313040770339646,-0.07594376377795004,0.10744903755200066,0.25048149398489905,-0.3316492070729079
87.0,"Vehicles other than railway or tramway rolling stock, and parts and accessories thereof",3548556.0,-3413984.0,-8.0,-3.0,8.0,63.0,5432.0,0.12,1.0,4.5,EGY,Import,0.44410843051593385,0.252364965396397,-0.8763810819780886,-0.3542795377908219,-0.4475909869052228,0.28667757643931935,0.22881207080253035,-0.4394712742123907,1.2772352997977139,-0.7092520369583044
15.0,"Animal, vegetable or microbial fats and oils and their cleavage products; prepared edible fats; ...",2484485.0,-2208564.0,21.0,5.0,17.0,16.0,6587.0,0.24,1.0,4.5,EGY,Import,0.9575151722993797,-1.4600913280896333,1.1320496349949354,-1.3352435321755258,-0.49761071030410764,0.35845153100610877,-0.9881603886691888,1.4044243190013694,0.21153419848522254,-0.4379854591663349
29.0,Organic chemicals,2305129.0,-2076006.0,9.0,-26.0,8.0,38.0,5754.0,0.16,1.0,4.5,EGY,Import,0.5268470787587219,-0.7693148936118873,-0.021383699549208757,-1.0973568860974303,0.09879906432971759,-0.068300860846181,0.03650368414538359,0.4992351153190654,0.06161202735074839,-0.08236221258020791
12.0,"Oil seeds and oleaginous fruits; miscellaneous grains, seeds and fruit; industrial or medicinal ...",1965752.0,-1453039.0,67.0,-38.0,13.0,17.0,6907.0,0.28,1.0,4.5,EGY,Import,1.5245561981180729,-1.0564290450950773,2.3132603067228614,-1.8233970969254814,-0.27522411956847936,0.2828022966210474,-1.2295689063466742,0.6090621382068107,-0.44296153772172464,1.2233688207856486
73.0,Articles of iron or steel,1922515.0,-1385769.0,-6.0,0.0,9.0,42.0,5459.0,0.13,1.0,4.5,EGY,Import,0.35056804358728577,-0.16829897264057528,-0.46685714358565467,-0.7376024587800439,-0.3203769207347399,0.36189090180182676,0.22378370796936753,-0.20542582767186823,0.9664059432350663,-0.8799845719644886
74.0,Copper and articles thereof,1699371.0,-1004996.0,25.0,0.0,12.0,26.0,3985.0,0.17,1.0,4.5,EGY,Import,0.8812185210015863,-0.6627907958129035,0.9367619803954048,-0.568190430040803,-0.40209352453032593,0.3534937273958624,-0.3822629476551814,-0.9836394117839484,0.6679368777305977,-0.6608745896154402
26.0,"Ores, slag and ash",1659230.0,-1609898.0,20.0,4.0,10.0,22.0,5546.0,0.28,1.0,4.5,EGY,Import,0.6912727128247321,-0.7530253033980843,0.7939958556912767,-1.1488354645308305,0.005922734270997063,0.0645312541519625,-0.3527428781012866,0.5372337792426247,-0.3417707284930036,-0.2747628628881515
48.0,"Paper and paperboard; articles of paper pulp, of paper or of paperboard",1315612.0,-916976.0,3.0,-20.0,5.0,37.0,4214.0,0.07,1.0,4.5,EGY,Import,0.29473877361926526,-0.7396239548452636,-0.33956461723208753,-0.8191482398979815,0.3817955547023424,-0.22437973115180807,0.5934288496420692,-0.535913223596343,0.24307946284027257,-0.37191705479361253
54.0,Man-made filaments; strip and the like of man-made textile materials,1300774.0,-937142.0,8.0,-6.0,5.0,11.0,7451.0,0.74,1.0,4.5,EGY,Import,0.4978473234239338,1.727638095945808,0.618633859106604,-1.438698214334691,-0.34858529999110693,0.7930277331961524,-0.2983090304519119,0.8787603510955182,-1.5179411950671418,-0.9927975498447302
44.0,Wood and articles of wood; wood charcoal,1276320.0,-1233612.0,2.0,-25.0,5.0,25.0,4075.0,0.15,1.0,4.5,EGY,Import,0.3304084535389273,-0.6756001384290713,-0.18618867336175637,-0.9008792401628989,0.41161667570246974,-0.21353469624010799,0.5220232721701018,-0.4359842526031052,-0.15400949704847838,-0.6775625559663534
2.0,Meat and edible meat offal,1209055.0,-1205550.0,-11.0,-21.0,6.0,30.0,7570.0,0.33,1.0,4.5,EGY,Import,0.027236342890869368,-0.3037010499071332,-0.502992771592493,-1.6348212676541447,0.26674431326233583,0.02855566645200486,0.23119782274316616,1.9278701356156132,-0.7645814887525322,-0.36939789131486345
90.0,"Optical, photographic, cinematographic, measuring, checking, precision, medical or surgical ...",1102990.0,-967241.0,11.0,-18.0,4.0,53.0,6287.0,0.1,1.0,4.5,EGY,Import,0.45376062841163883,0.6663676602450482,-0.41472100719373134,-1.129363801323546,-0.1926224007558443,0.4188842939745182,0.47017039265851135,-0.8985997488098143,1.03711884495545,0.12666801055844046
38.0,Miscellaneous chemical products,1080146.0,-817522.0,-1.0,-8.0,8.0,45.0,4784.0,0.08,1.0,4.5,EGY,Import,0.14965062634688703,-0.9798078036770955,-0.3306106197460866,-0.7217573758481852,0.18164758844994583,-0.13308641334519294,0.2945966697293367,0.1097938274785057,0.41981742739255,-0.37511222316400283
88.0,"Aircraft, spacecraft, and parts thereof",1058898.0,-1054629.0,189.0,112.0,-3.0,32.0,6335.0,0.23,1.0,4.5,EGY,Import,3.2497791467990704,1.5976652643484175,5.217121250236505,-2.5328971474874304,0.48771683713544545,0.0011634969290553155,-0.933453050128907,-3.8072288044757943,-0.5170642879073423,5.236185466311784
40.0,Rubber and articles thereof,907797.0,-764821.0,3.0,1.0,6.0,47.0,6037.0,0.12,1.0,4.5,EGY,Import,0.1928199441158921,-0.40308159246098474,-0.34829516225527374,-1.1149595632434095,0.17919378360956517,-0.003948358705341876,0.3625286075027386,0.31518010440698124,0.348265122237008,0.01636765910435237
28.0,"Inorganic chemicals; organic or inorganic compounds of precious metals, of rare-earth metals, ...",729344.0,203476.0,11.0,-26.0,17.0,44.0,4708.0,0.11,1.0,4.5,EGY,Import,0.3147733965787886,-1.8789202033540267,0.621958455556071,-0.4109921167192036,-0.4543981013420352,0.22613045785419267,-0.732137648230884,0.6178507165187462,0.7108479259668822,-0.47071063955948783
23.0,Residues and waste from the food industries; prepared animal fodder,715002.0,-478409.0,17.0,104.0,11.0,42.0,10084.0,0.48,1.0,4.5,EGY,Import,0.44623899728945815,0.7278598384023601,0.7917797635809899,-1.8346510010320425,-0.53230608833002,0.7801584002463591,-0.7249649361090964,2.3935694021814293,-0.12466543616199229,0.3641404258228772
76.0,Aluminium and articles thereof,699916.0,790.0,3.0,-24.0,12.0,49.0,3317.0,0.14,1.0,4.5,EGY,Import,0.19690878847484802,-0.7645853188992647,0.10586610217021114,0.07621245800136832,-0.4173187055908501,0.28864071500464356,-0.16973421113205556,-0.8859137876706122,0.8801997178950955,-1.0009580588614417
52.0,Cotton,689501.0,-166543.0,-1.0,-13.0,2.0,13.0,4346.0,0.17,1.0,4.5,EGY,Import,0.28519290556988225,-0.2331824011380012,-0.3023860459701559,-1.2454442392825738,0.5791612595568678,-0.12706237482948582,0.919985144813989,-0.6572848300409827,-0.32330020101137774,-0.8170396393763449
7.0,Edible vegetables and certain roots and tubers,667967.0,1052661.0,8.0,4.0,7.0,34.0,7782.0,0.19,1.0,4.5,EGY,Import,0.25789412740128165,-0.6309479556807045,0.036375691037583854,-1.8129450131347764,0.22162478516182513,0.14097564158742745,0.21389669230870265,1.5271732145609884,-0.19105015486339408,0.3906482380056105
17.0,Sugars and sugar confectionery,666610.0,-36009.0,25.0,7.0,15.0,28.0,8751.0,0.73,1.0,4.5,EGY,Import,0.5482825557491046,0.5411207681661176,1.6126125213415095,-1.3258344734694545,-0.9144661401486514,1.010641374281254,-1.533093735290781,2.359385290606137,-1.1396328013805632,-0.24812932222340542
9.0,"Coffee, tea, maté and spices",654460.0,-547151.0,7.0,-4.0,8.0,24.0,5737.0,0.23,1.0,4.5,EGY,Import,0.2718840526216075,-0.9990536093870598,0.25986319385450524,-1.307261385677222,0.33437365487237397,-0.12542747224157386,0.050829877679181554,0.9544896335715918,-0.5183841826838947,-0.25878010375077504
4.0,"Dairy produce; birds' eggs; natural honey; edible products of animal origin, not elsewhere ...",621363.0,-376835.0,2.0,-27.0,7.0,42.0,7136.0,0.09,1.0,4.5,EGY,Import,0.11570018984494589,-1.0522043291886154,-0.3667981832854395,-1.625755122418427,0.33863177476036127,-0.11767897118113725,0.2794609220262502,1.3674191090675962,0.03887395861410239,0.378872524583767
86.0,"Railway or tramway locomotives, rolling stock and parts thereof; railway or tramway track fixtures ...",620203.0,-620114.0,79.0,61.0,8.0,21.0,5425.0,0.26,1.0,4.5,EGY,Import,1.6268812811713191,0.44876217830586806,2.5600373391475024,-1.407724290515581,-0.293355547944231,0.5079393344819036,-0.7180989541391615,-1.7611242313316189,0.30996701590339226,1.0844160377458043
32.0,"Tanning or dyeing extracts; tannins and their derivatives; dyes, pigments and other colouring ...",563941.0,-263979.0,0.0,-21.0,3.0,38.0,4953.0,0.13,1.0,4.5,EGY,Import,0.0660330033074273,-0.5524581361736618,-0.4676555600296216,-1.0732005191500218,0.5830232625022911,-0.28646361273237997,0.7197219483995103,-0.0050678768100305225,-0.22698078088994947,-0.1449250274597185
60.0,Knitted or crocheted fabrics,551660.0,-469276.0,18.0,-2.0,4.0,15.0,7223.0,0.8,1.0,4.5,EGY,Import,0.49197278828150587,2.056991386127812,0.9605122247587893,-1.3316165113525136,-0.33982760276277774,0.8197715714193337,-0.40988940575026434,0.5393868519524664,-1.7301563516014866,-0.725484942906823
55.0,Man-made staple fibres,541023.0,-409141.0,-5.0,-28.0,3.0,23.0,7183.0,0.41,1.0,4.5,EGY,Import,0.17200037418149414,0.9900364926830992,-0.36547001695158815,-1.5913039759278025,-0.0007532385743662236,0.490033462259916,0.4248799189293692,0.503287922355478,-0.5542373222456682,-0.6959144106603398
3.0,"Fish and crustaceans, molluscs and other aquatic invertebrates",529383.0,-477034.0,-10.0,-13.0,5.0,37.0,3874.0,0.13,1.0,4.5,EGY,Import,-0.19493158508709857,-1.444300604607555,-0.535404829315797,-0.6974951995482915,0.8228454363389914,-0.6581984046725917,0.6421983024946285,0.5488671298499866,-0.6139068149213402,-0.5138289495315551
1.0,Live animals,449117.0,-396368.0,38.0,-42.0,4.0,14.0,8332.0,0.24,1.0,4.5,EGY,Import,0.8271524573036132,-0.3567693124324654,0.8699013926283135,-2.626331454675466,0.44519435136326857,0.059880272124518776,0.011807893284040904,1.1055127083800202,-0.8582970316711238,1.2139944375638314
8.0,Edible fruit and nuts; peel of citrus fruit or melons,428000.0,1787679.0,-6.0,-40.0,3.0,51.0,2838.0,0.12,1.0,4.5,EGY,Import,-0.3338957267374948,-1.4181042536244237,-0.5712808304692218,-0.22930357641538965,0.9332407544727775,-0.7323471259012541,0.8696885904266285,-0.016995865734275906,-0.7783791910990601,-0.21323404428706186
21.0,Miscellaneous edible preparations,357100.0,101687.0,9.0,-20.0,9.0,58.0,4204.0,0.1,1.0,4.5,EGY,Import,0.012514190694558728,-1.3890585981324048,0.049942304438578916,-0.37611105742150386,0.26134312447589936,-0.30978943224413885,0.009840092863415159,0.22507600858913726,0.10501186693654917,0.11351642940456419
24.0,"Tobacco and manufactured tobacco substitutes; products, whether or not containing nicotine, ...",336182.0,-226057.0,-18.0,13.0,3.0,40.0,2620.0,0.13,1.0,4.5,EGY,Import,-0.3688767274052206,-1.1118509519223096,-0.8146503911917231,-0.24470506787029275,0.9253983790332523,-0.7298760306510018,0.9851069608160328,-0.20638816267959484,-0.5125864257412854,-0.9704866041361272
83.0,Miscellaneous articles of base metal,322176.0,-311938.0,7.0,-7.0,6.0,42.0,5256.0,0.23,1.0,4.5,EGY,Import,0.278569787895928,0.4797256984497866,-0.053203292310394605,-0.7775390858216773,-0.21226827766033904,0.4246766506280687,0.22373582846299217,-0.7802337015774196,0.49597013727212697,-0.5285364707189473
94.0,"Furniture; bedding, mattresses, mattress supports, cushions and similar stuffed furnishings; ...",316079.0,-21062.0,-1.0,-11.0,4.0,67.0,5131.0,0.2,1.0,4.5,EGY,Import,-0.027713651177687055,0.8459012296291265,-0.6427882240315308,-0.3588948745209779,-0.2095219225072977,0.372270062767137,0.47209418715549073,-0.9884124669802045,0.7626979318480555,-0.3323171933873602
33.0,"Essential oils and resinoids; perfumery, cosmetic or toilet preparations",305221.0,397141.0,-2.0,-3.0,6.0,70.0,3395.0,0.09,1.0,4.5,EGY,Import,-0.27927828654819026,-1.042388797072729,-0.49109110465167527,0.040483553522026976,0.4484530586081583,-0.46497744946588776,0.44806374449153,-0.21129471755336396,0.13554655610111152,-0.07833048232692728
47.0,Pulp of wood or of other fibrous cellulosic material; recovered (waste and scrap) paper or ...,304147.0,-303937.0,9.0,-20.0,6.0,26.0,7356.0,0.2,1.0,4.5,EGY,Import,0.40693533274032495,0.07828316825373043,-0.01065429753556994,-1.819813837751432,-0.02356356023006937,0.4053305261930691,0.233010336543622,0.4486030340282867,0.19328511675745438,-0.049926951823293604
31.0,Fertilisers,283745.0,2174150.0,10.0,-6.0,19.0,61.0,3163.0,0.19,1.0,4.5,EGY,Import,0.016754341027665886,-2.0091055008726917,0.8632002180007,0.5641497822582399,-0.5810336493802783,0.21732302007830337,-0.9456925818319113,0.391720472567433,0.5565478416739128,-0.694058276077024
25.0,"Salt; sulphur; earths and stone; plastering materials, lime and cement",263432.0,1110803.0,12.0,-27.0,14.0,50.0,2922.0,0.1,1.0,4.5,EGY,Import,0.1041254543290448,-2.047287679085547,0.5774836560809913,0.0790834505541237,-0.03568900740681316,-0.16099361936488113,-0.4028511638705861,-0.028163734882115526,0.27977698373549215,-0.4133780705253507
34.0,"Soap, organic surface-active agents, washing preparations, lubricating preparations, artificial ...",247982.0,72754.0,-2.0,-3.0,6.0,60.0,4798.0,0.07,1.0,4.5,EGY,Import,-0.14025298235530745,-0.8436061755441471,-0.537297158413788,-0.581465610579398,0.35325866030627934,-0.25720523493493724,0.4702767495249362,0.12165843195832857,0.3378339961326669,0.0036219661150482967
96.0,Miscellaneous manufactured articles,224469.0,-946.0,3.0,71.0,6.0,53.0,6794.0,0.6,1.0,4.5,EGY,Import,0.09219923858575878,2.1486868329476905,0.20959861849286862,-0.5052694128886409,-0.6682219510646641,0.9344754276669046,-0.20020491828940581,-0.015495453738727608,-0.0978891846096819,-0.8295436804896779
70.0,Glass and glassware,189615.0,418950.0,1.0,-2.0,6.0,63.0,5254.0,0.25,1.0,4.5,EGY,Import,-0.05886071808881497,0.3929393940818213,-0.320778565534306,-0.3805299784674065,-0.16284450286567223,0.29382354715701303,0.21550680403185496,-0.32583761337736117,0.37556505968035586,-0.2928245846087158
62.0,"Articles of apparel and clothing accessories, not knitted or crocheted",176072.0,1453095.0,-12.0,-16.0,3.0,75.0,4794.0,0.18,1.0,4.5,EGY,Import,-0.42058217207401594,0.24320737073473983,-1.0240843814132907,-0.1798829731087927,0.17020955563683615,0.0254228583716078,0.7545653925414759,-0.3088366513980841,0.2920380402900328,-0.226891651330032
69.0,Ceramic products,171159.0,126906.0,1.0,-8.0,5.0,63.0,4678.0,0.14,1.0,4.5,EGY,Import,-0.054698628437128465,0.04365645873419773,-0.4879562092643363,-0.3921892710953613,0.05044995539949953,0.0750259515723839,0.4454331930451655,-0.6591406125825144,0.5594183359173568,-0.18669989984128013
71.0,"Natural or cultured pearls, precious or semi-precious stones, precious metals, metals clad ...",167234.0,1692122.0,4.0,-63.0,10.0,74.0,3434.0,0.41,1.0,4.5,EGY,Import,-0.2073270799786829,0.1276271029793654,0.15297697485469308,0.6768625977869396,-0.5406862368433534,0.4152610252223293,-0.4179350062921256,-0.5471594167513338,-0.11025157997416989,-0.6969339682629571
68.0,"Articles of stone, plaster, cement, asbestos, mica or similar materials",160594.0,440558.0,17.0,17.0,5.0,57.0,4923.0,0.17,1.0,4.5,EGY,Import,0.23021186872399105,0.14571392283588022,0.12250891004725188,-0.6006326901180574,0.05989979342123725,0.11919041488795501,0.2773122437669422,-0.7753581786614956,0.4161030324884312,0.19394485455465454
18.0,Cocoa and cocoa preparations,158461.0,24692.0,2.0,-11.0,6.0,58.0,4306.0,0.07,1.0,4.5,EGY,Import,-0.14391609637985817,-1.2432623234667113,-0.3560963060890396,-0.5365704405733697,0.5495006511658219,-0.4805627863867597,0.4150338850064828,0.22799139592553747,-0.0036327076083083037,0.14482672846483685
82.0,"Tools, implements, cutlery, spoons and forks, of base metal; parts thereof of base metal",146720.0,-102504.0,2.0,18.0,5.0,63.0,6297.0,0.32,1.0,4.5,EGY,Import,0.004859985380787046,1.116540911836422,-0.3240751032627606,-0.6273054645256781,-0.31291073886324455,0.5176619703828168,0.18246914651019006,-0.24666871040646626,0.427212585484917,-0.24215907370280487
35.0,Albuminoidal substances; modified starches; glues; enzymes,142055.0,-86705.0,2.0,-19.0,10.0,54.0,4648.0,0.09,1.0,4.5,EGY,Import,-0.016029033208563706,-1.1737979084179178,-0.13625633603870976,-0.4901235360505076,0.038567495328445764,-0.0679082521798607,0.007514507125722268,0.20169045610767078,0.48378200600499116,-0.23939173442169126
19.0,"Preparations of cereals, flour, starch or milk; pastrycooks' products",135933.0,198213.0,5.0,-35.0,9.0,90.0,3336.0,0.1,1.0,4.5,EGY,Import,-0.3756126599384987,-1.4599318985979706,-0.26774130376752203,0.4299723871462654,0.2575955088716795,-0.5176684070887158,-0.07846210837482019,0.15356970550345,0.13884108966302855,0.3804543236448054
56.0,"Wadding, felt and nonwovens; special yarns; twine, cordage, ropes and cables and articles thereof",114845.0,-19709.0,-2.0,-21.0,3.0,49.0,4202.0,0.21,1.0,4.5,EGY,Import,-0.09543750061270134,-0.0007197893194205149,-0.48218095696587615,-0.5121821151360338,0.3518623172398399,-0.119514866885807,0.6147563224086383,-0.577976268468576,-0.14250823224017062,-0.43512191194017563
61.0,"Articles of apparel and clothing accessories, knitted or crocheted",113716.0,705055.0,-14.0,-17.0,6.0,97.0,5124.0,0.28,1.0,4.5,EGY,Import,-0.6200090455731402,0.42950079201531544,-0.9941155559000925,0.3278939327738083,-0.20325782343887647,0.15652902629670104,0.20904169683558535,0.17936293057905442,0.35290038802131146,-0.1823687196950064
64.0,"Footwear, gaiters and the like; parts of such articles",112215.0,-65853.0,-2.0,1.0,6.0,87.0,6951.0,0.29,1.0,4.5,EGY,Import,-0.2685226695501104,0.8536468479746739,-0.6453041715629751,-0.4415687009710632,-0.3517581110435105,0.41430890237561363,0.03592649613819203,0.4581969101827297,0.5277053055334471,0.25179942224531254
49.0,"Printed books, newspapers, pictures and other products of the printing industry; manuscripts, ...",109537.0,-67878.0,23.0,-39.0,2.0,52.0,3424.0,0.33,1.0,4.5,EGY,Import,0.1644949480152906,0.12806425831035975,0.3835754830419313,-0.2909554284900007,0.45512125005581683,-0.2755509254147815,0.23134366707160692,-0.9852864138929979,-0.9003234589450231,0.19804484444533188
89.0,"Ships, boats and floating structures",108256.0,-93697.0,26.0,15.0,3.0,59.0,8037.0,0.55,1.0,4.5,EGY,Import,0.3935843700894693,2.3571252680604107,0.48482166261465515,-1.1432854936468966,-0.5409644080853326,0.9036275118238962,-0.22988063030345068,-0.13283021930545755,-0.23456941850026852,0.45535117208314363
79.0,Zinc and articles thereof,97766.0,-97099.0,5.0,-25.0,6.0,34.0,4317.0,0.15,1.0,4.5,EGY,Import,0.25528641790192746,-0.05240649560450111,-0.1044087815498337,-0.7425338613830078,-0.026700554086646736,0.24769457315513285,0.38724166645697866,-1.0779690928816512,0.5054689693749602,-0.7149338518162094
16.0,"Preparations of meat, of fish, of crustaceans, molluscs or other aquatic invertebrates, or ...",90571.0,-80219.0,-9.0,-69.0,4.0,63.0,7352.0,0.62,1.0,4.5,EGY,Import,-0.45547376824441455,0.9607048446928068,-0.4761910114468757,-0.776147175891191,-0.02773065404224109,0.26081149247717905,-0.13773415039493983,1.7784087492461889,-1.5363527108729746,-0.13790721424090915
95.0,"Toys, games and sports requisites; parts and accessories thereof",83527.0,-76347.0,-5.0,-10.0,9.0,78.0,6974.0,0.58,1.0,4.5,EGY,Import,-0.21521165104922677,1.9042573887929082,-0.21772071803554235,-0.05384688272536244,-1.0617451195069456,1.0779703024501448,-0.5632255514411663,0.31915544889571595,0.2432564904894194,-0.7362749839078002
22.0,"Beverages, spirits and vinegar",77499.0,-36313.0,9.0,-28.0,6.0,115.0,3752.0,0.23,1.0,4.5,EGY,Import,-0.5625987701800087,-0.5908722529081468,-0.3667556836123729,0.7472115620829031,0.27351617033314746,-0.5580649087072874,-0.1273862937119334,0.20796701755767497,-0.24804407844859766,0.9258436246526047
58.0,Special woven fabrics; tufted textile fabrics; lace; tapestries; trimmings; embroidery,73643.0,-57042.0,-27.0,-33.0,2.0,34.0,6997.0,0.67,1.0,4.5,EGY,Import,-0.41560790659395674,1.8458650697305254,-0.8504691964403752,-0.965705508760313,-0.13998688892873937,0.6295898824256188,0.38960178816280744,0.9782691819782393,-1.285830521671398,-1.4821870100847843
11.0,Products of the milling industry; malt; starches; inulin; wheat gluten,63843.0,405718.0,15.0,30.0,12.0,80.0,2637.0,0.14,1.0,4.5,EGY,Import,-0.1889564303161066,-1.869743842805503,0.5062141891724371,0.6085382904640713,0.251062893181432,-0.5777769714493065,-0.421872610763558,0.20482645841236416,0.00921881638294497,0.22663926737956275
20.0,"Preparations of vegetables, fruit, nuts or other parts of plants",63791.0,755239.0,-6.0,-27.0,8.0,92.0,3711.0,0.1,1.0,4.5,EGY,Import,-0.5710398114499068,-1.2763428934258991,-0.6760130605523161,0.38662785652513687,0.2888444548581296,-0.46939605763653663,0.1718738683696309,0.37395940703453606,0.18946909288251063,0.1974712282096222
59.0,"Impregnated, coated, covered or laminated textile fabrics; textile articles of a kind suitable ...",60539.0,-59208.0,10.0,24.0,4.0,63.0,5626.0,0.29,1.0,4.5,EGY,Import,0.018228820613639098,0.5784247296450608,-0.079915369697589,-0.5981977165617894,0.07420137520272595,0.12059267109757557,0.22611499089249085,-0.1785634546858378,-0.004521179913878696,0.1608643664077417
63.0,Other made-up textile articles; sets; worn clothing and worn textile articles; rags,54382.0,191578.0,-9.0,-1.0,-1.0,102.0,3888.0,0.17,1.0,4.5,EGY,Import,-0.6495504928975206,0.5519126458721926,-1.315705878353706,0.34412645937091574,0.5237522556143815,-0.4324960930795987,0.9597480115107629,-0.7875414136244925,0.11790782135748354,0.33407571777590117
42.0,"Articles of leather; saddlery and harness; travel goods, handbags and similar containers; articles ...",46379.0,-38844.0,0.0,-11.0,7.0,81.0,6679.0,0.54,1.0,4.5,EGY,Import,-0.3529797239172292,0.9654352382247957,-0.1510272704316475,-0.1944522651863303,-0.36268567972358945,0.38892494380969267,-0.41713999187155704,1.0995427071561548,-0.6161945598649278,-0.005552530441679198
91.0,Clocks and watches and parts thereof,32223.0,-32124.0,3.0,0.0,6.0,74.0,5090.0,0.41,1.0,4.5,EGY,Import,-0.12181597772934859,1.2366743164040435,-0.17107030274756005,0.07093456513721197,-0.4728483382984607,0.5247315756745522,-0.08284807435886082,-0.6330153238299799,0.23059427557404494,-0.46042149231916274
37.0,Photographic or cinematographic goods,28437.0,-28416.0,-6.0,-31.0,0.0,47.0,6935.0,0.2,1.0,4.5,EGY,Import,-0.1363004714717361,0.40150405735661115,-0.9336965779596518,-1.5327236489926017,0.5032973737833925,-0.028419288131764805,0.9000600721317804,0.4775694336479409,-0.2765725479265731,0.18727277130675005
13.0,"Lac; gums, resins and other vegetable saps and extracts",27093.0,-24332.0,9.0,-9.0,9.0,49.0,5000.0,0.09,1.0,4.5,EGY,Import,0.04920069362317726,-1.4301654316431516,0.09166935117000381,-0.8079839883114068,0.3180497634355384,-0.2760693128261506,0.02969644045407119,0.5847672357162025,0.08240773785377706,0.17337099650861454
53.0,Other vegetable textile fibres; paper yarn and woven fabrics of paper yarn,24799.0,57072.0,5.0,-39.0,8.0,29.0,5469.0,0.21,1.0,4.5,EGY,Import,0.24059351982654484,-0.33328579676346304,0.06595035124323533,-1.0900722801988212,-0.09002765306830107,0.3152461228998113,0.08922370232505496,-0.057768967197252455,0.15888949339688485,-0.5739393076302208
51.0,"Wool, fine or coarse animal hair; horsehair yarn and woven fabric",13105.0,25189.0,-41.0,-3.0,1.0,61.0,4452.0,0.16,1.0,4.5,EGY,Import,-0.8132029470400347,0.0641383559078298,-1.9247048466072736,-0.31246488094352426,0.5560497897684108,-0.2712701654533377,1.2956223073397422,0.09375020650363788,0.07332521973377096,-1.1588653336981192
75.0,Nickel and articles thereof,12584.0,-8246.0,0.0,17.0,16.0,56.0,4319.0,0.1,1.0,4.5,EGY,Import,0.08692102401474217,-0.9498897527222089,0.1703707355789746,0.02069901298648647,-0.7328521381228814,0.5074722970458133,-0.5063360954780222,-0.30123857276312166,1.5091103716118934,-0.9985924457959703
6.0,"Live trees and other plants; bulbs, roots and the like; cut flowers and ornamental foliage",11223.0,6792.0,-12.0,-8.0,4.0,84.0,3388.0,0.17,1.0,4.5,EGY,Import,-0.7098661909863783,-1.0726820676598727,-0.8904061839045739,0.2652510487951146,0.7704055686545112,-0.8158914158515437,0.5373631247159503,0.5035943844692987,-0.5525947053559542,0.06889795171237316
57.0,Carpets and other textile floor coverings,9677.0,349921.0,-46.0,-67.0,3.0,92.0,3075.0,0.14,1.0,4.5,EGY,Import,-1.1537239535260924,-0.2418414380953652,-2.23878065022965,0.6923671100651696,0.3171607308642225,-0.336948773988557,1.0469536534184976,-0.23180204226776932,0.2952854282436357,-1.1390156227600177
78.0,Lead and articles thereof,9459.0,-9459.0,7.0,-55.0,8.0,49.0,3522.0,0.59,1.0,4.5,EGY,Import,-0.007478863382653134,0.849192659304593,0.49393639859628014,0.32416660367823846,-0.47518893716902005,0.4876344389203269,-0.4951846287777352,-0.7109606400950905,-0.8228671439497118,-1.1764971118110277
36.0,Explosives; pyrotechnic products; matches; pyrophoric alloys; certain combustible preparations,9408.0,11088.0,-4.0,-15.0,10.0,81.0,4256.0,0.46,1.0,4.5,EGY,Import,-0.47604620521157875,-0.09216312393748591,-0.04155940658877009,0.5641577289656744,-0.25540405372745056,0.061282418666499236,-0.516821722703893,0.6523783887918279,-0.538061141829123,-0.5253774578565734
41.0,Raw hides and skins (other than furskins) and leather,8465.0,52676.0,-15.0,5.0,-1.0,68.0,4062.0,0.24,1.0,4.5,EGY,Import,-0.5607475173753789,0.23193526856002453,-1.137367907794252,-0.22211219011302136,0.77507338942614,-0.5013257453829192,1.0548049132300772,-0.21418414673266134,-0.5715254304011294,-0.25753813241168155
65.0,Headgear and parts thereof,7974.0,-7140.0,6.0,-21.0,12.0,84.0,7127.0,0.66,1.0,4.5,EGY,Import,-0.19469143293210558,1.3817015339549608,0.364745488894977,0.080898698039884,-1.1096920173353468,0.9720843275607601,-1.147650030494769,1.072787324862715,-0.2578790000787723,-0.3099631785712649
81.0,Other base metals; cermets; articles thereof,7687.0,-7315.0,1.0,-82.0,11.0,68.0,6706.0,0.34,1.0,4.5,EGY,Import,-0.015878278987078383,0.6613342381216445,-0.21063580977834462,-0.46333481295934015,-0.9559483445529029,0.9235123380477931,-0.5372578733617602,0.1767916576757022,0.7148465386294853,-0.416116755102492
80.0,Tin and articles thereof,5886.0,-5886.0,13.0,-38.0,14.0,50.0,6046.0,0.13,1.0,4.5,EGY,Import,0.3829368671883176,-0.35296917365302216,0.3300477434109825,-0.7411221191276377,-0.8645122699253944,0.8038389399500879,-0.561694566094351,-0.256985822264432,1.404979934651774,-0.3676480786105542
5.0,"Products of animal origin, not elsewhere specified or included",5726.0,45431.0,-43.0,-37.0,2.0,76.0,7228.0,0.15,1.0,4.5,EGY,Import,-0.9978423422231765,-0.28667418919556403,-2.2169455788567998,-0.9792883106587654,0.568290341892235,-0.29419938934166684,1.0641249928811731,1.9427860736146645,-0.12878664798708003,-0.1986112111467325
67.0,Prepared feathers and down and articles made of feathers or of down; artificial flowers; articles ...,3182.0,-3181.0,0.0,-17.0,8.0,100.0,7484.0,0.89,1.0,4.5,EGY,Import,-0.5075313634316878,2.528439448419032,0.08961011200938031,0.39918681229306924,-1.0521450202041676,0.9833921026096965,-1.0643981211967786,1.312487356834481,-1.0719413021207183,-0.2649700878718191
14.0,Vegetable plaiting materials; vegetable products not elsewhere specified or included,2977.0,211.0,6.0,6.0,18.0,48.0,8463.0,0.29,1.0,4.5,EGY,Import,0.15656005191381425,-0.9231436563104587,0.5652032784449379,-1.233190349522652,-0.8286922738413001,0.7387503959441162,-1.1156370235510569,2.3601825594556476,0.5636800355085531,-0.13473079899393406
66.0,"Umbrellas, sun umbrellas, walking sticks, seat-sticks, whips, riding-crops and parts thereof",1250.0,-464.0,5.0,-34.0,7.0,116.0,5420.0,0.32,1.0,4.5,EGY,Import,-0.4616074101425088,0.6885330976249503,-0.5093733850022509,0.5287215055407323,-0.4472763595619472,0.23058456091215226,-0.30914397044414643,0.0005646538584646995,0.42738399132848964,0.5771385245956487
97.0,"Works of art, collectors' pieces and antiques",1173.0,-1115.0,-13.0,1161.0,3.0,81.0,3432.0,0.89,1.0,4.5,EGY,Import,-0.5957489351552155,3.7253130014039177,1.7271146902234156,1.9925596024599885,0.9817572529435193,-0.605970081438107,0.8619998225149792,0.5835963903777702,0.11379476468308235,-2.2157726886091402
93.0,Arms and ammunition; parts and accessories thereof,1124.0,37488.0,-4.0,-70.0,11.0,120.0,3747.0,0.26,1.0,4.5,EGY,Import,-0.5543419671448802,0.330165689816763,-0.6535384288906197,1.2790085800110385,-0.8656053089968596,0.41892298016936613,-0.5109132682541516,-0.7712943324571058,1.104349678500497,-0.23433332163756174
92.0,Musical instruments; parts and accessories of such articles,794.0,-191.0,-25.0,-20.0,6.0,113.0,7873.0,0.56,1.0,4.5,EGY,Import,-0.8122309927815153,2.3777219678968025,-1.3542966153517961,0.22146245542447796,-0.9852690804987594,0.9739521957261859,-0.17925699420752383,0.8633322200966378,0.42124178861889205,-0.42093328792608475
45.0,Cork and articles of cork,530.0,-511.0,-10.0,-15.0,5.0,93.0,4364.0,0.42,1.0,4.5,EGY,Import,-0.6649943180292797,0.4543904471177696,-0.6687640395971828,0.5388565394637836,0.027869600535734642,-0.09909509363519604,0.045532427490975316,0.30488649772598536,-0.5240726266012107,-0.24759502166476205
46.0,"Manufactures of straw, of esparto or of other plaiting materials; basketware and wickerwork",445.0,3083.0,-16.0,7.0,4.0,104.0,7217.0,0.27,1.0,4.5,EGY,Import,-0.6947768847198877,0.7809903149219822,-1.3170615715590732,-0.30088226896963544,-0.07812417016340742,0.13855609905746447,0.340857999593815,1.048356539211206,0.36781226133358524,0.420760248530983
50.0,Silk,92.0,505.0,23.0,44.0,3.0,114.0,7130.0,0.3,1.0,4.5,EGY,Import,-0.18238687484523936,1.0815259300793587,-0.1445065358537138,-0.2904889801477557,-0.03517173054482559,0.054977182224140046,-0.06629426459530234,0.3773123323880215,0.20869446502627387,1.6794922202849198
43.0,Furskins and artificial fur; manufactures thereof,56.0,8.0,-20.0,-60.0,-17.0,117.0,7120.0,0.8,1.0,4.5,EGY,Import,-1.2422878961818822,3.9011657119822734,-2.2025251227615055,-0.29606752397395225,1.0917549310436538,-0.4126737000530001,1.593764055577916,0.5219593728745109,-2.8488216782354394,1.0486720827447265
84.0,"Nuclear reactors, boilers, machinery and mechanical appliances; parts thereof",26190145.0,-23875925.0,17.0,23.0,6.0,29.0,6686.0,0.13,1.0,4.5,KSA,Import,4.53503520832397,0.6920995145718298,-1.1949834565064572,-0.9584017723456368,-0.6167413599061743,-0.6870743004054626,0.026592186626618282,-0.03650471611898301,1.15346081470101,-0.7493399140528834
87.0,"Vehicles other than railway or tramway rolling stock, and parts and accessories thereof",25099422.0,-23764193.0,14.0,31.0,8.0,18.0,7353.0,0.12,1.0,4.5,KSA,Import,4.482208480629526,0.6455955985807021,-1.100015164334825,-1.2916758559540298,-0.785179668497252,-0.4571740956086724,-0.1158634522146996,0.18727520763417366,1.417503093515481,-1.0132597280862485
85.0,"Electrical machinery and equipment and parts thereof; sound recorders and reproducers, television ...",19586752.0,-15556506.0,3.0,26.0,7.0,35.0,6671.0,0.31,1.0,4.5,KSA,Import,3.190492560310271,1.0518456992981706,-0.9869988455779488,-0.6292069681301572,-0.7656393001927715,-0.0734175695053214,0.038687266266662225,0.2874676748199643,0.6800801789191124,-1.1625026009720683
27.0,"Mineral fuels, mineral oils and products of their distillation; bituminous substances; mineral ...",15227506.0,-15225838.0,48.0,7.0,19.0,36.0,2404.0,0.14,1.0,4.5,KSA,Import,3.0947040800936687,-2.2823243456212388,1.3485002811850855,0.3833385920134191,-0.5317984650485972,-0.8855981922299914,-1.5829167137837825,-0.12337007819842785,0.4572930540058975,-0.41802924382139817
71.0,"Natural or cultured pearls, precious or semi-precious stones, precious metals, metals clad ...",9003825.0,-6724484.0,38.0,21.0,10.0,17.0,3271.0,0.38,1.0,4.5,KSA,Import,2.119621398499882,-0.09418262277185092,1.2578607413919538,-0.20794826710409714,-0.36940338383765925,-0.035050044704982325,-0.5774723157217313,-1.040249684332261,-0.2916715667824671,-0.8352012716621716
30.0,Pharmaceutical products,8391364.0,-7834283.0,13.0,7.0,10.0,21.0,5617.0,0.08,1.0,4.5,KSA,Import,1.6913123594516033,-1.1566941562912256,-0.022481538360806755,-1.2163003509227377,0.0018167270805649544,-0.34553676012469986,-0.06927375854233984,0.5261284609562572,0.44190340938401296,-0.44088738889512774
89.0,"Ships, boats and floating structures",7355024.0,-2123096.0,14.0,57.0,3.0,2.0,6555.0,0.27,1.0,4.5,KSA,Import,1.7253799082921004,1.0559578712336535,0.08313517506539168,-1.6479199960744915,-0.1653086011913552,0.5328991971844687,0.7822541627156689,-0.6213756446515798,0.25711184381890617,-0.8106284201572259
99.0,Commodities not elsewhere specified,6776789.0,240965794.0,-5.0,9.0,8.0,17.0,4590.0,0.22,1.0,4.5,KSA,Import,-2.603487445740846,-3.8522540920096056,5.403151080277185,4.107410680392047,-3.7826144670864585,14.600486197102164,14.874715794579588,0.4869356586521586,-2.005776559588157,1.7695741006239056
73.0,Articles of iron or steel,5805263.0,-4900903.0,11.0,38.0,9.0,18.0,5135.0,0.11,1.0,4.5,KSA,Import,1.3863716550720941,-0.33140073446996926,0.08858413894127662,-1.0480237918777695,-0.22056036244406443,0.12836457271279175,0.1504232239765945,-0.5301652121700958,0.8737851928440699,-0.8935232843460588
90.0,"Optical, photographic, cinematographic, measuring, checking, precision, medical or surgical ...",5399428.0,-5105094.0,17.0,27.0,4.0,30.0,7549.0,0.1,1.0,4.5,KSA,Import,1.4315378560039143,0.8900582454204152,-0.299438937866792,-1.8049152793291277,-0.2543981909194918,0.39202465569676476,0.4560792102918739,-0.5467336898866089,1.1450728439422455,0.014344664266247621
72.0,Iron and steel,5395757.0,-4095778.0,10.0,-22.0,12.0,24.0,4613.0,0.2,1.0,4.5,KSA,Import,1.2265630858376908,-0.49628851351025294,0.2585079348533276,-0.596992406322045,-0.5459592154601351,0.3165146431521855,-0.2921322208667242,-0.4297501830644035,0.6660053267565064,-1.1314140579081853
10.0,Cereals,4615347.0,-4608841.0,19.0,-25.0,13.0,12.0,6357.0,0.16,1.0,4.5,KSA,Import,1.2515992403254168,-1.5021986897595216,0.622321746533875,-1.5695791529151415,-0.11943352387107063,-0.035460982390212906,-0.5306779223447617,1.164574479297006,0.043423572060963075,-0.2800673457900111
39.0,Plastics and articles thereof,4609773.0,12845558.0,11.0,-3.0,6.0,35.0,5615.0,0.13,1.0,4.5,KSA,Import,0.6791978447719663,-0.7979469857616216,0.22408585813407753,-0.8124678330574912,-0.035219639849976926,0.7629080551172639,1.2723220479314838,0.24270849929811633,-0.01782493977251605,0.14890746116538867
94.0,"Furniture; bedding, mattresses, mattress supports, cushions and similar stuffed furnishings; ...",3304037.0,-3218984.0,9.0,22.0,4.0,17.0,5029.0,0.19,1.0,4.5,KSA,Import,0.9854242338835967,0.6282521869397112,-0.08626788091857267,-1.1627943725079788,-0.04861511662251252,0.2700668071071304,0.5462896638984172,-1.238578474957495,0.5390909788553645,-0.914265209544851
74.0,Copper and articles thereof,3082402.0,-722200.0,16.0,11.0,12.0,17.0,4118.0,0.15,1.0,4.5,KSA,Import,1.0112098734132453,-0.7373572519607318,0.6733104994480399,-0.6656351332198903,-0.4031618763497529,0.4002822915593692,-0.12701170979824405,-0.8008749753709383,0.7416743209462989,-1.0386698643066823
4.0,"Dairy produce; birds' eggs; natural honey; edible products of animal origin, not elsewhere ...",2565869.0,-1465992.0,7.0,2.0,7.0,11.0,6391.0,0.08,1.0,4.5,KSA,Import,0.7001432104119102,-1.3396439278509662,0.012186224604114896,-1.890750840481545,0.5023881681166369,-0.23797636457446464,0.4216972693982066,1.0440522489573634,-0.16718216801029745,-0.1146422100815021
33.0,"Essential oils and resinoids; perfumery, cosmetic or toilet preparations",2519692.0,-2251226.0,6.0,9.0,6.0,20.0,4396.0,0.09,1.0,4.5,KSA,Import,0.625310040548053,-1.0392894409352034,-0.051610542921619894,-1.1069247907860613,0.48483294262622284,-0.3500123891368033,0.4921123569069029,-0.1376931858902267,-0.007371908458074943,-0.5268555107137617
29.0,Organic chemicals,2507728.0,9396414.0,11.0,-16.0,8.0,34.0,5649.0,0.14,1.0,4.5,KSA,Import,0.4383976400824293,-1.0525156957205815,0.33404401819553187,-0.9324124763808693,-0.013678947773203236,0.5670293982081933,0.7546640302784372,0.48443254351398557,-0.03580241994100806,0.07909391532803414
40.0,Rubber and articles thereof,2457548.0,-1784194.0,7.0,5.0,6.0,25.0,6781.0,0.2,1.0,4.5,KSA,Import,0.6594954762929711,-0.13126140269710726,-0.08066706181585259,-1.5920095662593456,0.09201983066028867,0.1545723296085926,0.2960867265018272,0.533215965047373,0.0647107751142295,-0.2210589427488845
62.0,"Articles of apparel and clothing accessories, not knitted or crocheted",2301198.0,-2164868.0,5.0,-2.0,3.0,23.0,5612.0,0.23,1.0,4.5,KSA,Import,0.6184628367425724,0.356254474066012,-0.23684423216146233,-1.3172738192352855,0.21320505447049304,0.0874540934377094,0.5771505481617836,-0.3866873991785422,-0.06372230996119627,-0.5452957007686152
2.0,Meat and edible meat offal,2296268.0,-2091743.0,8.0,-14.0,6.0,15.0,8162.0,0.25,1.0,4.5,KSA,Import,0.6503837245098777,-0.4627868832561813,0.0179254158793568,-2.235559310455209,0.29717755916477795,0.03519855009599014,0.16609658409297992,1.7032457966477188,-0.5779720322652823,0.1237982634929714
38.0,Miscellaneous chemical products,2187307.0,-1004149.0,2.0,5.0,8.0,31.0,6459.0,0.12,1.0,4.5,KSA,Import,0.5115678120995377,-0.5986648297302877,-0.21076934473114475,-1.3810125652291874,0.022460992727325112,0.15176525940769914,0.2829531715711446,0.5977970545763733,0.4321112462622753,-0.30811178819234153
21.0,Miscellaneous edible preparations,2045975.0,-1873092.0,12.0,10.0,9.0,14.0,4637.0,0.08,1.0,4.5,KSA,Import,0.6961983285634915,-1.5146384574017953,0.3654342441599553,-1.2443935597795728,0.3770368986504651,-0.2833977457664189,0.1593443057274125,0.21438721954497156,0.025425987147841167,-0.4501578968028554
61.0,"Articles of apparel and clothing accessories, knitted or crocheted",1931074.0,-1882693.0,7.0,-3.0,6.0,24.0,5431.0,0.26,1.0,4.5,KSA,Import,0.5937817064576587,0.1363251346128249,0.05449200850217019,-1.112357995483603,-0.009130454625993987,0.20949326793482162,0.22087979892681267,-0.2561804638259955,0.009404799837396819,-0.6844507539491268
19.0,"Preparations of cereals, flour, starch or milk; pastrycooks' products",1907471.0,-927105.0,6.0,7.0,9.0,11.0,3828.0,0.06,1.0,4.5,KSA,Import,0.5639215976724468,-1.796512869867644,0.2539643784185392,-1.0375015014621451,0.4830623396366591,-0.3648774944995426,0.32951222173921896,0.079652536000676,-0.05164671798258848,-0.7455937601293285
8.0,Edible fruit and nuts; peel of citrus fruit or melons,1889881.0,-1430888.0,4.0,-1.0,3.0,18.0,6091.0,0.07,1.0,4.5,KSA,Import,0.47340541074991116,-0.9869464613623697,-0.34185072987039067,-1.8591777042240736,0.8025766945684283,-0.43130271423701805,0.8069009417173876,0.6846303694430226,-0.347352612559024,0.0673960091016122
76.0,Aluminium and articles thereof,1868648.0,549468.0,8.0,1.0,12.0,30.0,3275.0,0.22,1.0,4.5,KSA,Import,0.5499644546669697,-0.6376631923029817,0.5164213903312977,-0.09119196396801772,-0.42204371631983506,0.3932979333124162,-0.1503879482259318,-0.8846168599358037,0.5231089564314907,-1.272721893675363
48.0,"Paper and paperboard; articles of paper pulp, of paper or of paperboard",1830211.0,-1200266.0,7.0,-18.0,5.0,25.0,5020.0,0.11,1.0,4.5,KSA,Import,0.5437864204027598,-0.5249941304105249,-0.1502982420999504,-1.2225248147712107,0.3036791513205028,-0.06874069856718343,0.5350931545840016,-0.34064870975695094,0.140398648927845,-0.37139596668862473
88.0,"Aircraft, spacecraft, and parts thereof",1766600.0,-1202042.0,-9.0,-19.0,-3.0,26.0,8780.0,0.42,1.0,4.5,KSA,Import,0.373450022182819,2.4510347054747306,-1.0337475784255297,-2.111222477462136,-0.029745098608646575,0.7481737017979438,1.0357490898161295,0.07665777303554533,-0.256952074618208,-0.48966794430109667
28.0,"Inorganic chemicals; organic or inorganic compounds of precious metals, of rare-earth metals, ...",1515433.0,504142.0,18.0,-3.0,17.0,29.0,5248.0,0.12,1.0,4.5,KSA,Import,0.6627815598148545,-1.8047350277198522,0.9473004419303372,-0.8017788050674944,-0.46707803688272925,0.3438262922835412,-0.7025148867263457,0.6789396564936501,0.6631167452693842,-0.44001458938449417
44.0,Wood and articles of wood; wood charcoal,1447863.0,-1368002.0,9.0,-21.0,5.0,22.0,5998.0,0.1,1.0,4.5,KSA,Import,0.5756241140323607,-0.44274522282967327,-0.13107512145661263,-1.6206588547132192,0.27233038409294047,0.025157925565547995,0.48797467434678754,-0.03892290598633972,0.2081050251072791,-0.15452702535847046
15.0,"Animal, vegetable or microbial fats and oils and their cleavage products; prepared edible fats; ...",1434727.0,-1044243.0,24.0,-23.0,17.0,25.0,5614.0,0.14,1.0,4.5,KSA,Import,0.7651020249684186,-1.9221604350072496,1.114562770117854,-1.0651581579418459,-0.38430865458415514,0.21681329066927188,-0.91289876396364,0.9381962008882956,0.39312515391039454,-0.19715382642922294
20.0,"Preparations of vegetables, fruit, nuts or other parts of plants",1429540.0,-1068193.0,12.0,9.0,8.0,13.0,4793.0,0.07,1.0,4.5,KSA,Import,0.6038930067941418,-1.4609455660074047,0.3324552654452644,-1.3738645857803158,0.46320069375409534,-0.2717406299466989,0.2901659848990763,0.19599565083849682,-0.024092705414024165,-0.3461422303389057
1.0,Live animals,1412359.0,-1341574.0,18.0,64.0,4.0,5.0,3365.0,0.3,1.0,4.5,KSA,Import,0.5393144747682467,-1.102050649484406,0.8281448552974856,-1.015697936622074,1.025657138050535,-0.7391751448173077,0.3791575427463298,0.1349359013156499,-1.4871310079854616,-0.46794452309926765
17.0,Sugars and sugar confectionery,1365706.0,-742986.0,18.0,7.0,15.0,16.0,8733.0,0.5,1.0,4.5,KSA,Import,0.7179308236665777,-0.1396640203970667,1.1714648365595095,-1.745844520319943,-0.7309248888691743,0.8556636587266467,-1.1038233778384703,2.189348262277591,-0.44979945230735474,-0.37806307577303416
9.0,"Coffee, tea, maté and spices",1297262.0,-1194245.0,7.0,7.0,8.0,13.0,5145.0,0.07,1.0,4.5,KSA,Import,0.48884618750624814,-1.5874189253406188,0.16950713676767135,-1.486731740501719,0.5363591529229274,-0.33267762024385716,0.32093431418863344,0.5973597905784859,-0.12822342463335648,-0.34907341430830213
12.0,"Oil seeds and oleaginous fruits; miscellaneous grains, seeds and fruit; industrial or medicinal ...",1282883.0,-1265780.0,12.0,-18.0,13.0,24.0,8766.0,0.17,1.0,4.5,KSA,Import,0.6327368811641937,-0.9343514524878971,0.37147484690336446,-2.1033729333305597,-0.35272892446399867,0.48731569474023084,-0.4918792318564873,1.91455951026749,0.4176325135805783,0.1383724045725975
95.0,"Toys, games and sports requisites; parts and accessories thereof",1260225.0,-1030273.0,31.0,36.0,9.0,23.0,5742.0,0.31,1.0,4.5,KSA,Import,0.9985816546150814,0.7159822007561284,1.0727700148762687,-1.0811550944607977,-0.5661986700592964,0.7479217467705656,-0.3416906916486212,-0.9962003749732946,0.5650398665414909,-0.4404698365268633
64.0,"Footwear, gaiters and the like; parts of such articles",1052196.0,-1022029.0,8.0,4.0,6.0,28.0,6220.0,0.33,1.0,4.5,KSA,Import,0.459764345716104,0.553822120753073,0.14560898492302396,-1.2115346848971869,-0.15035912451179645,0.4279933629276907,0.10627219670218635,-0.027008129654214962,-0.04653387328992069,-0.558594988819445
23.0,Residues and waste from the food industries; prepared animal fodder,987313.0,-909554.0,14.0,-23.0,11.0,33.0,8818.0,0.14,1.0,4.5,KSA,Import,0.5739105933100177,-0.6088989349374889,0.2070879709101502,-2.0768746693400884,-0.31578488707159846,0.4996186522780484,-0.30896832162594573,1.5428172806478067,0.5765378473955594,0.4156071733045781
83.0,Miscellaneous articles of base metal,857831.0,-746031.0,14.0,-2.0,6.0,27.0,5725.0,0.18,1.0,4.5,KSA,Import,0.6201264319414675,0.3731813501434053,0.16534960460453185,-1.2550084499133678,-0.18313365476629664,0.4669271681357339,0.26357500112191884,-0.8359582598164422,0.6122497674491123,-0.43258315328610897
82.0,"Tools, implements, cutlery, spoons and forks, of base metal; parts thereof of base metal",847838.0,-721853.0,15.0,1.0,5.0,24.0,6205.0,0.11,1.0,4.5,KSA,Import,0.6863334242287114,0.3302597949881629,0.054560740195027026,-1.580310528047608,-0.08258279354091705,0.4443040964097792,0.44944895622717185,-0.8300751568556411,0.7908924308856997,-0.22473185052464092
7.0,Edible vegetables and certain roots and tubers,836692.0,-798478.0,8.0,-1.0,7.0,29.0,3302.0,0.1,1.0,4.5,KSA,Import,0.21306057958042518,-1.7573044197450731,0.191441728639616,-0.6921935825697149,0.7391836145993147,-0.6564706573389644,0.32686558568294133,0.0914443735399734,-0.48429444384237597,-0.31668759404014174
34.0,"Soap, organic surface-active agents, washing preparations, lubricating preparations, artificial ...",795036.0,-322532.0,1.0,0.0,6.0,30.0,4421.0,0.07,1.0,4.5,KSA,Import,0.212550208511395,-1.0532171208505032,-0.22120389839091023,-0.9786428300511256,0.46889642367922735,-0.258844813192858,0.5678589073889955,-0.11235965098623843,0.11832396331561938,-0.44613221788215085
32.0,"Tanning or dyeing extracts; tannins and their derivatives; dyes, pigments and other colouring ...",777949.0,-433137.0,11.0,-11.0,3.0,32.0,4709.0,0.11,1.0,4.5,KSA,Import,0.31303619848038383,-0.6728973785995379,-0.08587077338390123,-1.1744195927753427,0.6454728777902229,-0.34514115384619215,0.6539983208678418,-0.27345418814526695,-0.2553933330181321,0.06246929779370249
69.0,Ceramic products,733308.0,-612538.0,-6.0,-24.0,5.0,22.0,4879.0,0.18,1.0,4.5,KSA,Import,0.24702639671633822,-0.00642209046006361,-0.4290382584664116,-1.065800887113804,0.09586607035680152,0.21752384613081155,0.605108754450025,-0.5792913989004724,0.24084850482020614,-1.0538364851100839
70.0,Glass and glassware,669157.0,-354045.0,9.0,1.0,6.0,35.0,5085.0,0.26,1.0,4.5,KSA,Import,0.3560847599256698,0.2677788229041158,0.12721229950478455,-0.8317622828901031,-0.07296134024448227,0.2982622686663473,0.20334053604544616,-0.5640134580262722,0.14687210160822636,-0.5475921269134761
96.0,Miscellaneous manufactured articles,667941.0,-387038.0,3.0,6.0,6.0,23.0,5355.0,0.24,1.0,4.5,KSA,Import,0.4596679926852769,0.6818829501723439,-0.04102916512330189,-1.0455479564354448,-0.2885470051542403,0.6117754980309934,0.36540420472966895,-0.9822811861254542,0.6012783636791014,-1.0535941218089435
42.0,"Articles of leather; saddlery and harness; travel goods, handbags and similar containers; articles ...",660978.0,-635076.0,7.0,5.0,7.0,25.0,6114.0,0.38,1.0,4.5,KSA,Import,0.3274861090140955,0.17482784406790408,0.3158181082373164,-1.183999063184563,-0.02844556647517555,0.2970111166546014,-0.03898891060099143,0.5049867413257468,-0.49550955500998006,-0.5830487585168567
26.0,"Ores, slag and ash",654833.0,-7264.0,32.0,221.0,10.0,37.0,2977.0,0.2,1.0,4.5,KSA,Import,0.5354333530576272,-1.220068525966841,1.5544554420126717,-0.15399148553936381,0.5429533701069089,-0.5304023951163317,-0.14673014074833512,-0.23980563645878994,-0.08723062560194694,-0.08625642553751255
91.0,Clocks and watches and parts thereof,644156.0,-346205.0,8.0,16.0,6.0,20.0,4743.0,0.61,1.0,4.5,KSA,Import,0.39711410802260744,1.477106210025214,0.6429891331980423,-0.5032475991404913,-0.41441735682492437,0.7120761182734561,-0.15891253309830222,-0.7286896915139744,-0.741114415168667,-1.4716339496419493
68.0,"Articles of stone, plaster, cement, asbestos, mica or similar materials",618803.0,-364351.0,6.0,-2.0,5.0,30.0,3760.0,0.1,1.0,4.5,KSA,Import,0.33074169412491805,-0.40870359396832845,-0.09414139105688257,-0.7431808290444026,0.2707947638315355,-0.043527926755918746,0.5869741418451494,-1.115757156125543,0.3638698247622476,-0.6546974626369981
18.0,Cocoa and cocoa preparations,580877.0,-507930.0,4.0,-1.0,6.0,25.0,3940.0,0.06,1.0,4.5,KSA,Import,0.20665772562497298,-1.4820982883095493,-0.04899131578443378,-0.9979258147232298,0.6937240691326351,-0.4938520834304088,0.5431080157070682,-0.004788341147784912,-0.19153188293391915,-0.37124958222263893
24.0,"Tobacco and manufactured tobacco substitutes; products, whether or not containing nicotine, ...",545984.0,-533227.0,0.0,-11.0,3.0,22.0,3520.0,0.31,1.0,4.5,KSA,Import,0.0583393510641773,-0.5473986093264399,-0.020938254219496775,-0.7181098597461031,0.7350193693013651,-0.43983943412853044,0.5570228538276368,-0.10285383550910136,-1.1685698639577906,-0.7890902988852189
57.0,Carpets and other textile floor coverings,497371.0,-434150.0,5.0,1.0,3.0,7.0,3066.0,0.27,1.0,4.5,KSA,Import,0.3487995614831159,-0.2148684263171674,0.20111713476629678,-0.8287001286173932,0.5526025987781473,-0.17355690985373562,0.6576358385953719,-1.073957053207067,-0.6871180979027117,-1.1646727216968338
54.0,Man-made filaments; strip and the like of man-made textile materials,485194.0,-353286.0,7.0,10.0,5.0,29.0,6782.0,0.35,1.0,4.5,KSA,Import,0.3219541895845075,0.6262112581298421,0.09719380543219046,-1.4043375774134443,-0.03500574350641124,0.4095318734297376,0.18827667229114217,0.32177460231444266,-0.24969904249834302,-0.3600333744671584
25.0,"Salt; sulphur; earths and stone; plastering materials, lime and cement",458049.0,52025.0,18.0,16.0,14.0,34.0,4808.0,0.17,1.0,4.5,KSA,Import,0.41684874447504355,-1.5018118971116448,0.8862386566965095,-0.6937052053922823,-0.15492264527073474,0.09416859095944387,-0.5484070636714841,0.500640887766282,0.2548476420969658,-0.310598824137264
16.0,"Preparations of meat, of fish, of crustaceans, molluscs or other aquatic invertebrates, or ...",434209.0,-403877.0,-2.0,3.0,4.0,25.0,5677.0,0.22,1.0,4.5,KSA,Import,0.08031881470987123,-0.5687267583573826,-0.25029075230307846,-1.3824860502646643,0.5994398496929898,-0.23608340391140656,0.5651583146484527,0.7025980407179298,-0.6214048936545729,-0.3419953179139537
3.0,"Fish and crustaceans, molluscs and other aquatic invertebrates",393490.0,-224828.0,-1.0,-10.0,5.0,42.0,4425.0,0.12,1.0,4.5,KSA,Import,-0.09510337385839589,-1.3404374717779057,-0.3254906879122013,-0.8381225027562805,0.766357613552014,-0.5926730179553907,0.5306669269871659,0.5745838944110321,-0.5184747915207557,-0.06657391210468472
86.0,"Railway or tramway locomotives, rolling stock and parts thereof; railway or tramway track fixtures ...",391690.0,-373219.0,-11.0,3.0,8.0,26.0,6856.0,0.22,1.0,4.5,KSA,Import,0.23101269446771097,0.5907991357776393,-0.48209749259457585,-1.3473797134355998,-0.4819800163233867,0.8055468102228275,0.3051039918942456,-0.0298392807715477,0.9099316021040542,-1.1814653835807465
63.0,Other made-up textile articles; sets; worn clothing and worn textile articles; rags,385964.0,-321200.0,-9.0,4.0,-1.0,30.0,5297.0,0.28,1.0,4.5,KSA,Import,-0.004784438782888798,0.8030790346139477,-0.756386659918898,-1.1667766435440154,0.5242582894814322,-0.00043988854415090314,1.0722118325604502,-0.4674028270740421,-0.4433092478305964,-0.7054456269887164
97.0,"Works of art, collectors' pieces and antiques",385403.0,-20551.0,91.0,1867.0,3.0,16.0,3773.0,0.23,1.0,4.5,KSA,Import,1.8410108498290623,2.3542342480769074,5.780026062741448,-0.10591750066731667,2.461763448899027,-1.5728371395325633,1.4624764693945704,-1.1333232861114264,2.458124587501864,0.320131370562533
55.0,Man-made staple fibres,298223.0,-261477.0,9.0,12.0,3.0,33.0,6735.0,0.18,1.0,4.5,KSA,Import,0.3328122536090425,0.3573708842091048,-0.17504570000995287,-1.6198200623516184,0.2248529086647825,0.20790189950571522,0.5703049627737661,-0.03340150940294985,0.1714252364874638,0.06762240566477039
79.0,Zinc and articles thereof,287637.0,-226538.0,20.0,3.0,6.0,19.0,5850.0,0.14,1.0,4.5,KSA,Import,0.6953924684120654,0.17894044370029516,0.39885283668555155,-1.5293816928982091,-0.09238210322875123,0.45912090847966985,0.284909828355135,-0.8881825694927896,0.6276042242307867,-0.266497630922806
11.0,Products of the milling industry; malt; starches; inulin; wheat gluten,254632.0,-232705.0,6.0,-1.0,12.0,27.0,3848.0,0.07,1.0,4.5,KSA,Import,0.1982905245028923,-2.091009551461173,0.38545081224389327,-0.7165536681968736,0.29953224524948746,-0.30875716360435346,-0.08396266347901421,0.42709909398375767,0.08363527159830848,-0.5740723894410434
35.0,Albuminoidal substances; modified starches; glues; enzymes,239754.0,-168340.0,8.0,10.0,10.0,39.0,5145.0,0.08,1.0,4.5,KSA,Import,0.2338806629257835,-1.1453938707563538,0.16000914148653464,-0.9185962386515187,0.07556130729021954,0.0005144973519090687,0.029734478681366798,0.22767893371436373,0.5117458683838982,-0.2211621265680617
45.0,Cork and articles of cork,230969.0,-215526.0,79.0,94.0,5.0,6.0,6409.0,0.16,1.0,4.5,KSA,Import,1.6000474442934771,-0.15897074505582354,2.454524323349616,-2.281685686155322,0.38802405774436716,0.0797659212384846,-0.23756605062870362,-0.9276397599994956,-0.12559659539338608,1.6165098109596325
22.0,"Beverages, spirits and vinegar",215864.0,18026.0,-2.0,4.0,6.0,71.0,5936.0,0.08,1.0,4.5,KSA,Import,-0.23047040935613738,-0.7476811011951919,-0.6495481487905981,-0.7495079829803153,0.3297852905899249,-0.24388385980635835,0.3859046408470838,0.7533873691855333,0.33956839884212575,0.43468907413884317
31.0,Fertilisers,199779.0,4535861.0,24.0,-10.0,19.0,73.0,3412.0,0.14,1.0,4.5,KSA,Import,0.1127607371598355,-2.0847028010646436,1.183782963517251,0.5965014071715848,-0.6404251376294959,0.3202211657591633,-0.9659254314375539,0.23519997076787724,0.7260749607472098,0.04403325388042502
49.0,"Printed books, newspapers, pictures and other products of the printing industry; manuscripts, ...",198741.0,-181255.0,12.0,25.0,2.0,34.0,5925.0,0.14,1.0,4.5,KSA,Import,0.311549862300584,0.08050490620357817,-0.1077798733240324,-1.4724250285144544,0.47806033842345347,-0.05076375780641844,0.7042078753368991,-0.2794188080793723,0.0457863232374024,0.189629538816997
56.0,"Wadding, felt and nonwovens; special yarns; twine, cordage, ropes and cables and articles thereof",171599.0,-40520.0,3.0,-5.0,3.0,34.0,6045.0,0.2,1.0,4.5,KSA,Import,0.18186474142382875,0.2797486390052313,-0.3209990169482719,-1.348338355896268,0.24423123496864338,0.1609439441412119,0.6146307368850009,-0.15690758098182475,0.039641710945619475,-0.22287973630440994
6.0,"Live trees and other plants; bulbs, roots and the like; cut flowers and ornamental foliage",167594.0,-160691.0,22.0,18.0,4.0,25.0,4222.0,0.16,1.0,4.5,KSA,Import,0.3436601698498356,-1.1876313309188895,0.566013823509377,-1.1690715974852555,0.8952328913591375,-0.6033769985884884,0.39748856247952863,0.051397906614430985,-0.8409272090835963,0.2870599318383382
75.0,Nickel and articles thereof,160986.0,-18218.0,10.0,56.0,16.0,28.0,5979.0,0.08,1.0,4.5,KSA,Import,0.5549218622110114,-0.7728758909596569,0.6174955329662967,-1.002485535621511,-0.7528692103792038,0.7642357874934089,-0.46916462294972966,-0.0370197340757759,1.6394382000667722,-0.8705307589371956
47.0,Pulp of wood or of other fibrous cellulosic material; recovered (waste and scrap) paper or ...,157235.0,-96298.0,13.0,-12.0,6.0,38.0,8128.0,0.17,1.0,4.5,KSA,Import,0.3882154930716465,0.20980686188507106,-0.037236218296272,-1.902076022763592,-0.10002444529958873,0.46730290819127934,0.17648331544698392,0.6215014105956436,0.44574223812401376,0.41458963427186857
65.0,Headgear and parts thereof,133050.0,-128905.0,9.0,18.0,12.0,21.0,5967.0,0.3,1.0,4.5,KSA,Import,0.450410562700326,-0.08776937745635441,0.623222272977088,-1.062672194310499,-0.5255710853852417,0.6872634893402716,-0.38624832617478533,0.13682644641330358,0.42298742409331774,-0.9624763458900094
60.0,Knitted or crocheted fabrics,103931.0,-96105.0,17.0,-4.0,4.0,55.0,7168.0,0.67,1.0,4.5,KSA,Import,0.130655094515443,1.873853181589308,0.502201097527281,-0.7964380634287198,-0.35544002849165807,0.6443399061421066,-0.38648364144498254,0.5078176158945651,-1.1051424648061714,0.02766028604903088
59.0,"Impregnated, coated, covered or laminated textile fabrics; textile articles of a kind suitable ...",83946.0,-75165.0,3.0,28.0,4.0,54.0,5961.0,0.17,1.0,4.5,KSA,Import,0.037887057588547615,0.27861303200876947,-0.3892074878766204,-0.953828270599382,0.15489783495977796,0.11429969497169769,0.5047754321726634,-0.12665867368868816,0.3985736965359773,0.01354465082002235
81.0,Other base metals; cermets; articles thereof,69555.0,40062.0,24.0,-29.0,11.0,41.0,7026.0,0.27,1.0,4.5,KSA,Import,0.5986730245914815,0.4548822636703929,0.6835808850402698,-1.1917756933926242,-0.7981632627974963,0.9312728661936264,-0.5546461957218226,-0.19370609887670884,0.8087635606773064,-0.04660983532071766
13.0,"Lac; gums, resins and other vegetable saps and extracts",62063.0,-53728.0,2.0,3.0,9.0,32.0,4007.0,0.08,1.0,4.5,KSA,Import,0.04952138535589915,-1.7209334321331171,0.06976020167467938,-0.7641267917769864,0.48340941006223925,-0.39076305654675303,0.2244624416585313,0.35278604336403535,-0.06182023844546739,-0.4504668302702558
67.0,Prepared feathers and down and articles made of feathers or of down; artificial flowers; articles ...,53143.0,-51938.0,3.0,-4.0,8.0,22.0,6919.0,0.87,1.0,4.5,KSA,Import,0.15514853184622635,2.008901095112333,0.7886306349799327,-0.7906011042858997,-0.7456941072297856,1.0757063636029176,-0.7311001925212652,0.8492608412174496,-1.509913036373914,-1.4579410335942724
58.0,Special woven fabrics; tufted textile fabrics; lace; tapestries; trimmings; embroidery,41034.0,-38783.0,0.0,4.0,2.0,46.0,6197.0,0.3,1.0,4.5,KSA,Import,-0.007382031461683288,0.7680331378082603,-0.4329207081111256,-1.0890154051421732,0.20037766845293814,0.18732697212690336,0.565288603609153,-0.00993957214047076,-0.20521698842379668,-0.18948551377979808
46.0,"Manufactures of straw, of esparto or of other plaiting materials; basketware and wickerwork",39948.0,-37838.0,-9.0,-6.0,4.0,12.0,5692.0,0.34,1.0,4.5,KSA,Import,0.07310660477942257,0.22719886255074098,-0.26563002298298444,-1.372317635608439,0.265756019656999,0.21017163238562936,0.5558700432226297,0.2701400412985713,-0.6051115266905339,-1.1203109107923002
52.0,Cotton,39341.0,-35023.0,9.0,3.0,2.0,76.0,3942.0,0.17,1.0,4.5,KSA,Import,-0.16907068401850844,0.0004450926781414272,-0.3816772477008509,-0.12021296186073493,0.47330728830633084,-0.3680800396937627,0.5445921362181937,-0.7366846898925495,-0.03767888337017074,0.38987739295305096
36.0,Explosives; pyrotechnic products; matches; pyrophoric alloys; certain combustible preparations,33861.0,-32212.0,15.0,8.0,10.0,42.0,7801.0,0.21,1.0,4.5,KSA,Import,0.3464064149573506,-0.2379521724222137,0.3468958683244104,-1.5531760610666903,-0.28391007216416075,0.47744628895026314,-0.28849944799728466,1.0196215097013053,0.4362249975423012,0.2932818721228466
37.0,Photographic or cinematographic goods,26480.0,-22833.0,-1.0,-3.0,0.0,50.0,6954.0,0.16,1.0,4.5,KSA,Import,-0.0684397547283276,0.3366170040639129,-0.8032320212939589,-1.5445207531896272,0.5552752804168108,-0.08991487958275017,0.9086517508422963,0.3991493058648103,-0.11148397973905708,0.41830546790755674
14.0,Vegetable plaiting materials; vegetable products not elsewhere specified or included,23375.0,-23299.0,58.0,15.0,18.0,19.0,4114.0,0.43,1.0,4.5,KSA,Import,0.9839223359776602,-1.5273694974266276,2.8435896912643717,-0.5334447243118808,-0.41779037857480894,0.23079568541860151,-1.715391640989922,0.3489501634683954,-0.7759627848941028,0.08026632390090896
53.0,Other vegetable textile fibres; paper yarn and woven fabrics of paper yarn,16614.0,-16285.0,0.0,-37.0,8.0,45.0,4012.0,0.23,1.0,4.5,KSA,Import,-0.024571294389553584,-0.48714446480288753,-0.08871053051056844,-0.32900544409983506,-0.006271516900274596,0.07193818392640379,0.0787046492648123,-0.3324141437989571,0.025471716164821197,-0.7334282675501821
51.0,"Wool, fine or coarse animal hair; horsehair yarn and woven fabric",14316.0,-11873.0,2.0,22.0,1.0,59.0,3757.0,0.22,1.0,4.5,KSA,Import,-0.1793982520768304,0.10436137471078075,-0.4236263998304976,-0.28708031374877746,0.6167162432401381,-0.3825030484206094,0.7480850145690457,-0.6960058370589086,-0.3460428020208746,-0.11859177205172036
66.0,"Umbrellas, sun umbrellas, walking sticks, seat-sticks, whips, riding-crops and parts thereof",13317.0,-10623.0,12.0,43.0,7.0,39.0,5943.0,0.47,1.0,4.5,KSA,Import,0.2367875082888648,0.913294625635862,0.5498402328290343,-0.7489724379353816,-0.28238936277710625,0.5264044087588116,-0.21278737239848033,0.0481810722596041,-0.3308238637342122,-0.5531834289920016
80.0,Tin and articles thereof,12987.0,-641.0,8.0,-23.0,14.0,39.0,5990.0,0.16,1.0,4.5,KSA,Import,0.38360290709358563,-0.31925061351822553,0.32104555480257146,-0.8382004841040431,-0.8291421062860852,0.8331942473068559,-0.48163898649510695,-0.18093590462243983,1.2820195136154096,-0.7401157871004064
5.0,"Products of animal origin, not elsewhere specified or included",9619.0,-9312.0,5.0,54.0,2.0,68.0,9842.0,0.3,1.0,4.5,KSA,Import,-0.14177376504099246,0.6866390801780708,-0.5086409685219346,-1.9273304746398643,0.35198301530461634,0.08081867265431086,0.3650766159011034,2.1908868729786004,-0.37674677647279575,1.2764971548977697
92.0,Musical instruments; parts and accessories of such articles,9355.0,-6831.0,1.0,-16.0,6.0,57.0,6937.0,0.18,1.0,4.5,KSA,Import,0.1260249171550584,0.8948937776304643,-0.5265138137750524,-1.045842861052513,-0.4728892054631814,0.7153401785292905,0.2723833864331391,-0.40533513237320423,1.0931608776467132,-0.202209163379324
78.0,Lead and articles thereof,7442.0,105399.0,10.0,-58.0,8.0,53.0,5954.0,0.17,1.0,4.5,KSA,Import,0.23256643456887552,0.19492037544479618,-0.10156229257651853,-0.8565790517687095,-0.43780165518997377,0.5632530937962229,-0.02319740092232226,-0.4986203662019642,0.8127559145266446,-0.11570039497279204
43.0,Furskins and artificial fur; manufactures thereof,5483.0,-5447.0,-2.0,13.0,-17.0,38.0,3532.0,0.24,1.0,4.5,KSA,Import,-0.2798092941531765,1.3625365542184578,-1.3844562187948508,-1.285356934351413,2.133922082221409,-1.1753373617956269,2.587948001706913,-1.5963873217972848,-1.9435531671352972,0.4350119836736623
50.0,Silk,4615.0,-4513.0,30.0,40.0,3.0,41.0,5671.0,0.25,1.0,4.5,KSA,Import,0.47073781550333776,0.31044421752568674,0.6359960373883492,-1.1965306722743758,0.34176272576174177,0.0010843526771434097,0.23946382142291686,-0.4458404675400498,-0.25869445093963134,0.5871307530974493
41.0,Raw hides and skins (other than furskins) and leather,1427.0,35907.0,19.0,-15.0,-1.0,95.0,5664.0,0.4,1.0,4.5,KSA,Import,-0.2481105549634548,1.0911451482251682,-0.22874186075713063,-0.2526048478105525,0.4086688327298533,-0.23902155070792747,0.2784059707576884,-0.03730140259640631,-0.8834814537477123,1.234639558235653
93.0,Arms and ammunition; parts and accessories thereof,13.0,0.0,7.0,-37.0,11.0,181.0,7961.0,0.29,1.0,4.5,KSA,Import,-0.7233018818354181,1.5608441531214625,-0.939720394064481,1.0483975483291728,-1.4216129386527288,0.8485519960259053,-0.9769301850921372,0.5466285612409915,1.8848903158308714,1.6519202354837161
87.0,"Vehicles other than railway or tramway rolling stock, and parts and accessories thereof",5957375.0,-5062088.0,10.0,25.0,8.0,50.0,7344.0,0.15,1.0,4.5,KWT,Import,1.2426184031397491,0.6870363937791475,-0.37818517328458323,-1.126422455310073,-0.6238628502281691,0.4928202701177456,0.029027236795339643,-0.0792127435314126,1.3332528898625502,-0.17793351486596806
85.0,"Electrical machinery and equipment and parts thereof; sound recorders and reproducers, television ...",3528411.0,-3258935.0,-1.0,20.0,7.0,61.0,5776.0,0.31,1.0,4.5,KWT,Import,0.4986645686458322,0.8963952195565411,-0.45089467076977346,-0.3311092895639927,-0.48145840482812136,0.38573705461617774,0.019158864944860722,-0.23625733015513406,0.6123485748178763,-0.6525447616501681
84.0,"Nuclear reactors, boilers, machinery and mechanical appliances; parts thereof",3387634.0,-3136070.0,-1.0,8.0,6.0,68.0,6222.0,0.18,1.0,4.5,KWT,Import,0.467863772068371,0.7147462480392769,-0.7546239326363645,-0.5553500168622769,-0.3819510146740511,0.3131994176886408,0.24269278807008027,-0.27816544637345014,1.0140341414594012,-0.2394234324585648
71.0,"Natural or cultured pearls, precious or semi-precious stones, precious metals, metals clad ...",2149885.0,-1861536.0,26.0,-12.0,10.0,30.0,2093.0,0.39,1.0,4.5,KWT,Import,0.7689242921828926,-0.30323256801986354,1.1566286221478321,0.23219058398991105,-0.2170295417923855,0.061043557734300244,-0.5229038057793225,-1.3523609729381547,-0.4397122252222588,-1.0201862971845355
30.0,Pharmaceutical products,1987683.0,-1943950.0,8.0,26.0,10.0,52.0,5491.0,0.1,1.0,4.5,KWT,Import,0.3882789239332193,-1.0179151398539035,0.0022581938748291097,-0.7398163528944776,0.03434367061282896,-0.1315358623019897,-0.0737012048379074,0.552096689578782,0.5283616323008835,-0.004445633057386968
73.0,Articles of iron or steel,1424558.0,-1343892.0,-3.0,-4.0,9.0,50.0,5205.0,0.3,1.0,4.5,KWT,Import,0.19873808775617474,0.2825171143770623,-0.2033425625621033,-0.3608224945183725,-0.4269922775399561,0.4175287803941283,-0.090904074912839,-0.13298885760150664,0.426355021149302,-0.9092025429803301
90.0,"Optical, photographic, cinematographic, measuring, checking, precision, medical or surgical ...",881286.0,-830540.0,-1.0,12.0,4.0,60.0,7451.0,0.12,1.0,4.5,KWT,Import,0.21910457454191104,1.0118168893021615,-0.8265685816109379,-1.2569892224898458,-0.29451665589945536,0.5682701156079601,0.5632225096311012,-0.30164734807333216,1.2469892124698347,0.029291434415175344
39.0,Plastics and articles thereof,847088.0,-163358.0,-2.0,-9.0,6.0,76.0,4291.0,0.15,1.0,4.5,KWT,Import,-0.21183323762257636,-0.5661680102966249,-0.5696133971597033,-0.032935373423481046,0.23313000699565548,-0.2762234321693873,0.3158504875167122,0.018219981300446487,0.18030432361128382,0.02463623486081014
61.0,"Articles of apparel and clothing accessories, knitted or crocheted",844690.0,-806797.0,13.0,-12.0,6.0,43.0,4807.0,0.16,1.0,4.5,KWT,Import,0.3780176126972752,-0.1901294723229066,0.06480433747792708,-0.784199165837392,0.06826196582652672,0.06653884209529667,0.22463815824529207,-0.6179947052134753,0.30690700006261784,-0.15590885802066104
33.0,"Essential oils and resinoids; perfumery, cosmetic or toilet preparations",842454.0,-673715.0,9.0,10.0,6.0,44.0,4509.0,0.09,1.0,4.5,KWT,Import,0.22990409366089934,-0.9184914072197949,-0.05037197783233898,-0.7873427483960806,0.4317617746300835,-0.314818988339311,0.37740680526060166,-0.1155660518391355,0.11642748936568494,-0.006817501586588755
72.0,Iron and steel,781298.0,-704545.0,2.0,-17.0,12.0,72.0,2707.0,0.15,1.0,4.5,KWT,Import,-0.01810320962805986,-0.802877747731393,-0.045913220250523294,0.6536965654829295,-0.3778892581868561,0.059859319749161206,-0.2891943222297555,-0.8777736998652633,0.8618452390840935,-0.7672671628972413
2.0,Meat and edible meat offal,746582.0,-742439.0,8.0,-6.0,6.0,37.0,7599.0,0.15,1.0,4.5,KWT,Import,0.25390231752931436,-0.7479156334582169,-0.13352191373193534,-1.8446479894440182,0.3912001560699936,-0.10536199828235512,0.23971227862242564,1.4678795643845057,-0.21108630998400144,0.5310314267464176
4.0,"Dairy produce; birds' eggs; natural honey; edible products of animal origin, not elsewhere ...",690204.0,-556008.0,4.0,8.0,7.0,40.0,3980.0,0.15,1.0,4.5,KWT,Import,0.039561311271513036,-1.4835430632651838,0.03340935664194655,-0.6291967732984364,0.6495023214151192,-0.5767831682145466,0.2647030494806804,0.5098637049665459,-0.5149800210832257,-0.1939977534163844
10.0,Cereals,684688.0,-684502.0,2.0,-6.0,13.0,52.0,7749.0,0.29,1.0,4.5,KWT,Import,0.08157050918216405,-0.7050143514667285,0.11954531287828962,-1.133080296805151,-0.37422997519263607,0.3509494929691785,-0.6129338295354946,2.0322607087179874,0.08813885793139993,-0.009646006546318983
94.0,"Furniture; bedding, mattresses, mattress supports, cushions and similar stuffed furnishings; ...",648483.0,-576890.0,0.0,8.0,4.0,51.0,4892.0,0.19,1.0,4.5,KWT,Import,0.1650173290518837,0.7216667707953281,-0.4826551120784668,-0.5617007881707693,-0.11184502757736156,0.3230145022302916,0.5432080837373433,-1.1088265076051302,0.7029415582550423,-0.5988100468027446
62.0,"Articles of apparel and clothing accessories, not knitted or crocheted",602110.0,-573737.0,3.0,2.0,3.0,47.0,4544.0,0.13,1.0,4.5,KWT,Import,0.1320402787895402,-0.025818574414969934,-0.42913677759317825,-0.7337711045384787,0.34569252343097195,-0.11303328494488458,0.6791177746535128,-0.739367807872648,0.2506320743384978,-0.2393789229600572
25.0,"Salt; sulphur; earths and stone; plastering materials, lime and cement",521274.0,-516407.0,2.0,-12.0,14.0,29.0,1032.0,0.35,1.0,4.5,KWT,Import,0.027602095655240123,-1.7944898718146514,0.8203575104208852,0.6319429869613392,0.06868313441439423,-0.3179633607641309,-0.5707438251948651,-0.20156849242296646,-0.7860702419340733,-1.6792206361809687
8.0,Edible fruit and nuts; peel of citrus fruit or melons,495985.0,-489213.0,-1.0,2.0,3.0,44.0,5658.0,0.06,1.0,4.5,KWT,Import,-0.029097363409044175,-0.9805009448419665,-0.6009193402989174,-1.3086791626296963,0.8064558702767924,-0.5194832741216991,0.7783078756480319,0.6740085811269029,-0.2088533535622044,0.2935564094554282
19.0,"Preparations of cereals, flour, starch or milk; pastrycooks' products",495850.0,-451442.0,6.0,13.0,9.0,43.0,3393.0,0.09,1.0,4.5,KWT,Import,0.08234573431990404,-1.642222137114915,0.14781273497957564,-0.3716758829185721,0.4529219832651088,-0.4761850286646568,0.13801658889399385,0.05299329646052063,-0.01582329934110672,-0.3366250343784522
21.0,Miscellaneous edible preparations,462219.0,-427377.0,9.0,19.0,9.0,51.0,4607.0,0.11,1.0,4.5,KWT,Import,0.10486172021591374,-1.2694701027701503,0.13747098148205678,-0.5850324955674966,0.2895893597303351,-0.2945594271393287,0.028458077235456916,0.37225630619518557,0.14529231437787443,0.026460569612203687
38.0,Miscellaneous chemical products,432672.0,-267037.0,-3.0,6.0,8.0,72.0,6290.0,0.16,1.0,4.5,KWT,Import,-0.16342344632227235,-0.3289571607246906,-0.5339870439174795,-0.6147936921978814,-0.06569176470867376,0.08393685281210529,0.0914288557001623,0.7524861320936981,0.5303676163265315,0.13312952117505905
64.0,"Footwear, gaiters and the like; parts of such articles",423373.0,-398645.0,15.0,2.0,6.0,54.0,5334.0,0.2,1.0,4.5,KWT,Import,0.2736601683763861,0.1378147538665111,0.10223710242296222,-0.7119688823189033,-0.04533578857387562,0.17717621588077545,0.11399813649955554,-0.4742158471407424,0.36206356381892313,0.08727766014553376
34.0,"Soap, organic surface-active agents, washing preparations, lubricating preparations, artificial ...",391011.0,-355671.0,0.0,53.0,6.0,48.0,2512.0,0.27,1.0,4.5,KWT,Import,-0.13497779562442175,-0.744145277543663,0.0760853913588279,0.16272239303969785,0.5419787708124637,-0.5068908784656091,0.30214615236686815,-0.3362889934235117,-0.5722597216719434,-0.7742076030710983
48.0,"Paper and paperboard; articles of paper pulp, of paper or of paperboard",387301.0,-313192.0,4.0,-19.0,5.0,74.0,3190.0,0.15,1.0,4.5,KWT,Import,-0.18590955316920907,-0.5518498677418587,-0.37540500805022564,0.18240064353359323,0.33794614081448776,-0.3881267186590262,0.3367101552225028,-0.6701125305920054,0.06189642046688211,-0.012815750698683981
7.0,Edible vegetables and certain roots and tubers,358752.0,-357288.0,0.0,8.0,7.0,46.0,3253.0,0.08,1.0,4.5,KWT,Import,-0.11278368689898328,-1.736889393107047,-0.16137959767498605,-0.3733928030062833,0.7280375367989206,-0.7010899211937971,0.3933065524150974,0.23099291888461965,-0.2925105215934799,-0.26617882859674885
40.0,Rubber and articles thereof,332139.0,-318788.0,5.0,5.0,6.0,69.0,5926.0,0.13,1.0,4.5,KWT,Import,-0.0449822791963139,-0.29407158385939747,-0.3940896024901916,-0.718719344962596,0.13491048310152418,-0.05290072776790122,0.2421918355626933,0.3210178947136716,0.4199508137936762,0.3969161698599685
20.0,"Preparations of vegetables, fruit, nuts or other parts of plants",319688.0,-263056.0,-1.0,31.0,8.0,45.0,4350.0,0.08,1.0,4.5,KWT,Import,-0.034512892975550116,-1.3547698646057822,-0.17420061606236095,-0.6287561525494825,0.45566433241758125,-0.38406905500006655,0.3273463924055731,0.3752541287108286,0.14234254737817678,-0.30577751654372365
42.0,"Articles of leather; saddlery and harness; travel goods, handbags and similar containers; articles ...",318666.0,-295329.0,11.0,1.0,7.0,40.0,4905.0,0.22,1.0,4.5,KWT,Import,0.22444529098368163,-0.43742244085457654,0.22613496471057418,-0.7889941929500041,0.15290446394122878,-0.002794874909612397,0.0890983564298861,-0.05248909184945206,-0.08299167144470139,-0.2169849222624572
24.0,"Tobacco and manufactured tobacco substitutes; products, whether or not containing nicotine, ...",310528.0,-305801.0,3.0,-6.0,3.0,43.0,3260.0,0.22,1.0,4.5,KWT,Import,-0.0788363366459381,-0.7434010904110405,-0.153078507277913,-0.4086167807376321,0.7707662981447394,-0.586092445421157,0.568373199479049,-0.2596379415189586,-0.8064492455121939,-0.3024985647422045
99.0,Commodities not elsewhere specified,299102.0,-250885.0,73.0,10.0,8.0,56.0,4590.0,0.22,1.0,4.5,KWT,Import,1.2263476718555437,0.5198061548791968,2.0359637402822965,-0.584804573713938,-0.46917218291635554,0.47186712674586156,-0.7546910160279464,-2.1742348912089033,0.6726721915125722,1.2989381533197744
91.0,Clocks and watches and parts thereof,298968.0,-266521.0,8.0,3.0,6.0,31.0,4234.0,0.79,1.0,4.5,KWT,Import,0.1822529691764162,1.9088353071018058,0.8006416292624083,0.030949558010132674,-0.5280427606832219,0.7428860339596286,-0.4590041316802143,-0.6681668287667594,-1.32961946015386,-1.5923444559774025
76.0,Aluminium and articles thereof,284275.0,-213426.0,5.0,-34.0,12.0,69.0,2584.0,0.17,1.0,4.5,KWT,Import,-0.022979271899466525,-0.7361385160947671,0.0939472559554894,0.6339662397426474,-0.42336989179782647,0.14380049279853468,-0.3431283145408952,-1.0597295222558953,0.7870494025240325,-0.7788708432756183
88.0,"Aircraft, spacecraft, and parts thereof",279123.0,-278095.0,141.0,1812.0,-3.0,54.0,7656.0,0.35,1.0,4.5,KWT,Import,2.314732163192886,3.9139879219693916,6.519654304336686,-1.0653162631533086,2.380481627462895,-1.3682865849723185,0.9882220613511623,-0.739854030653263,1.9526196051756814,3.2877275090303315
29.0,Organic chemicals,273566.0,1378054.0,4.0,12.0,8.0,71.0,3535.0,0.19,1.0,4.5,KWT,Import,-0.23617940129235696,-0.9776709172093989,-0.03284923417954856,0.20117374681713118,0.25407156336394626,-0.29920506766608435,0.11108211740152801,0.06380367549274775,-0.0895900598096283,-0.05853103198151373
74.0,Copper and articles thereof,270648.0,-234656.0,12.0,10.0,12.0,58.0,3323.0,0.19,1.0,4.5,KWT,Import,0.18776037229368536,-0.5810671538647914,0.4452335621175716,0.23292521308191497,-0.40138351327078675,0.22434890647399952,-0.3819447861385406,-0.8792998747949105,0.7595472179338996,-0.657838446211539
15.0,"Animal, vegetable or microbial fats and oils and their cleavage products; prepared edible fats; ...",265620.0,-255403.0,17.0,-10.0,17.0,78.0,5933.0,0.18,1.0,4.5,KWT,Import,0.06148418643808983,-1.493430988812626,0.6126543536489569,-0.19693757178444846,-0.5550961820215251,0.18322622692077664,-1.098724260234976,1.3341111947575115,0.6427458908107289,0.4357907932231238
27.0,"Mineral fuels, mineral oils and products of their distillation; bituminous substances; mineral ...",241228.0,77901326.0,10.0,21.0,19.0,163.0,3398.0,0.24,1.0,4.5,KWT,Import,-2.0237081309248124,-2.6938339533302442,1.997662556662892,3.759603106939375,-1.8764571688133376,4.32928225995108,3.0637260222296705,1.3751220175038246,0.11432136306200315,1.9628602473822547
44.0,Wood and articles of wood; wood charcoal,235877.0,-231081.0,4.0,-14.0,5.0,68.0,5169.0,0.1,1.0,4.5,KWT,Import,-0.08257212975397492,-0.39390244180786954,-0.49519059693501305,-0.5846662944726485,0.24732657827053178,-0.15833659332888717,0.394019850530342,-0.08134043761233971,0.38039006005737225,0.30409165818325096
68.0,"Articles of stone, plaster, cement, asbestos, mica or similar materials",223957.0,-215147.0,1.0,15.0,5.0,48.0,2701.0,0.14,1.0,4.5,KWT,Import,0.0022505576908063945,-0.40675781964470376,-0.22204451332282196,-0.045778027011904136,0.3238744427160672,-0.22448529697379443,0.5450697996177482,-1.240350584948443,0.247811443638314,-0.745038250591365
22.0,"Beverages, spirits and vinegar",218044.0,-184381.0,18.0,26.0,6.0,69.0,3493.0,0.13,1.0,4.5,KWT,Import,-0.009435335000693526,-1.078236051378682,0.22999399644743865,-0.08968512194233058,0.5640227852810008,-0.606840222945608,0.1422490184908333,-0.2033004383976408,-0.18086871273811622,0.5277411138773134
69.0,Ceramic products,217749.0,-214688.0,8.0,-1.0,5.0,55.0,3840.0,0.28,1.0,4.5,KWT,Import,0.05191948247741174,0.23532152122125283,0.010230552569985086,-0.14802158513628938,0.06960112243940286,0.03486927505932302,0.21100091874929364,-0.8779399878059803,-0.04588619004229326,-0.4196841619030138
3.0,"Fish and crustaceans, molluscs and other aquatic invertebrates",217521.0,-216804.0,1.0,1.0,5.0,53.0,2866.0,0.13,1.0,4.5,KWT,Import,-0.2369597125370158,-1.5570725721308607,-0.20996738163517484,-0.18164802861175686,0.895520776186228,-0.8535225477648928,0.47907213469087195,0.13893795793248817,-0.676362252824596,-0.1024337170064767
9.0,"Coffee, tea, maté and spices",211575.0,-196777.0,4.0,4.0,8.0,53.0,3877.0,0.12,1.0,4.5,KWT,Import,-0.1044477113332853,-1.5248742250409175,-0.0249697141835429,-0.3762120870310237,0.5219497046781042,-0.530628549734246,0.15639165161572036,0.4241789398563574,-0.2228600221578458,-0.05393476080884105
18.0,Cocoa and cocoa preparations,205869.0,-202991.0,0.0,23.0,6.0,52.0,3875.0,0.06,1.0,4.5,KWT,Import,-0.12765753086479253,-1.3474243165927953,-0.308362103126415,-0.4907141556320528,0.6595331280449424,-0.5786828638835756,0.5052473540163839,0.1384946193551108,-0.001998187589064577,-0.0865334810857448
96.0,Miscellaneous manufactured articles,202536.0,-196640.0,7.0,8.0,6.0,57.0,3878.0,0.12,1.0,4.5,KWT,Import,0.16772963820657574,0.2245442916735718,-0.1956004506340044,-0.20272623488348976,-0.1502715170576396,0.23440253445002054,0.35806378200482014,-1.5130594389951506,0.9707658215853326,-0.4896197097117616
95.0,"Toys, games and sports requisites; parts and accessories thereof",181834.0,-175204.0,9.0,1.0,9.0,60.0,6485.0,0.49,1.0,4.5,KWT,Import,0.17071247885598115,1.488401290353388,0.28412185127774114,-0.38889991505029264,-0.8904207072887461,0.9701419431204631,-0.5169806999857266,-0.18421609225003413,0.326799170850586,-0.5768817163654457
1.0,Live animals,178215.0,-171020.0,-7.0,-4.0,4.0,34.0,3079.0,0.21,1.0,4.5,KWT,Import,-0.24849110642599162,-1.3433619309750364,-0.2950829004883471,-0.4787355624305664,0.9653934521239853,-0.7699975781971374,0.6326871028047927,0.3340624639583654,-1.0856527355001173,-0.6229749080154898
32.0,"Tanning or dyeing extracts; tannins and their derivatives; dyes, pigments and other colouring ...",165307.0,-150797.0,5.0,2.0,3.0,72.0,2382.0,0.24,1.0,4.5,KWT,Import,-0.3151672413131654,-0.576135150920073,-0.21564367287757122,0.3825533898570234,0.6945271128468007,-0.6976414009062349,0.42984052575507803,-0.595268905164433,-0.6941725967604717,-0.023706108122756617
17.0,Sugars and sugar confectionery,161883.0,-150554.0,12.0,0.0,15.0,78.0,3628.0,0.1,1.0,4.5,KWT,Import,-0.10201068962308643,-1.9550587401161557,0.4136102387340076,0.3549070550324468,-0.13089825284760326,-0.268976647053737,-0.6856623033988315,0.504508420019605,0.527095208269322,0.10972133807467674
70.0,Glass and glassware,146140.0,-73842.0,-2.0,-10.0,6.0,66.0,4365.0,0.16,1.0,4.5,KWT,Import,-0.13099171453409922,-0.012765134227760646,-0.5107920367708225,-0.1700453311343688,-0.02719818822704871,0.07921277549933867,0.3362985188193834,-0.6409490054988825,0.5707217619618061,-0.367943557320354
16.0,"Preparations of meat, of fish, of crustaceans, molluscs or other aquatic invertebrates, or ...",142797.0,-102937.0,0.0,0.0,4.0,47.0,4204.0,0.15,1.0,4.5,KWT,Import,-0.14106595067901628,-0.9529140340639343,-0.3299189160100449,-0.668332787507636,0.7250448551493232,-0.5354646834134762,0.5730692781922332,0.2223394148672569,-0.47721056967023584,-0.08165566936541008
23.0,Residues and waste from the food industries; prepared animal fodder,122312.0,-121410.0,15.0,-10.0,11.0,91.0,5388.0,0.11,1.0,4.5,KWT,Import,-0.12134638307873859,-1.0892077588137339,0.05929615509346087,-0.11259045753978214,-0.10395109273561873,-0.14109365876674487,-0.4372226735353703,0.6647247268076162,0.5722819082802643,0.846605030343483
28.0,"Inorganic chemicals; organic or inorganic compounds of precious metals, of rare-earth metals, ...",120632.0,-73154.0,5.0,15.0,17.0,90.0,5411.0,0.14,1.0,4.5,KWT,Import,-0.205118139043603,-1.3936384282717227,0.17009199905126066,0.2260982561455741,-0.6008704739586346,0.17274776172658435,-0.9064567439646096,1.1167004246574732,1.0473697588497635,0.11951676094437119
12.0,"Oil seeds and oleaginous fruits; miscellaneous grains, seeds and fruit; industrial or medicinal ...",112363.0,-112137.0,10.0,7.0,13.0,69.0,3273.0,0.09,1.0,4.5,KWT,Import,-0.1120351017751071,-2.011272304899408,0.3360063976879037,0.21786479938685455,0.14641002082387844,-0.4411459681485046,-0.4081958720865811,0.3898175430119242,0.26394338471392376,0.01387256334871734
82.0,"Tools, implements, cutlery, spoons and forks, of base metal; parts thereof of base metal",107935.0,-101416.0,1.0,7.0,5.0,68.0,6193.0,0.14,1.0,4.5,KWT,Import,-0.001149685366533062,0.617575956011687,-0.6178741724184411,-0.7293290896907342,-0.2072515200922167,0.38311041925930867,0.4047328804895155,-0.45633590744762836,0.9984873988873147,0.017953574808130254
83.0,Miscellaneous articles of base metal,106079.0,-102761.0,0.0,-11.0,6.0,77.0,5263.0,0.14,1.0,4.5,KWT,Import,-0.1117728740334776,0.3940904051259068,-0.6308483186135796,-0.2601278557870851,-0.2531782297884233,0.29481690724547666,0.28250025645500865,-0.6677577511980896,0.9964935137583998,-0.07356340771148769
63.0,Other made-up textile articles; sets; worn clothing and worn textile articles; rags,91684.0,-82336.0,-11.0,-20.0,-1.0,84.0,4708.0,0.22,1.0,4.5,KWT,Import,-0.5140844525149801,0.7518424583025524,-1.276261423985049,-0.15398750851700022,0.4415898339411024,-0.2294568683005222,0.9433339175116192,-0.5376914895244096,-0.05342894867546146,0.07180295373459446
54.0,Man-made filaments; strip and the like of man-made textile materials,68925.0,-67081.0,2.0,4.0,5.0,74.0,5685.0,0.21,1.0,4.5,KWT,Import,-0.17075412605596219,0.23152065127917984,-0.4774977832364311,-0.4639584205792924,0.03689723690127442,0.06483371451565885,0.2626381641042563,0.04885726452413743,0.3148212559600502,0.1988909223162682
57.0,Carpets and other textile floor coverings,65782.0,-65117.0,1.0,20.0,3.0,40.0,2756.0,0.19,1.0,4.5,KWT,Import,-0.02528585622696161,-0.3243184515105751,-0.1878060231891415,-0.24571245772495645,0.573611262691665,-0.3536099785876147,0.703216203566189,-1.078043016641859,-0.25001825337889333,-0.7230342280581438
55.0,Man-made staple fibres,60488.0,-59424.0,4.0,28.0,3.0,76.0,6106.0,0.26,1.0,4.5,KWT,Import,-0.1718308572138913,0.6677501522708207,-0.4721734082563206,-0.5709764562824706,0.13165162039016795,0.054540310458803885,0.3735313406028893,0.09374519819032698,0.1209929388069273,0.38305627116944796
6.0,"Live trees and other plants; bulbs, roots and the like; cut flowers and ornamental foliage",45330.0,-45227.0,9.0,-5.0,4.0,47.0,5847.0,0.18,1.0,4.5,KWT,Import,0.002183731124771916,-0.7320193196756285,-0.1089860594262438,-1.2046941474051052,0.6369245171428908,-0.3750109901591202,0.38534912402470983,0.7939323237841734,-0.559350846832945,0.49420848968994496
49.0,"Printed books, newspapers, pictures and other products of the printing industry; manuscripts, ...",41586.0,-36765.0,-4.0,7.0,2.0,81.0,6324.0,0.14,1.0,4.5,KWT,Import,-0.3196015571889585,0.3620032705253858,-0.9961839464284925,-0.7190778525944397,0.28600925121170395,-0.08035157535500932,0.6781807200687561,0.21178010569741415,0.3948904816912331,0.5220959830905558
35.0,Albuminoidal substances; modified starches; glues; enzymes,41202.0,-40544.0,10.0,12.0,10.0,79.0,3519.0,0.19,1.0,4.5,KWT,Import,-0.180230040316475,-0.9763676819896955,0.1739936713700302,0.36708504753057586,0.04749471580534578,-0.265199884925335,-0.2762823518509396,-0.0361820270845667,0.1785935645913233,0.06480497911419396
89.0,"Ships, boats and floating structures",39581.0,-36406.0,-16.0,-9.0,3.0,90.0,5707.0,0.18,1.0,4.5,KWT,Import,-0.4765512505666011,1.0112385713148762,-1.3746111624701915,-0.14412588993351885,-0.1813786636453385,0.29642676948410324,0.6544616296407669,-0.4947754237713212,0.9424906137921698,-0.2061848257930467
11.0,Products of the milling industry; malt; starches; inulin; wheat gluten,27049.0,19984.0,7.0,6.0,12.0,123.0,3471.0,0.09,1.0,4.5,KWT,Import,-0.6080390068184953,-1.655772815140208,-0.21909845122937818,1.050217622767451,0.05876299435277645,-0.5960284538512207,-0.4986705622797614,0.6250857894120626,0.5146101785180764,0.8591596160386007
65.0,Headgear and parts thereof,22787.0,-21360.0,10.0,16.0,12.0,59.0,5393.0,0.21,1.0,4.5,KWT,Import,0.1537406941902677,-0.27126122402266856,0.3051259298329842,-0.3599317826151106,-0.5190973627375857,0.452520809027251,-0.4238452387650059,-0.03166947649444863,0.8400011506147185,-0.3212167674522327
52.0,Cotton,21644.0,-21466.0,3.0,6.0,2.0,99.0,4095.0,0.19,1.0,4.5,KWT,Import,-0.4483140964854204,0.1963060119628394,-0.7167202689277257,0.283986435156043,0.3836609014104987,-0.3914023736379056,0.4945432640878466,-0.5016986213435537,0.07472180999697157,0.5670747901628258
31.0,Fertilisers,19689.0,-19662.0,16.0,4.0,19.0,142.0,2397.0,0.12,1.0,4.5,KWT,Import,-0.5438816244958343,-1.9218849600872372,0.38918934757492013,2.0103129909686146,-0.6428345347492488,-0.29369356390252443,-1.3739569033275398,0.23999955836713202,1.151213124539717,0.6674300404552279
56.0,"Wadding, felt and nonwovens; special yarns; twine, cordage, ropes and cables and articles thereof",19388.0,-18632.0,-5.0,-14.0,3.0,102.0,4170.0,0.14,1.0,4.5,KWT,Import,-0.5556199392736106,0.05821947087642876,-1.032900995614942,0.3335783267311942,0.26261837126938964,-0.31410506466225296,0.5294748501203399,-0.44750926339834607,0.3928870866098999,0.3752412824336152
59.0,"Impregnated, coated, covered or laminated textile fabrics; textile articles of a kind suitable ...",17123.0,-17068.0,-5.0,15.0,4.0,89.0,5209.0,0.23,1.0,4.5,KWT,Import,-0.42289939836834667,0.44610694073030277,-0.7936551753601889,-0.02613840998456825,0.07069496850721547,-0.02643924601512114,0.3767036363475414,-0.06126756908946958,0.32329916784404406,0.13370803144275578
36.0,Explosives; pyrotechnic products; matches; pyrophoric alloys; certain combustible preparations,17114.0,-16727.0,-6.0,25.0,10.0,63.0,7902.0,0.35,1.0,4.5,KWT,Import,-0.18801754721240532,0.2801391706752036,-0.2668552049091527,-0.9323098120088967,-0.42619769585054323,0.5266037681498538,-0.29914270879314225,1.6139681861485484,0.23019977634572109,-0.16809325189474322
60.0,Knitted or crocheted fabrics,16053.0,-15996.0,5.0,-14.0,4.0,105.0,6003.0,0.57,1.0,4.5,KWT,Import,-0.4773349687892563,1.5961730648636865,-0.2957385745934295,0.3429770987320666,-0.329636949362587,0.30065561666589324,-0.30391002499410474,0.3883161086216763,-0.6240400686121114,0.39229136117983493
47.0,Pulp of wood or of other fibrous cellulosic material; recovered (waste and scrap) paper or ...,11861.0,-1595.0,8.0,-28.0,6.0,86.0,7208.0,0.39,1.0,4.5,KWT,Import,-0.2004031034241216,0.8392606859444846,-0.2443508916543707,-0.5322015889192193,-0.31686336160600015,0.37538045191045183,-0.2560765478823942,0.8023637456830227,-0.09859369451201785,0.6034449543478386
58.0,Special woven fabrics; tufted textile fabrics; lace; tapestries; trimmings; embroidery,11139.0,-11025.0,-9.0,0.0,2.0,89.0,4832.0,0.17,1.0,4.5,KWT,Import,-0.5018797721286585,0.34221076000707,-1.1027571435398023,-0.05585303321368245,0.2922973016182143,-0.1972444667828902,0.6899367181594022,-0.28211186795866455,0.3033908098091675,0.15574619851378343
51.0,"Wool, fine or coarse animal hair; horsehair yarn and woven fabric",10815.0,-10764.0,19.0,40.0,1.0,68.0,3961.0,0.32,1.0,4.5,KWT,Import,-0.014592418361510569,0.47651227690546044,0.17268226434456482,-0.15747266844623947,0.5250514584303837,-0.33984060760872664,0.38923468662917277,-0.7453705954451175,-0.6262412470646609,0.4222451009866469
46.0,"Manufactures of straw, of esparto or of other plaiting materials; basketware and wickerwork",10795.0,-10725.0,14.0,51.0,4.0,32.0,5956.0,0.48,1.0,4.5,KWT,Import,0.22957795405084414,0.8089827639345183,0.5458502470784308,-1.0338803182563836,0.1588927185792283,0.21829432135192578,0.06361060105111277,0.26247417004423923,-0.9112563503649647,-0.29285570909952346
67.0,Prepared feathers and down and articles made of feathers or of down; artificial flowers; articles ...,10769.0,-10714.0,-1.0,-9.0,8.0,59.0,6170.0,0.73,1.0,4.5,KWT,Import,-0.1903617487613723,1.6476390867292856,0.26577213943078487,-0.08500821089243482,-0.6900099114989993,0.788159266890652,-0.639128529087512,0.648079901641794,-0.9469356740826926,-0.9462165519541204
93.0,Arms and ammunition; parts and accessories thereof,9419.0,-8326.0,-19.0,-45.0,11.0,75.0,4370.0,0.28,1.0,4.5,KWT,Import,-0.40603572829016293,0.3215750854897269,-0.7603482027602896,0.4474495018143891,-0.7770268384972269,0.6234039885195078,-0.16475323275542963,-0.44760037431032246,0.9611384068162256,-1.31429753408659
75.0,Nickel and articles thereof,8527.0,-7364.0,9.0,-7.0,16.0,60.0,6066.0,0.11,1.0,4.5,KWT,Import,0.2532076026187776,-0.5829361555295904,0.28057879485485243,-0.48906680302601846,-0.9487816571142714,0.7745490735106212,-0.6963734227000132,0.06781595719643536,1.6509228406872556,-0.3905474768500947
79.0,Zinc and articles thereof,7408.0,-6622.0,-7.0,-2.0,6.0,79.0,5377.0,0.16,1.0,4.5,KWT,Import,-0.26500327491017966,0.4168578036793038,-0.8190058602241731,-0.20355741814216802,-0.23250713126588157,0.2804035641803288,0.3357217757081124,-0.40735636395205,0.9372148426445149,-0.2265679998240403
86.0,"Railway or tramway locomotives, rolling stock and parts thereof; railway or tramway track fixtures ...",6954.0,4437.0,-8.0,-39.0,8.0,111.0,4601.0,0.22,1.0,4.5,KWT,Import,-0.5459380918477675,0.5015609998295605,-0.922817954538764,0.7252999248689276,-0.5576310594586421,0.3145045441586748,-0.07429689083581295,-0.5230337119486038,1.028927451213727,-0.10347125813990539
37.0,Photographic or cinematographic goods,6802.0,-6784.0,-7.0,-6.0,0.0,76.0,7123.0,0.29,1.0,4.5,KWT,Import,-0.4077361634470015,0.8444304040198473,-1.0396924289836458,-0.9664209864125289,0.37288476583284286,-0.04092773598517188,0.692949248564917,0.762999935955991,-0.3356593865355545,0.5121209287589908
13.0,"Lac; gums, resins and other vegetable saps and extracts",5957.0,-5772.0,5.0,-23.0,9.0,79.0,3487.0,0.13,1.0,4.5,KWT,Import,-0.3250471295788614,-1.4915407879694644,-0.13207169833907306,0.21766828411924144,0.33225531265121777,-0.5309819058477432,-0.08633081996666674,0.3275454285407578,-0.06998632875519054,0.23698307527340645
66.0,"Umbrellas, sun umbrellas, walking sticks, seat-sticks, whips, riding-crops and parts thereof",4638.0,-4187.0,33.0,41.0,7.0,73.0,3149.0,0.39,1.0,4.5,KWT,Import,0.2093597334148815,0.3009712759927175,1.0264446295254226,0.45659336839263354,-0.06190288536651404,-0.03215256198039745,-0.4467399661505318,-1.0811829476259145,-0.323414522970193,0.24777707607599878
97.0,"Works of art, collectors' pieces and antiques",4518.0,3790.0,-18.0,15.0,3.0,55.0,6358.0,0.16,1.0,4.5,KWT,Import,-0.17584286266562418,1.0866209876068769,-1.2127625986792048,-0.9154018929629338,-0.17417954326863622,0.5294220122812636,0.8661657385340312,-0.5456176984756443,1.0534408376005189,-0.7547961193356749
26.0,"Ores, slag and ash",4044.0,15320.0,-31.0,-51.0,10.0,101.0,4647.0,0.26,1.0,4.5,KWT,Import,-1.0053486488442678,-0.6801927213714067,-1.3335088316756094,0.6502525110493097,-0.1631310413043723,-0.1115770805867814,-0.05882792651047119,1.2001281941427508,0.15689861811628503,-0.6042800568916811
53.0,Other vegetable textile fibres; paper yarn and woven fabrics of paper yarn,3564.0,-3562.0,5.0,-20.0,8.0,75.0,3701.0,0.55,1.0,4.5,KWT,Import,-0.3047877867357663,0.48259592492588105,0.27639922941576606,0.6412010801708823,-0.25942580784510694,0.13802874738801027,-0.5107657879507471,-0.03851438412482871,-0.8506125865474041,-0.5751451758056801
81.0,Other base metals; cermets; articles thereof,3189.0,-3164.0,27.0,-15.0,11.0,81.0,7093.0,0.12,1.0,4.5,KWT,Import,0.36950209261127437,0.2607229537067481,0.32202686482357057,-0.7209526260597144,-0.7967746453963297,0.7196653645210864,-0.5468066263843377,-0.2488533576431203,1.523039440949968,0.8494977313945441
92.0,Musical instruments; parts and accessories of such articles,2511.0,-2469.0,0.0,-17.0,6.0,81.0,7567.0,0.19,1.0,4.5,KWT,Import,-0.06188597147742001,1.158148399403265,-0.763732439929754,-0.8096387537729693,-0.6096715268347165,0.7522030342201677,0.1601639448755965,-0.12067900250211203,1.2777036775612396,0.2287378339016241
14.0,Vegetable plaiting materials; vegetable products not elsewhere specified or included,2211.0,-2198.0,-4.0,4.0,18.0,52.0,3040.0,0.24,1.0,4.5,KWT,Import,-0.21439349794837426,-2.110997688755785,0.5063282977130944,0.4574825056316983,-0.2899193265003809,-0.08312373995803739,-0.8534395447998306,0.8856733680848462,0.09852567993193845,-1.1714447177258318
45.0,Cork and articles of cork,2074.0,-1960.0,3.0,69.0,5.0,58.0,4669.0,0.18,1.0,4.5,KWT,Import,-0.09103095322741214,-0.22553444118155352,-0.17457780197895167,-0.453006660053948,0.36812880401116516,-0.2102635221404265,0.4314535136062493,-0.09595791443277003,0.14227340175840858,-0.10737657540923404
5.0,"Products of animal origin, not elsewhere specified or included",1376.0,-886.0,-3.0,33.0,2.0,110.0,8855.0,0.24,1.0,4.5,KWT,Import,-0.6194389765933401,0.5056552530886016,-1.1099225882665416,-0.956998609627614,0.3409960174157666,-0.18566319686153085,0.3651862084926204,2.070580118259799,-0.0745561994214109,1.6187415949899961
43.0,Furskins and artificial fur; manufactures thereof,1372.0,-1366.0,52.0,70.0,-17.0,57.0,5330.0,0.34,1.0,4.5,KWT,Import,0.4352813350464992,2.1314560905445563,0.24669903848949026,-1.6424011507995189,1.908450628966776,-0.9897422169966017,1.7590849822496066,-1.6862335870949974,-2.056579367667259,2.4568821046596385
78.0,Lead and articles thereof,1355.0,2184.0,-7.0,-5.0,8.0,83.0,3801.0,0.23,1.0,4.5,KWT,Import,-0.3644880379885149,0.12889187048202452,-0.5540630110125462,0.4983153259656174,-0.2893872688872825,0.16485973207968732,0.05628549594881088,-0.6492600861383858,0.6625048189559664,-0.6026839990718467
80.0,Tin and articles thereof,755.0,-512.0,35.0,28.0,14.0,96.0,4000.0,0.15,1.0,4.5,KWT,Import,0.2740964237256017,-0.4231902462287692,0.9350930374218863,0.6023725408085866,-0.732219432503598,0.32078643468857637,-0.9392219250551422,-0.9656380359874536,1.3494950418974232,0.6064224163270756
50.0,Silk,381.0,-381.0,-9.0,-41.0,3.0,86.0,5036.0,0.24,1.0,4.5,KWT,Import,-0.5134294911775283,0.29339995782483447,-1.0090711116929432,-0.08924164055005439,0.18037996495022082,-0.11088884054959693,0.46404335947923947,0.023877920001082853,-0.016740423165465,0.08764326640989488
41.0,Raw hides and skins (other than furskins) and leather,218.0,229.0,-21.0,-24.0,-1.0,123.0,4431.0,0.23,1.0,4.5,KWT,Import,-1.0769113280891247,0.509092570006364,-1.8134864158988586,0.6048382421548928,0.5538137721697285,-0.5694796645178473,0.8757899949155665,0.1179140303795604,-0.20210831939967466,0.5034761011519725
84.0,"Nuclear reactors, boilers, machinery and mechanical appliances; parts thereof",1809882.0,-1061528.0,-1.0,2.0,6.0,87.0,6849.0,0.12,1.0,4.5,BHR,Import,0.11035736647369218,0.7336058185302151,-0.9167450567100215,-0.5213254174102354,-0.4469892974841702,0.43482776626864633,0.28248669413457805,-0.1419243444719527,1.3596435007964947,0.2805674966102381
26.0,"Ores, slag and ash",1607399.0,228318.0,19.0,-14.0,10.0,23.0,11568.0,0.65,1.0,4.5,BHR,Import,0.7331002867004688,1.4006559890367187,0.8325235455195682,-2.4708040688697053,-0.8706323105610113,1.3020075373237825,-0.857295055261501,2.714857192278298,-0.7888063378025537,0.25296686600576046
28.0,"Inorganic chemicals; organic or inorganic compounds of precious metals, of rare-earth metals, ...",1357969.0,-1315260.0,11.0,-6.0,17.0,34.0,10863.0,0.74,1.0,4.5,BHR,Import,0.5276573471210707,1.0487328475935243,1.037793887833882,-1.6667988561494875,-1.4152825475209827,1.4525262625041102,-1.6869528369598303,3.110298868287562,-0.5150278695402464,-0.4608870430376121
85.0,"Electrical machinery and equipment and parts thereof; sound recorders and reproducers, television ...",1238970.0,-1036042.0,-3.0,15.0,7.0,90.0,5522.0,0.2,1.0,4.5,BHR,Import,-0.0853048294490251,0.6556594510189769,-0.7247617307176598,0.06291394098714247,-0.4377009558966876,0.32674653900004774,0.10285277501660763,-0.3691610033520333,1.0699143921383663,-0.10585295415697688
87.0,"Vehicles other than railway or tramway rolling stock, and parts and accessories thereof",1235000.0,-837212.0,1.0,19.0,8.0,95.0,6873.0,0.16,1.0,4.5,BHR,Import,0.011615723997909107,0.7889837393483792,-0.7056228999570818,-0.27608123951271696,-0.6472907212416585,0.5506788058938289,-0.015326989023879663,-0.04497353053245574,1.4825198011772496,0.284655324626047
71.0,"Natural or cultured pearls, precious or semi-precious stones, precious metals, metals clad ...",876110.0,-465279.0,30.0,34.0,10.0,45.0,1331.0,0.61,1.0,4.5,BHR,Import,0.4164168337954802,0.2471709424878796,1.6319552868085894,0.9612198587644631,-0.26280304132080834,0.08321764888098854,-0.842345007102702,-1.3307786359319962,-1.1098536333467137,-1.0538350492057615
27.0,"Mineral fuels, mineral oils and products of their distillation; bituminous substances; mineral ...",528743.0,-493747.0,-47.0,-15.0,19.0,146.0,4005.0,0.17,1.0,4.5,BHR,Import,-1.4379968104861833,-1.5322790619728555,-1.6837367920963882,1.992356753769256,-0.8323119103632901,-0.04336271952318157,-0.7662250737207179,1.8372318120939557,1.3797967614630668,-0.9077773081311998
30.0,Pharmaceutical products,428692.0,-425249.0,6.0,6.0,10.0,96.0,5088.0,0.08,1.0,4.5,BHR,Import,-0.24029429337929895,-0.9792462990775332,-0.330281999540483,0.06920317863585641,-0.041801040397555216,-0.21597701767030925,-0.1937992820459238,0.5234098530941339,0.7529418316711414,0.6292860221532941
39.0,Plastics and articles thereof,373218.0,-151966.0,3.0,-17.0,6.0,107.0,3608.0,0.14,1.0,4.5,BHR,Import,-0.4698570140611363,-0.5871434698763879,-0.6104108663263297,0.6360666011902756,0.21903407312539316,-0.459909301022874,0.12717800078169816,-0.19584836498304123,0.26994078201221056,0.5658433720972109
73.0,Articles of iron or steel,369575.0,113203.0,-5.0,-2.0,9.0,88.0,4404.0,0.13,1.0,4.5,BHR,Import,-0.27654563214112404,-0.17665808461936514,-0.6267350847655885,0.32022407521764257,-0.330939334542071,0.17001769482360188,0.0608026043557347,-0.42484658130823,1.0709491250434289,-0.2658759795013887
4.0,"Dairy produce; birds' eggs; natural honey; edible products of animal origin, not elsewhere ...",343328.0,161415.0,10.0,-16.0,7.0,58.0,4389.0,0.12,1.0,4.5,BHR,Import,-0.046849927433307785,-1.4334675426797474,0.012256445344163506,-0.5304256738711782,0.5486400161364854,-0.5246940322085304,0.15727363157193539,0.5282306597564342,-0.332483626030396,0.39215826758344186
2.0,Meat and edible meat offal,259268.0,-256670.0,4.0,-8.0,6.0,66.0,6527.0,0.12,1.0,4.5,BHR,Import,-0.14350780637864066,-0.9114691591598514,-0.4154983840500635,-1.0548115709918098,0.4357451879389043,-0.32586246501560984,0.2326384311697544,1.2608750063911836,-0.08047071434284901,0.7414503091537977
90.0,"Optical, photographic, cinematographic, measuring, checking, precision, medical or surgical ...",218682.0,-187046.0,4.0,-1.0,4.0,89.0,6834.0,0.09,1.0,4.5,BHR,Import,-0.05001471516113318,0.9255209085513385,-0.8681082640969793,-0.6646808794947958,-0.30513579089508464,0.4270305549254854,0.4328418397045983,-0.5317220724196776,1.3829712672846561,0.5888475243220014
72.0,Iron and steel,217098.0,427809.0,0.0,-19.0,12.0,112.0,2723.0,0.16,1.0,4.5,BHR,Import,-0.46603552615630167,-0.6017425416386308,-0.3504124699992661,1.3502492367468646,-0.5027445299209211,0.030323438530625073,-0.4029639911275415,-0.7179922589694592,1.0496429904127045,-0.19293566678088211
94.0,"Furniture; bedding, mattresses, mattress supports, cushions and similar stuffed furnishings; ...",209552.0,-118964.0,-1.0,10.0,4.0,82.0,4869.0,0.16,1.0,4.5,BHR,Import,-0.15599416536184033,0.7780503940598574,-0.7484963165758094,-0.06527914049587205,-0.16931267079855428,0.24222586892199718,0.47821671282087636,-1.0442685094689776,0.9707305689132132,-0.10447763019982811
76.0,Aluminium and articles thereof,195035.0,4560239.0,-2.0,-24.0,12.0,76.0,2146.0,0.33,1.0,4.5,BHR,Import,-0.3426664332155018,-0.42396672505519584,0.17746396720952337,1.2094857502100378,-0.5594990973592043,0.43698846713806955,-0.20777417535108178,-0.8456589956788118,0.25352496798495516,-1.081033801392945
8.0,Edible fruit and nuts; peel of citrus fruit or melons,188830.0,-186740.0,4.0,-1.0,3.0,69.0,5103.0,0.06,1.0,4.5,BHR,Import,-0.21932600452155246,-0.9785257953966693,-0.5836734691926517,-0.7525612601626427,0.7882591531956574,-0.6497036801280138,0.6278416492155123,0.5013172698451478,-0.16494855293837637,0.749371518649487
33.0,"Essential oils and resinoids; perfumery, cosmetic or toilet preparations",182574.0,-129646.0,3.0,3.0,6.0,87.0,3826.0,0.1,1.0,4.5,BHR,Import,-0.3334599626258263,-0.8348245179305801,-0.4756759829926108,0.17366107242926646,0.3695809847599857,-0.4805654585244389,0.26726309795316333,-0.09966313725582329,0.2486422112518404,0.3796297203735162
21.0,Miscellaneous edible preparations,170107.0,-35913.0,19.0,8.0,9.0,87.0,6871.0,0.07,1.0,4.5,BHR,Import,0.021782960213598098,-0.779130114981464,-0.009805820454962916,-0.766333512764816,-0.014095998974507223,-0.060925358669330285,-0.22402579072883655,0.9290249748920135,0.6995273266953423,1.3054341522487618
91.0,Clocks and watches and parts thereof,167510.0,-52834.0,17.0,11.0,6.0,40.0,4503.0,0.88,1.0,4.5,BHR,Import,0.20835013799244126,2.2545162771842704,1.1258833834293471,0.1653882275137598,-0.6305661524669942,0.8152527189872563,-0.713353258506338,-0.5973549310053025,-1.5552045794809106,-1.2550601529425796
19.0,"Preparations of cereals, flour, starch or milk; pastrycooks' products",156136.0,7167.0,4.0,2.0,9.0,88.0,3369.0,0.08,1.0,4.5,BHR,Import,-0.35953485519904543,-1.4787900537285883,-0.2531580148833018,0.3886668125413625,0.3226767033198118,-0.5670394035600933,-0.007439750871740901,0.1881532211458247,0.2526827390819753,0.3261710493914966
61.0,"Articles of apparel and clothing accessories, knitted or crocheted",152856.0,-132596.0,9.0,3.0,6.0,85.0,4646.0,0.18,1.0,4.5,BHR,Import,-0.13578591582450011,0.038024593000552144,-0.27140884362829654,0.019365791402807937,-0.02090365716209144,-0.02962492970150213,0.09956330310357556,-0.4503452611939369,0.4891709100911242,0.33507190221197586
38.0,Miscellaneous chemical products,145538.0,-98589.0,6.0,4.0,8.0,104.0,5983.0,0.14,1.0,4.5,BHR,Import,-0.3273344359395073,-0.2969293051277524,-0.48645795577064954,-0.06094533816113069,-0.11169604143048792,-0.053005232503640136,-0.11882447926635935,0.5905490558895766,0.695094186342121,0.8771064320779504
62.0,"Articles of apparel and clothing accessories, not knitted or crocheted",143317.0,-109681.0,-1.0,6.0,3.0,83.0,4554.0,0.17,1.0,4.5,BHR,Import,-0.2994640827883477,0.25386637326585865,-0.7388114942286468,-0.06131237137241619,0.22617016982988006,-0.1561028262300935,0.5361256686177149,-0.5241399233316869,0.34420446883222006,0.16174331988418497
25.0,"Salt; sulphur; earths and stone; plastering materials, lime and cement",138965.0,-138128.0,-2.0,-13.0,14.0,80.0,787.0,0.37,1.0,4.5,BHR,Import,-0.515013742372803,-1.5531041633346958,0.37936979986109226,1.6108713318265702,-0.06307152881951253,-0.45026302686660763,-0.750582579392446,-0.03946762682177041,-0.583572087307286,-1.0612307298997525
48.0,"Paper and paperboard; articles of paper pulp, of paper or of paperboard",136486.0,-93826.0,8.0,-7.0,5.0,109.0,2932.0,0.16,1.0,4.5,BHR,Import,-0.4538048564083183,-0.4016068044803156,-0.4483354894185047,0.8475569983791453,0.2745104378918113,-0.5134772431503073,0.15016983881242388,-0.681469672752907,0.1933254970150849,0.5930670657414483
10.0,Cereals,132311.0,-131709.0,5.0,-6.0,13.0,122.0,5683.0,0.38,1.0,4.5,BHR,Import,-0.6216378866670333,-0.5431303553915049,-0.0349433661459975,0.7585054519230061,-0.4309938892698566,-0.045915787954947856,-1.0116428659238805,1.6858122460937566,-0.07992464307228389,0.7361213325058052
7.0,Edible vegetables and certain roots and tubers,123170.0,-111839.0,4.0,-3.0,7.0,73.0,3123.0,0.09,1.0,4.5,BHR,Import,-0.311578945832111,-1.6216169825040903,-0.22175987761223595,0.10331559641582008,0.6454203526998258,-0.7629090155017372,0.21772951807600466,0.20901821985557686,-0.22235276839777338,0.24938752206006548
22.0,"Beverages, spirits and vinegar",117960.0,-85037.0,8.0,7.0,6.0,93.0,4416.0,0.08,1.0,4.5,BHR,Import,-0.32036977287441987,-0.9389664368784935,-0.4007592681040205,0.022594515060101766,0.4192859511869442,-0.5380699230561573,0.19631915481243617,0.2209431750750477,0.23860380143422324,0.8261099070374583
40.0,Rubber and articles thereof,115637.0,-61330.0,10.0,-4.0,6.0,107.0,6270.0,0.13,1.0,4.5,BHR,Import,-0.29280721826224404,-0.05951402639563943,-0.543634224581962,-0.21213563605169983,-0.015872358583925335,-0.08315600123282177,0.018092615331474715,0.44809933901614485,0.64158516110281,1.199187690415812
34.0,"Soap, organic surface-active agents, washing preparations, lubricating preparations, artificial ...",101528.0,-10443.0,3.0,0.0,6.0,94.0,2700.0,0.19,1.0,4.5,BHR,Import,-0.4706241454751223,-0.7643819313167642,-0.3494377345708723,0.7379688346065084,0.38310819397980694,-0.5840987606286755,0.13901384584071488,-0.3335142874054311,-0.1277358207394963,0.19345700797415646
15.0,"Animal, vegetable or microbial fats and oils and their cleavage products; prepared edible fats; ...",94001.0,-90581.0,18.0,-14.0,17.0,117.0,2397.0,0.19,1.0,4.5,BHR,Import,-0.39539776664077175,-1.9851924456121688,0.5942131629073754,1.529232904160758,-0.33840152624340786,-0.4136820810418768,-1.223566849759101,0.40890997033769655,0.37445503424240156,0.4987802163769686
44.0,Wood and articles of wood; wood charcoal,87073.0,-67772.0,2.0,-28.0,5.0,95.0,5236.0,0.08,1.0,4.5,BHR,Import,-0.34347802882083334,-0.32358260068123484,-0.7992079536346839,-0.16989966511267002,0.16162589850527773,-0.20870484845365767,0.32229150332667555,0.01401732397974322,0.5897936255568511,0.7103077406471964
20.0,"Preparations of vegetables, fruit, nuts or other parts of plants",87049.0,-75336.0,3.0,4.0,8.0,80.0,3785.0,0.08,1.0,4.5,BHR,Import,-0.3095646965240063,-1.3293315081216095,-0.30629116460957484,0.09156569327075993,0.3789796827124501,-0.5242955448121008,0.12145451491864524,0.22333579504489556,0.21247125636609993,0.2846381177060658
69.0,Ceramic products,85449.0,-78793.0,3.0,-19.0,5.0,93.0,4195.0,0.11,1.0,4.5,BHR,Import,-0.28056196340332895,0.0009525765043075532,-0.6733147952869254,0.20234429715573363,0.022288370792819822,-0.09622598636162469,0.32084730698809105,-0.7859448601728224,0.7408167037952259,0.3009918449898909
68.0,"Articles of stone, plaster, cement, asbestos, mica or similar materials",82209.0,-60923.0,5.0,12.0,5.0,76.0,4206.0,0.09,1.0,4.5,BHR,Import,-0.10942891775817543,-0.11994159711444828,-0.4568135598196613,-0.10749085569613812,0.13190697005085952,-0.1035301580650529,0.4233416265634145,-0.8365567639606096,0.7303049585000039,0.11425453239161963
64.0,"Footwear, gaiters and the like; parts of such articles",82084.0,-74963.0,4.0,10.0,6.0,97.0,5456.0,0.23,1.0,4.5,BHR,Import,-0.2954502098687183,0.45085005588504956,-0.49496780389737244,0.07740705738772681,-0.18466836720879323,0.11851796347256398,0.03717306969833262,-0.09925453686526431,0.5746261935763284,0.41447700033391677
24.0,"Tobacco and manufactured tobacco substitutes; products, whether or not containing nicotine, ...",80121.0,-75127.0,-14.0,0.0,3.0,79.0,3248.0,0.2,1.0,4.5,BHR,Import,-0.6563933759723213,-0.6270865227566709,-0.944629808153797,0.2765209552755635,0.6943952888826807,-0.6775533021482336,0.658127092754621,0.09364418657244154,-0.4708908097928625,-0.22217877645713802
32.0,"Tanning or dyeing extracts; tannins and their derivatives; dyes, pigments and other colouring ...",79933.0,-68550.0,2.0,0.0,3.0,92.0,2329.0,0.22,1.0,4.5,BHR,Import,-0.5294532550764824,-0.5498521255418517,-0.4752091410277208,0.7284654806379547,0.6548930484934459,-0.7625281447266231,0.41018584473251707,-0.5275158571005298,-0.5175908332356102,0.21678744482285509
74.0,Copper and articles thereof,79881.0,21021.0,21.0,-47.0,12.0,74.0,4500.0,0.34,1.0,4.5,BHR,Import,0.1598962900986341,0.0776908295195607,0.6272865328408836,0.2419338031078409,-0.7327315744277811,0.5148366238933912,-0.8232772516675217,-0.5233901318181917,0.4066569066569561,-0.10351910129143671
70.0,Glass and glassware,76450.0,53070.0,3.0,-4.0,6.0,85.0,3027.0,0.21,1.0,4.5,BHR,Import,-0.2831106744240204,-0.0467430862341392,-0.3365977882731084,0.5911386185295464,0.01960131116437542,-0.1342326357208632,0.1657211597723999,-0.9911815390403863,0.3390398175844604,-0.20212882344800653
17.0,Sugars and sugar confectionery,74793.0,-72264.0,12.0,13.0,15.0,114.0,2252.0,0.25,1.0,4.5,BHR,Import,-0.5021935368892916,-1.6355998645493324,0.4409915101891969,1.5670024214562646,-0.18708669018987453,-0.47359654987514727,-0.9971912230276854,0.39082204260644693,0.10027520739914558,0.2569984415165924
42.0,"Articles of leather; saddlery and harness; travel goods, handbags and similar containers; articles ...",65163.0,-58553.0,4.0,3.0,7.0,70.0,5035.0,0.22,1.0,4.5,BHR,Import,-0.1561671118299523,-0.2708995242388059,-0.2027975922876669,-0.28322790960365035,0.06140172954635808,-0.047265048658786876,0.05134792638020409,0.18460242950384834,0.12924037274236055,0.06657979295854984
16.0,"Preparations of meat, of fish, of crustaceans, molluscs or other aquatic invertebrates, or ...",63636.0,-54673.0,7.0,2.0,4.0,77.0,2684.0,0.19,1.0,4.5,BHR,Import,-0.3539788462539934,-1.000911766804136,-0.18373949542596946,0.30742098171140136,0.7607037637911058,-0.812728519333023,0.34135172209253434,-0.1938520539282046,-0.6510294588756712,0.29807496623400426
99.0,Commodities not elsewhere specified,62924.0,-4857.0,136.0,24.0,8.0,83.0,4590.0,0.22,1.0,4.5,BHR,Import,1.9442135023702585,0.6546906622861774,3.821627716429605,-0.46746800200913136,-0.5292994743683118,0.3591953819734527,-1.5940300862469774,-3.0652458193178616,0.5965588042259773,3.577329195965295
83.0,Miscellaneous articles of base metal,59724.0,-29501.0,5.0,-11.0,6.0,96.0,4868.0,0.1,1.0,4.5,BHR,Import,-0.1956134265570913,0.29507931171347157,-0.636081148804119,0.10629281489520596,-0.242549200929723,0.1622598180842638,0.20809662854200617,-0.8469995212214003,1.1593432841244082,0.3562596901569007
96.0,Miscellaneous manufactured articles,58250.0,-34941.0,4.0,4.0,6.0,100.0,3206.0,0.14,1.0,4.5,BHR,Import,-0.27570088692435707,0.34329451103231384,-0.537399332421272,0.7664706819830905,-0.22588652314371188,0.05177940155501444,0.20143069745763137,-1.5138217836462284,1.0686971226938609,-0.03832774697745904
9.0,"Coffee, tea, maté and spices",55194.0,-48506.0,4.0,15.0,8.0,87.0,4331.0,0.09,1.0,4.5,BHR,Import,-0.37232680163672516,-1.3485312849415234,-0.3135014320445018,0.03416776796597799,0.41797431743044255,-0.5762881364016283,0.06136317717198061,0.6377540365937072,0.13335058850356274,0.5797508081758896
18.0,Cocoa and cocoa preparations,54536.0,-50546.0,5.0,4.0,6.0,85.0,3836.0,0.06,1.0,4.5,BHR,Import,-0.33974089163378923,-1.2200807461048293,-0.4180988257114934,0.039948246586965275,0.5466059063848778,-0.6474907804395525,0.2955358694355794,0.12895695145064606,0.13056583891620968,0.5805139488036609
29.0,Organic chemicals,53754.0,104940.0,-1.0,-28.0,8.0,111.0,5426.0,0.16,1.0,4.5,BHR,Import,-0.56422444647233,-0.5137827809971673,-0.7280881545385961,0.24660357979002898,-0.04762488845640139,-0.18152354475999316,-0.10992141112863694,0.7321079166202616,0.4451335595751096,0.7587118119286037
3.0,"Fish and crustaceans, molluscs and other aquatic invertebrates",45917.0,-2449.0,-14.0,-11.0,5.0,102.0,2550.0,0.12,1.0,4.5,BHR,Import,-0.8947533342440032,-1.4297794044276562,-1.036783529109209,0.8076728435993463,0.7798490363406433,-1.001185653712813,0.4681574203808,0.40678232456032154,-0.3705927995535611,0.18653369780707235
95.0,"Toys, games and sports requisites; parts and accessories thereof",41044.0,-36423.0,2.0,-12.0,9.0,99.0,6109.0,0.5,1.0,4.5,BHR,Import,-0.2876481560740857,1.6112913483324276,-0.19826476450954963,0.42719297669722733,-0.9869622793449307,0.8445285209748389,-0.6113719019875508,-0.0686960064009106,0.4742390492778038,-0.24144517393338774
88.0,"Aircraft, spacecraft, and parts thereof",36467.0,52925.0,20.0,148.0,-3.0,104.0,10359.0,0.61,1.0,4.5,BHR,Import,-0.05458731840917345,3.7973511337656314,-0.22034307681839402,-1.129021001143833,-0.2929240416414932,0.7809887754760533,0.2473326446360744,0.6664699963235458,-0.11050364790273674,1.5371840448680862
81.0,Other base metals; cermets; articles thereof,28594.0,-25543.0,30.0,-59.0,11.0,53.0,6314.0,0.89,1.0,4.5,BHR,Import,0.35924584201460874,2.0370010894264987,1.517183450391634,-0.08762272638347161,-1.2238587993369583,1.22289288004318,-1.5274908908626168,0.19152671302639887,-1.233586907486787,-0.5462711308779228
63.0,Other made-up textile articles; sets; worn clothing and worn textile articles; rags,28463.0,26293.0,-7.0,-2.0,-1.0,133.0,4693.0,0.19,1.0,4.5,BHR,Import,-0.8439019893053793,0.9127666969188089,-1.5143037253420846,0.638390947138407,0.34602501460609614,-0.39392578698921876,0.7559090396638002,-0.4672264891685706,0.3224392540160935,0.9754467889621009
11.0,Products of the milling industry; malt; starches; inulin; wheat gluten,28212.0,-27604.0,14.0,66.0,12.0,120.0,2126.0,0.31,1.0,4.5,BHR,Import,-0.5945401446653291,-1.2758840452012319,0.4671404828408884,1.6655366678886825,0.12175926051748592,-0.7053980787440324,-0.7861567678259201,0.4165059151671483,-0.3077855697208239,0.49887863318258213
23.0,Residues and waste from the food industries; prepared animal fodder,28053.0,-26812.0,15.0,0.0,11.0,130.0,4035.0,0.12,1.0,4.5,BHR,Import,-0.5001022321027713,-1.1366742232753149,-0.10886920163372597,0.9743835674065141,-0.07920680441122599,-0.4378928444040469,-0.5760705151218277,0.4098970595936757,0.602393052142207,1.2188410961263412
82.0,"Tools, implements, cutlery, spoons and forks, of base metal; parts thereof of base metal",27849.0,-21045.0,1.0,7.0,5.0,117.0,5662.0,0.1,1.0,4.5,BHR,Import,-0.4111586753023294,0.6330258166180218,-0.9891848782364555,0.21517400567013426,-0.26837931226915657,0.15567764851485236,0.2676311019600601,-0.5044722801100009,1.3317603026081348,0.7432218356106307
49.0,"Printed books, newspapers, pictures and other products of the printing industry; manuscripts, ...",25956.0,-23108.0,1.0,34.0,2.0,99.0,5164.0,0.13,1.0,4.5,BHR,Import,-0.4271772639093684,0.21619712106643846,-0.8669367298810712,-0.08647588193052066,0.38619134661928284,-0.3313332016298889,0.6045952465949226,-0.1329935461037276,0.3998076691682544,0.760889579686922
1.0,Live animals,23082.0,-21069.0,8.0,17.0,4.0,76.0,1605.0,0.37,1.0,4.5,BHR,Import,-0.48283229816351275,-0.9814589253576934,0.1872850789483587,0.7981647237299201,0.9047058515152796,-1.0118424670481903,0.11609356573523458,-0.006239045624087916,-1.5704449494376806,0.029856432832270054
52.0,Cotton,22236.0,-12696.0,-8.0,19.0,2.0,97.0,5404.0,0.53,1.0,4.5,BHR,Import,-0.663782053056064,1.3864577250297243,-0.6960463313785064,0.33241410337788174,0.04931363496006763,0.021105960744978038,0.16729398404209211,0.4342956134951197,-0.7836651897840662,-0.006907406994000317
57.0,Carpets and other textile floor coverings,20974.0,-20162.0,4.0,-3.0,3.0,69.0,3473.0,0.12,1.0,4.5,BHR,Import,-0.16909736861112906,-0.2606772018136286,-0.47412588986085713,-0.08315106546287634,0.44124238840397445,-0.3485272792398057,0.6086089893333313,-0.9263446069238737,0.17909743536235997,0.029564094805976143
47.0,Pulp of wood or of other fibrous cellulosic material; recovered (waste and scrap) paper or ...,16982.0,-11043.0,-1.0,9.0,6.0,76.0,10076.0,0.5,1.0,4.5,BHR,Import,-0.18574848790168036,1.693954091025053,-0.43710582813792787,-1.3588938139999183,-0.5899211180406725,0.8591365852926326,-0.27139388943850923,1.9097558602657836,-0.05441707647787889,0.48383553508072064
12.0,"Oil seeds and oleaginous fruits; miscellaneous grains, seeds and fruit; industrial or medicinal ...",15334.0,-11867.0,9.0,0.0,13.0,120.0,5689.0,0.08,1.0,4.5,BHR,Import,-0.45674234777924905,-1.3306400514760506,-0.2422130282623095,0.34788330273613777,-0.23098871338916366,-0.21793140689340668,-0.6398692685829359,1.250920479743346,0.877949087936218,1.1784836123364524
35.0,Albuminoidal substances; modified starches; glues; enzymes,13294.0,-12407.0,-1.0,-7.0,10.0,113.0,4090.0,0.1,1.0,4.5,BHR,Import,-0.5753432518907924,-0.9680111186502199,-0.5910543050104224,0.7147226077631442,-0.06594104604486341,-0.30307293350605785,-0.1927435688364978,0.28966304242340657,0.7405989017658142,0.47973909312402063
89.0,"Ships, boats and floating structures",13026.0,6543.0,-53.0,9.0,3.0,125.0,6121.0,0.19,1.0,4.5,BHR,Import,-1.3162631210833273,1.302921573427594,-2.7591352425345725,0.5545483321527875,-0.3028081399323818,0.28045159936027414,0.9466210882308002,0.3426834976146912,1.3275452742635816,-0.7132761069864344
56.0,"Wadding, felt and nonwovens; special yarns; twine, cordage, ropes and cables and articles thereof",11856.0,-11356.0,-6.0,-1.0,3.0,121.0,4390.0,0.16,1.0,4.5,BHR,Import,-0.7215412456870033,0.2578946729839713,-1.1718011078815773,0.628789773857584,0.19017191868234506,-0.33056378365751166,0.4450485351488663,-0.272989162480646,0.48592333127769477,0.6431672322714729
6.0,"Live trees and other plants; bulbs, roots and the like; cut flowers and ornamental foliage",11720.0,-11518.0,1.0,-17.0,4.0,81.0,4453.0,0.15,1.0,4.5,BHR,Import,-0.4399752214728433,-0.9404500663054416,-0.5731209707974891,-0.2072739180278889,0.6789897477664045,-0.6673724255577096,0.39422232109529387,0.5712634570222911,-0.43539163136548015,0.6061909927015237
59.0,"Impregnated, coated, covered or laminated textile fabrics; textile articles of a kind suitable ...",11576.0,-10166.0,9.0,0.0,4.0,99.0,5377.0,0.18,1.0,4.5,BHR,Import,-0.2664330279274677,0.3745012301093854,-0.5297681430024037,-0.052848376936586255,0.040390851750997436,-0.05520547636495262,0.21980233672031263,-0.27018113540830524,0.4827188640908564,0.7994179878373633
55.0,Man-made staple fibres,10756.0,-10619.0,2.0,-1.0,3.0,130.0,4445.0,0.21,1.0,4.5,BHR,Import,-0.6880648195658831,0.4292956859028252,-0.9329585763432624,0.7790088653398466,0.1339956319609146,-0.3287060393888227,0.24471766773776651,-0.27815653411733704,0.3393219360086319,0.9739903205679964
54.0,Man-made filaments; strip and the like of man-made textile materials,9761.0,-8859.0,-1.0,21.0,5.0,132.0,5056.0,0.24,1.0,4.5,BHR,Import,-0.7212591804998406,0.4778243597965557,-0.8907303596000283,0.7749143189317704,-0.0670084039247524,-0.1704715288924157,0.047758340068542744,0.14203219791226473,0.5010720483031001,0.8626578513156976
13.0,"Lac; gums, resins and other vegetable saps and extracts",8968.0,-8796.0,29.0,-18.0,9.0,73.0,3337.0,0.21,1.0,4.5,BHR,Import,0.060852228820573694,-1.3269990805087961,0.7677389283899165,0.12745768165988627,0.3140104124475021,-0.5055799769899216,-0.4457408714162292,-0.016786870109752813,-0.4609789184157238,0.7278075809747268
79.0,Zinc and articles thereof,6501.0,-6263.0,4.0,48.0,6.0,82.0,5102.0,0.26,1.0,4.5,BHR,Import,-0.16034354625593453,0.6973909829763996,-0.2801928560053835,0.021502021999966574,-0.22047886603786915,0.24204550896718618,0.11146719200664477,-0.48883570489434713,0.6313158072942329,-0.050420337408818953
65.0,Headgear and parts thereof,5884.0,12236.0,11.0,11.0,12.0,95.0,5749.0,0.34,1.0,4.5,BHR,Import,-0.1507932684954905,0.31781802462232345,0.19648789374558848,0.29299819560157936,-0.7512410899969594,0.500773119183866,-0.7675499396604385,0.3068758664258986,0.6651644114509403,0.16549317119656093
75.0,Nickel and articles thereof,4615.0,-3722.0,19.0,66.0,16.0,69.0,6923.0,0.19,1.0,4.5,BHR,Import,0.3439276329702309,-0.08371829625251632,0.6873317355794283,-0.5053774888459778,-1.0192234555906257,0.8501204486809669,-0.9046042387108582,0.35337630805849035,1.6200061977143272,0.0415584501724606
97.0,"Works of art, collectors' pieces and antiques",4368.0,-3441.0,24.0,51.0,3.0,58.0,5847.0,0.21,1.0,4.5,BHR,Import,0.4126911177856697,1.169362820063632,0.21606091042591838,-0.858932415451732,-0.1249728643954724,0.41690945870074525,0.3322546650737091,-1.2498721754371043,0.735696698704905,0.3693283446334889
31.0,Fertilisers,3707.0,286798.0,13.0,7.0,19.0,159.0,1687.0,0.31,1.0,4.5,BHR,Import,-0.8213157744355194,-1.465051381592161,0.45609334751034597,2.763981702447695,-0.7530492842243101,-0.30047653640100963,-1.6301296007929085,0.34572821080668786,0.5703416082735034,0.49690070742669395
60.0,Knitted or crocheted fabrics,3173.0,-3164.0,34.0,43.0,4.0,123.0,5610.0,0.37,1.0,4.5,BHR,Import,-0.12307092885941519,1.1101637735353649,0.3498151883696859,0.405545329254147,-0.13663270275178044,-0.008220720167807444,-0.39197474584668596,-0.285191625644666,0.025352264437641804,1.6805695627288069
58.0,Special woven fabrics; tufted textile fabrics; lace; tapestries; trimmings; embroidery,2944.0,-2905.0,0.0,-5.0,2.0,122.0,4605.0,0.14,1.0,4.5,BHR,Import,-0.6270218990321493,0.3652513102007187,-1.0973806283190755,0.48563311309624546,0.2332293326592357,-0.3370006732868319,0.48735063809119167,-0.42437197081902645,0.5123862232102119,0.9364262892912057
36.0,Explosives; pyrotechnic products; matches; pyrophoric alloys; certain combustible preparations,2832.0,3758.0,18.0,9.0,10.0,132.0,5624.0,0.19,1.0,4.5,BHR,Import,-0.40503182391362164,-0.2984053530067792,-0.10700874089307737,0.5932861095906271,-0.3185272904850625,-0.08871938532987975,-0.6269921018197528,0.5954820860689646,0.7195081883405434,1.4526516728947683
37.0,Photographic or cinematographic goods,2500.0,-2022.0,-11.0,-3.0,0.0,104.0,6726.0,0.32,1.0,4.5,BHR,Import,-0.7178808260179534,0.9826780918151347,-1.303655157586211,-0.31052921748130813,0.3142599158355818,-0.15243612713315718,0.5950009241172303,0.8328382356086023,-0.3035804698264625,0.7253828941729916
67.0,Prepared feathers and down and articles made of feathers or of down; artificial flowers; articles ...,2406.0,-2332.0,2.0,-8.0,8.0,111.0,6038.0,0.58,1.0,4.5,BHR,Import,-0.5162914670078315,1.4568588464601242,-0.19412178977958605,0.644986963682852,-0.7227143562299139,0.5320524531334447,-0.6838764916674912,0.5608324461369947,-0.20932247201168885,0.1112378188477066
46.0,"Manufactures of straw, of esparto or of other plaiting materials; basketware and wickerwork",2229.0,-2141.0,1.0,13.0,4.0,63.0,5119.0,0.35,1.0,4.5,BHR,Import,-0.20955983362675185,0.3985877485812131,-0.25059396731407013,-0.3631644741893486,0.1916464551136904,-0.02344099381116587,0.24312693346731426,0.13527877949511383,-0.4354381039854857,-0.14876440524192286
86.0,"Railway or tramway locomotives, rolling stock and parts thereof; railway or tramway track fixtures ...",1716.0,6181.0,-26.0,-81.0,8.0,151.0,4972.0,0.18,1.0,4.5,BHR,Import,-1.1181047541587408,0.6138230700789663,-1.9159373935967428,1.3190480212770908,-0.7321990307604626,0.2901037018864384,-0.01844162211863462,-0.09571451156726288,1.4369546277747536,0.1160579997482985
92.0,Musical instruments; parts and accessories of such articles,1065.0,-957.0,-5.0,-16.0,6.0,104.0,6348.0,0.16,1.0,4.5,BHR,Import,-0.35801279675447684,0.9451881660045395,-1.045052442697105,-0.059518539656838364,-0.537029977141117,0.4977296599833905,0.1874772502501762,-0.3592647694439904,1.3688616141194136,0.2789031953522372
50.0,Silk,972.0,-972.0,6.0,-13.0,3.0,70.0,5602.0,0.45,1.0,4.5,BHR,Import,-0.20132310118213956,0.9296282217627067,-0.16485291008563696,-0.34506214727774454,0.06332535933892423,0.11328457296176193,0.08739846567146248,0.1649685563373036,-0.7167402290709313,0.09865747012303326
45.0,Cork and articles of cork,937.0,-831.0,-12.0,36.0,5.0,82.0,3082.0,0.27,1.0,4.5,BHR,Import,-0.6036667088070454,-0.21065918124552513,-0.662523852956747,0.6011642244687976,0.3487740644417678,-0.4026832697785104,0.38641039193015286,-0.18575863386655914,-0.1944725933452305,-0.5251270712082207
80.0,Tin and articles thereof,890.0,-883.0,8.0,-7.0,14.0,92.0,5295.0,0.53,1.0,4.5,BHR,Import,-0.18750442011661447,0.8189237156974563,0.4439892713064609,0.725529028489402,-1.1464012008187245,0.8193999522063832,-1.1683257168961023,0.20455172237749497,0.34701951118955043,-0.4962196009539478
53.0,Other vegetable textile fibres; paper yarn and woven fabrics of paper yarn,848.0,-845.0,0.0,2.0,8.0,110.0,4372.0,0.35,1.0,4.5,BHR,Import,-0.5698541231552265,0.25417112218654825,-0.3812497190573353,0.8383936757768794,-0.25908585307490484,-0.005082553787597652,-0.3181788654095608,0.14770212934148397,0.11086632021170108,0.16071354826007642
66.0,"Umbrellas, sun umbrellas, walking sticks, seat-sticks, whips, riding-crops and parts thereof",715.0,-670.0,14.0,-21.0,7.0,135.0,5438.0,0.34,1.0,4.5,BHR,Import,-0.4801700733867714,0.8480304431773622,-0.32668283466081266,0.8297417087753044,-0.501122126210328,0.1778130187556626,-0.5085740403732456,-0.04006484486323006,0.45627490691877576,1.108167678281467
41.0,Raw hides and skins (other than furskins) and leather,481.0,-466.0,-4.0,27.0,-1.0,108.0,4282.0,0.48,1.0,4.5,BHR,Import,-0.7805650311736348,1.1403651356763826,-0.7831904519844844,0.6324726128354378,0.503870009743869,-0.4492893019233542,0.4521531275730884,0.08941763281902546,-1.0880777274037579,0.41263188429865183
14.0,Vegetable plaiting materials; vegetable products not elsewhere specified or included,448.0,-350.0,16.0,1.0,18.0,92.0,7743.0,0.27,1.0,4.5,BHR,Import,-0.06170256961075015,-0.9182024661303357,0.5631184455355014,-0.34974932941059333,-0.8790875691818534,0.5039744233392234,-1.3802617451581072,2.1035865152486144,0.7370341161982179,0.7545403532083484
93.0,Arms and ammunition; parts and accessories thereof,437.0,-430.0,18.0,0.0,11.0,134.0,4775.0,0.37,1.0,4.5,BHR,Import,-0.3215347810504643,0.9657908473585294,0.10636165586446521,1.2637634439356513,-0.9912095919269317,0.5184223940909902,-0.9301587214608277,-0.5777977690274954,0.9779689531392035,0.6211511808833681
51.0,"Wool, fine or coarse animal hair; horsehair yarn and woven fabric",409.0,-396.0,-1.0,8.0,1.0,112.0,4397.0,0.26,1.0,4.5,BHR,Import,-0.6408017578820129,0.575306770526775,-0.9227289778309675,0.47839522276941976,0.35926356746902705,-0.3863121925709805,0.48778774161149374,-0.2671195293355757,-0.10286889336045021,0.6742358399882279
43.0,Furskins and artificial fur; manufactures thereof,219.0,-217.0,-8.0,38.0,-17.0,91.0,7376.0,0.22,1.0,4.5,BHR,Import,-0.6453476657328,2.338529655594258,-2.1859624738557315,-1.511909824834344,1.6607209888218613,-0.78964833069387,2.42435011020741,-0.2092018194542331,-1.042267112144947,1.702783529519253
78.0,Lead and articles thereof,156.0,482.0,1.0,-7.0,8.0,122.0,6638.0,0.23,1.0,4.5,BHR,Import,-0.4476558634187222,0.8688879826267741,-0.7772365865712079,0.2652038077974763,-0.6749725627491313,0.47087430131471814,-0.2505758750750497,0.17525181111115792,1.203636968453651,0.6916291791872871
5.0,"Products of animal origin, not elsewhere specified or included",133.0,-133.0,-5.0,-3.0,2.0,154.0,6585.0,0.09,1.0,4.5,BHR,Import,-1.0386407435319864,-0.17918875858632605,-1.5924935708279357,0.2825538639038265,0.48882427325315203,-0.6921826311457961,0.4147744986004893,1.3732360422261323,0.3173040574938245,2.0837474999327097
27.0,"Mineral fuels, mineral oils and products of their distillation; bituminous substances; mineral ...",4919655.0,-4516692.0,0.0,-10.0,19.0,70.0,1610.0,0.17,1.0,4.5,LBN,Import,0.46659090618002697,-2.3210372712071266,0.25440266495858815,1.2671017083002687,-0.4502644200142633,-0.4429999877696736,-1.0109306802383362,0.27565965404294307,0.514570118350917,-1.1898224572535774
71.0,"Natural or cultured pearls, precious or semi-precious stones, precious metals, metals clad ...",2523488.0,-1737190.0,30.0,50.0,10.0,27.0,3251.0,0.44,1.0,4.5,LBN,Import,0.9332900483388683,0.10190854893601121,1.3837835951854414,-0.07083949259801675,-0.28705791270316033,0.2152933159883223,-0.5627943350649091,-0.9551048422936482,-0.3996486874628117,-0.8626286605888956
87.0,"Vehicles other than railway or tramway rolling stock, and parts and accessories thereof",1173376.0,-464605.0,19.0,-37.0,8.0,99.0,6668.0,0.11,1.0,4.5,LBN,Import,0.24805696801360952,0.5703109400430635,-0.3083817383089866,-0.3367646747257916,-0.6802434779552314,0.5417352904013515,-0.20816294445873898,-0.48594656423510457,1.48446850715372,0.9450332884596906
85.0,"Electrical machinery and equipment and parts thereof; sound recorders and reproducers, television ...",897888.0,-474426.0,22.0,-45.0,7.0,101.0,6209.0,0.47,1.0,4.5,LBN,Import,0.08970252905048443,1.5144102489241522,0.17055697640456868,0.18708982185001669,-0.7945145970983687,0.6471346397853197,-0.6508843307048178,-0.2958597253671781,0.1794009140470902,0.6253793780664648
84.0,"Nuclear reactors, boilers, machinery and mechanical appliances; parts thereof",834548.0,-574588.0,0.0,2.0,6.0,115.0,5606.0,0.14,1.0,4.5,LBN,Import,-0.2915212237120595,0.6734333610153964,-0.9470711608873239,0.3160934400076566,-0.40159650867135144,0.2177357507798108,0.137092558177818,-0.4373775615172124,1.2897967501301122,0.5388852794472788
30.0,Pharmaceutical products,621245.0,-576950.0,-19.0,13.0,10.0,81.0,4054.0,0.06,1.0,4.5,LBN,Import,-0.507789571453932,-1.299034362736566,-0.9492112964343313,0.24746401464478565,0.12059919299928001,-0.33813566721481925,0.21487576630539604,0.5546640208945092,0.7102995312655253,-0.4905777517027729
72.0,Iron and steel,447197.0,-295529.0,11.0,1.0,12.0,90.0,3752.0,0.12,1.0,4.5,LBN,Import,-0.02594102523132741,-0.5821213140771839,0.048070720235348974,0.5666991311143207,-0.48277001721420526,0.14359947464120754,-0.42109197152621164,-0.6784394359810861,1.1748823584737615,-0.01901910356014263
39.0,Plastics and articles thereof,446889.0,-343451.0,1.0,-10.0,6.0,104.0,3825.0,0.1,1.0,4.5,LBN,Import,-0.4420187306163151,-0.6581799982478448,-0.7068886542759389,0.48686983688070207,0.24369503940424583,-0.46296599675413114,0.21150311370515001,-0.14625286988283204,0.42616802235204687,0.5367868911877829
10.0,Cereals,401901.0,-387311.0,8.0,-11.0,13.0,71.0,3612.0,0.23,1.0,4.5,LBN,Import,-0.155459960836763,-1.6030292623670073,0.3625189954617997,0.3189989388375974,0.004635676792809472,-0.3215537395951524,-0.6084018069244623,0.7101437302742796,-0.1690364998063275,-0.11428446741669147
1.0,Live animals,374889.0,-374106.0,-2.0,94.0,4.0,20.0,4165.0,0.24,1.0,4.5,LBN,Import,0.005836728877452479,-1.0173299672824934,0.0829553048592122,-0.9673339084451195,1.0021703641541453,-0.6657412916147223,0.6613794468817976,0.6682593993280498,-1.0025917590250248,-0.6157596918074346
15.0,"Animal, vegetable or microbial fats and oils and their cleavage products; prepared edible fats; ...",222263.0,-174079.0,20.0,-11.0,17.0,85.0,2623.0,0.23,1.0,4.5,LBN,Import,-0.0948914788938196,-1.978399082441,0.9246491264189807,0.9587855824097835,-0.2944339446757224,-0.2793531968528324,-1.169872542328881,0.39417492002078325,0.09449329818925654,0.04480604741350109
4.0,"Dairy produce; birds' eggs; natural honey; edible products of animal origin, not elsewhere ...",212532.0,-209609.0,-6.0,21.0,7.0,69.0,2914.0,0.06,1.0,4.5,LBN,Import,-0.42591640563265537,-1.7928366540386445,-0.48477611391684744,0.12751466897316088,0.7553539690057629,-0.8542946248053686,0.4154082046165575,0.3472531591897136,-0.14848293801102744,-0.09639704034841477
19.0,"Preparations of cereals, flour, starch or milk; pastrycooks' products",202582.0,-160418.0,-4.0,7.0,9.0,78.0,2217.0,0.1,1.0,4.5,LBN,Import,-0.442824079588549,-1.69043445799642,-0.3270187637404915,0.6341622550904832,0.4554619363233942,-0.7040443975294098,0.1186747386004593,-0.027488310363381674,0.028709613605010845,-0.2794675741146033
90.0,"Optical, photographic, cinematographic, measuring, checking, precision, medical or surgical ...",190659.0,-163825.0,-10.0,22.0,4.0,96.0,6528.0,0.09,1.0,4.5,LBN,Import,-0.3355770067635434,0.9205943387494065,-1.2933434222797402,-0.3623816078508768,-0.2655584644543159,0.35231344882794635,0.5972553634226336,-0.35766047547698393,1.4701108075615252,0.22235157567345168
48.0,"Paper and paperboard; articles of paper pulp, of paper or of paperboard",188119.0,-142178.0,2.0,-15.0,5.0,93.0,3862.0,0.06,1.0,4.5,LBN,Import,-0.3435899933286033,-0.5736160696646982,-0.7105256713626082,0.2051973480509678,0.28918578126723293,-0.392713863630678,0.3963967055343255,-0.4827257869843417,0.5484963637401536,0.44318286593730855
21.0,Miscellaneous edible preparations,170206.0,-86846.0,-5.0,33.0,9.0,86.0,4297.0,0.05,1.0,4.5,LBN,Import,-0.426273649969595,-1.3197514006387412,-0.5649981249311523,0.11297167604056767,0.28200826576150856,-0.4564397466957859,0.1570590110929907,0.5514296452098959,0.5623973943461422,0.1795755385010075
61.0,"Articles of apparel and clothing accessories, knitted or crocheted",170015.0,-163860.0,6.0,39.0,6.0,78.0,3137.0,0.27,1.0,4.5,LBN,Import,-0.20691247423410514,-0.011281166698012641,-0.050383347022941935,0.5008349901239122,0.12750426397856782,-0.20628639527286263,0.10286570488158356,-0.7303183871565574,0.03883685510721687,-0.2348645241066498
44.0,Wood and articles of wood; wood charcoal,163398.0,-143097.0,10.0,-16.0,5.0,79.0,4358.0,0.1,1.0,4.5,LBN,Import,-0.11964644870375106,-0.5052245990900626,-0.3384565607261819,-0.18934873821537035,0.2912369701974166,-0.3021061705933311,0.2921845378406266,-0.38159465922616054,0.31317392339907113,0.5254519547635814
33.0,"Essential oils and resinoids; perfumery, cosmetic or toilet preparations",161308.0,-68440.0,-5.0,28.0,6.0,91.0,2985.0,0.13,1.0,4.5,LBN,Import,-0.5320893102744712,-0.8763690330235618,-0.6194729375771899,0.5907114456975602,0.44984665842633603,-0.6091365340859062,0.3465924506366988,-0.1497091734538113,0.13617557001569355,0.0208975710095603
62.0,"Articles of apparel and clothing accessories, not knitted or crocheted",157804.0,-135744.0,-3.0,19.0,3.0,80.0,4558.0,0.13,1.0,4.5,LBN,Import,-0.2899390533699953,0.14419525083105328,-0.8059657866205199,-0.1419297931372135,0.27817954851210336,-0.18658103013658095,0.6371083555363903,-0.531458327242749,0.48030271327400825,0.09837716017183853
17.0,Sugars and sugar confectionery,147693.0,-133435.0,10.0,2.0,15.0,82.0,3989.0,0.11,1.0,4.5,LBN,Import,-0.1566774874632401,-1.8359991708836365,0.31559541650848,0.33861210139863657,-0.180842203615363,-0.22023588088401036,-0.6958598111701679,0.6665781254888075,0.5737230399075554,0.15712395072120444
12.0,"Oil seeds and oleaginous fruits; miscellaneous grains, seeds and fruit; industrial or medicinal ...",142872.0,-125319.0,-2.0,-16.0,13.0,64.0,6385.0,0.16,1.0,4.5,LBN,Import,-0.1608251421053893,-1.2518090231889965,-0.15104492055419808,-0.6660876478994392,-0.21332099684490136,0.09905249774760069,-0.41535618297301535,1.5260542059385112,0.4206151735260827,0.004649748491606459
2.0,Meat and edible meat offal,140036.0,-128528.0,4.0,11.0,6.0,88.0,8929.0,0.38,1.0,4.5,LBN,Import,-0.3325226951964144,0.3923280759105027,-0.37993561112722735,-1.0808055105348937,-0.008472763148213578,0.12338796937084248,-0.2279102435110279,2.3349966503000363,-0.4501467829264709,1.1371653656119316
73.0,Articles of iron or steel,139174.0,-69341.0,7.0,12.0,9.0,133.0,4464.0,0.22,1.0,4.5,LBN,Import,-0.5063996522598543,0.3100757962363828,-0.45724696733769166,1.1062403348189995,-0.5010736195649065,0.08648050780515011,-0.3953265497426236,-0.3485579519684071,1.0222919427911665,0.6761466449473973
23.0,Residues and waste from the food industries; prepared animal fodder,137764.0,-125870.0,9.0,4.0,11.0,87.0,8738.0,0.37,1.0,4.5,LBN,Import,-0.13960216800860495,0.2760561526305437,0.025355285239826657,-0.8333459774786401,-0.572199965954767,0.5156438838540386,-0.743307763080172,2.026677837624488,0.19356713274481413,0.8131722118783044
94.0,"Furniture; bedding, mattresses, mattress supports, cushions and similar stuffed furnishings; ...",125605.0,-62631.0,0.0,-6.0,4.0,104.0,4548.0,0.24,1.0,4.5,LBN,Import,-0.3676027166459458,1.0209181094689639,-0.786590238932891,0.48325410464911356,-0.27494615345176154,0.2080428035559735,0.2589069705607748,-1.0156258769042705,0.774576561792693,0.12640986649446753
69.0,Ceramic products,124606.0,-121345.0,6.0,-9.0,5.0,81.0,3729.0,0.16,1.0,4.5,LBN,Import,-0.16579316216877524,-0.0007498024429046532,-0.3882220352954713,0.18845530670484464,0.07898597055166631,-0.11372768575748782,0.2844962905992323,-0.9403935507276486,0.46006550923649525,0.06106450516981124
38.0,Miscellaneous chemical products,122835.0,-101453.0,-5.0,-7.0,8.0,111.0,4340.0,0.08,1.0,4.5,LBN,Import,-0.5973682342197246,-0.7615580182931884,-0.863857120030731,0.5323812224373848,0.05355723653582005,-0.33133995305960195,0.08033707649500556,0.22571007778629606,0.7445490029605979,0.4784981997457321
8.0,Edible fruit and nuts; peel of citrus fruit or melons,119577.0,-14079.0,-3.0,13.0,3.0,86.0,5236.0,0.1,1.0,4.5,LBN,Import,-0.4823499519926561,-0.7519217200528376,-0.8563469839958061,-0.40710360004710006,0.71731268262461,-0.6481696716449853,0.6054589751466598,0.7600543313205778,-0.13419530061786367,0.7729582148085377
9.0,"Coffee, tea, maté and spices",119556.0,-72751.0,3.0,30.0,8.0,72.0,7799.0,0.19,1.0,4.5,LBN,Import,-0.16196435313363125,-0.44804002272784893,-0.3109977637552994,-1.1258968591057579,0.0789992957651704,0.016662562298898693,-0.044496831415822384,1.7480469564097483,0.19462008024599795,0.7387540247952327
7.0,Edible vegetables and certain roots and tubers,117274.0,-92387.0,1.0,-2.0,7.0,76.0,2972.0,0.15,1.0,4.5,LBN,Import,-0.4080157113299378,-1.4725742353872866,-0.2529728501126861,0.2887824796266727,0.6116582238701528,-0.7513846588780453,0.16502321429890696,0.28807703755168956,-0.4009308454075918,0.1087679638641388
24.0,"Tobacco and manufactured tobacco substitutes; products, whether or not containing nicotine, ...",116746.0,-95735.0,4.0,-14.0,3.0,68.0,4699.0,0.13,1.0,4.5,LBN,Import,-0.21028919371298108,-0.5981964097836067,-0.5075590220241536,-0.5372563660277526,0.6155373482485292,-0.4831109030892437,0.545547469692877,0.11199265178904146,-0.21876742456231474,0.46474840502579773
40.0,Rubber and articles thereof,109334.0,-103889.0,12.0,-17.0,6.0,112.0,6503.0,0.28,1.0,4.5,LBN,Import,-0.34336458669482245,0.4078649945360271,-0.3764633244554754,-0.03809301613431429,-0.1706092739087826,0.04441625099304795,-0.2463805515937988,0.6518605408470325,0.20026333439109772,1.1944752311910398
76.0,Aluminium and articles thereof,103432.0,-20518.0,-1.0,2.0,12.0,96.0,2906.0,0.11,1.0,4.5,LBN,Import,-0.3250699197622634,-0.6769826306909965,-0.312336777664519,0.9779021128194603,-0.4421734319918252,0.05984046694530233,-0.2704916084786965,-0.8206426212334609,1.2399197633417551,-0.42801598086466847
64.0,"Footwear, gaiters and the like; parts of such articles",102299.0,-96095.0,7.0,18.0,6.0,92.0,5580.0,0.2,1.0,4.5,LBN,Import,-0.19144039122317558,0.37760203426494066,-0.3968207750939972,-0.09176301852541514,-0.15206693287023673,0.1191203470292163,0.06744454483945882,-0.14978285555384863,0.6565655982689165,0.47754475625115417
70.0,Glass and glassware,100114.0,-89816.0,5.0,-6.0,6.0,80.0,2515.0,0.13,1.0,4.5,LBN,Import,-0.19982245571742777,-0.38938412726315624,-0.30870489888526137,0.5500210681338001,0.1360278932845478,-0.2552433884578274,0.26945822320668567,-1.2779986634179072,0.49005191479208454,-0.20461553767540963
34.0,"Soap, organic surface-active agents, washing preparations, lubricating preparations, artificial ...",97178.0,-72393.0,-2.0,18.0,6.0,97.0,2608.0,0.08,1.0,4.5,LBN,Import,-0.5374898608603115,-1.0503262758717182,-0.623198743339519,0.7229463763810822,0.48238497915949646,-0.695034662123541,0.3481732590056472,-0.37592998831710955,0.2698201584166733,0.202309419907501
29.0,Organic chemicals,93991.0,-87181.0,9.0,-11.0,8.0,97.0,5166.0,0.13,1.0,4.5,LBN,Import,-0.2890644958489798,-0.6938646363994052,-0.31241948890491,0.004309279124380586,0.06012858427927085,-0.23622799426634827,-0.11950666484351272,0.44065947679699824,0.4157167240742643,0.8202836574638801
22.0,"Beverages, spirits and vinegar",82549.0,-8349.0,-4.0,-4.0,6.0,110.0,3748.0,0.14,1.0,4.5,LBN,Import,-0.6917502009686898,-0.8379157727560472,-0.7986308799001355,0.6434182271571082,0.38023871256991215,-0.6175053086032343,0.19245200140715477,0.3202486668399532,0.09108004144250706,0.5615805658951091
25.0,"Salt; sulphur; earths and stone; plastering materials, lime and cement",78595.0,-76569.0,10.0,-36.0,14.0,104.0,1778.0,0.22,1.0,4.5,LBN,Import,-0.4464722882163176,-1.6780731266492637,0.2960416108318294,1.4604915042823432,-0.15303818335696906,-0.44959920834759515,-0.828524787494633,-0.052237060139135844,0.06918399168679135,0.022893031361693513
49.0,"Printed books, newspapers, pictures and other products of the printing industry; manuscripts, ...",72505.0,-35865.0,16.0,41.0,2.0,66.0,2430.0,0.32,1.0,4.5,LBN,Import,-0.09000085646601584,0.04739141622486901,0.2506134143510805,0.32340754538370636,0.6189875821297967,-0.5346681807509592,0.36389797420094694,-1.0525291994075405,-0.7763312330415466,0.017551315251916475
32.0,"Tanning or dyeing extracts; tannins and their derivatives; dyes, pigments and other colouring ...",68610.0,-22382.0,1.0,2.0,3.0,100.0,3718.0,0.08,1.0,4.5,LBN,Import,-0.5133585503109026,-0.6197558081016991,-0.8157713861066871,0.28739900114233075,0.5971326583677331,-0.6720623298029245,0.5565013264023733,-0.2326931167135531,0.1495344145084141,0.7053858137043655
16.0,"Preparations of meat, of fish, of crustaceans, molluscs or other aquatic invertebrates, or ...",65632.0,-51665.0,-4.0,-9.0,4.0,75.0,4685.0,0.12,1.0,4.5,LBN,Import,-0.4102291184534526,-0.817338597724168,-0.7378875514412137,-0.3577689022006469,0.6097229480065087,-0.5446543191350344,0.5282786977188044,0.4687511192093998,-0.16274450143902222,0.354130774626217
18.0,Cocoa and cocoa preparations,64625.0,-21866.0,3.0,-10.0,6.0,78.0,2681.0,0.09,1.0,4.5,LBN,Import,-0.36716214425673416,-1.4125108398601938,-0.3424082829107859,0.3063841512885316,0.6382456379616013,-0.7605115731932854,0.3168995868955852,-0.180414431743622,-0.16058089494005137,0.1997184880945373
96.0,Miscellaneous manufactured articles,63167.0,-38158.0,-6.0,9.0,6.0,98.0,4123.0,0.13,1.0,4.5,LBN,Import,-0.37519521014782814,0.4925491997291387,-0.8937000571081106,0.5034267503559334,-0.29409543250802933,0.18513992098084284,0.3301247083367593,-1.1013673427220803,1.2501092150957962,-0.2089778006683311
95.0,"Toys, games and sports requisites; parts and accessories thereof",62235.0,-59566.0,7.0,22.0,9.0,89.0,6631.0,0.64,1.0,4.5,LBN,Import,-0.152423848009823,2.082254664492801,0.2203339348491995,0.26240145663681624,-1.061306972841485,1.0003541911328306,-0.794411986961894,0.16412566472759965,0.0705856689850156,-0.35762640982200694
74.0,Copper and articles thereof,60901.0,4290.0,7.0,-11.0,12.0,77.0,2061.0,0.26,1.0,4.5,LBN,Import,-0.14419273814940295,-0.5717946603364897,0.29128129660293584,1.029065168429816,-0.4066516450390763,0.07381820029438374,-0.48736086345891544,-1.0602990795274763,0.4743705720609413,-0.7817296970525766
68.0,"Articles of stone, plaster, cement, asbestos, mica or similar materials",59172.0,-47042.0,4.0,-9.0,5.0,86.0,2140.0,0.18,1.0,4.5,LBN,Import,-0.3153629566067265,-0.2543997078246606,-0.35718497945858196,0.7821582018443783,0.21315674012619926,-0.34899762460462275,0.289659415973974,-1.3171354429408382,0.21725287908579544,-0.18924102143685168
20.0,"Preparations of vegetables, fruit, nuts or other parts of plants",56561.0,52153.0,-2.0,-3.0,8.0,98.0,4528.0,0.09,1.0,4.5,LBN,Import,-0.5123869617906726,-1.0795119715050365,-0.6364551316496098,0.2111454345323048,0.24023301537882155,-0.43978321601221004,0.07981804745788144,0.5786306229153256,0.38337003783539864,0.5279298569150488
3.0,"Fish and crustaceans, molluscs and other aquatic invertebrates",56166.0,-55015.0,-3.0,11.0,5.0,97.0,4379.0,0.14,1.0,4.5,LBN,Import,-0.6209110434722519,-1.0167814866386036,-0.7162758546947141,0.15025169182279227,0.6334014375645215,-0.7412049906883109,0.31774841056136344,0.7988946972603754,-0.24324408354915641,0.6883702108725941
88.0,"Aircraft, spacecraft, and parts thereof",54259.0,-50326.0,10.0,-36.0,-3.0,91.0,8468.0,0.46,1.0,4.5,LBN,Import,-0.13109193941933223,2.7795212201346517,-0.804554676623339,-1.027139225151552,-0.20390969135698583,0.6224749936937275,0.47319094276790186,-0.12537359672814996,-0.16539390427297018,1.0251383843638515
83.0,Miscellaneous articles of base metal,52255.0,-43449.0,3.0,-11.0,6.0,102.0,5021.0,0.28,1.0,4.5,LBN,Import,-0.32842138362503165,0.845508165339849,-0.5365331890220038,0.38817895736254354,-0.39665294081419283,0.2868272446956098,-0.03791896069783908,-0.5545113156543328,0.6523545637424836,0.19213005036537917
60.0,Knitted or crocheted fabrics,45548.0,-44061.0,24.0,4.0,4.0,80.0,5095.0,0.48,1.0,4.5,LBN,Import,0.01563806389806266,1.0706378645992047,0.45445398764044787,-0.00994707945950712,-0.08874083415926332,0.14409491842164415,-0.272900654456913,-0.3319949334700019,-0.642654238988367,0.5220840806758044
31.0,Fertilisers,43001.0,-3579.0,3.0,11.0,19.0,122.0,2767.0,0.09,1.0,4.5,LBN,Import,-0.5572627024096722,-2.0180141526031705,0.08680175424382887,1.599968916557622,-0.5916778582138883,-0.2043509963941493,-1.0955343039245782,0.4638074960887164,1.2403168316875475,0.06574223477639785
55.0,Man-made staple fibres,42449.0,-41305.0,16.0,15.0,3.0,92.0,6060.0,0.3,1.0,4.5,LBN,Import,-0.13327091880578407,0.8299192487887314,-0.18913023405858298,-0.31161674638774867,0.04604149099924239,0.037752461043202526,0.10083933563377909,-0.026990817512580194,0.013723878798329307,0.936446595329203
91.0,Clocks and watches and parts thereof,41808.0,-29067.0,14.0,-15.0,6.0,64.0,3562.0,0.67,1.0,4.5,LBN,Import,-0.014366860784133132,1.583849448959307,0.625327305816323,0.6006216947666102,-0.49562401538891854,0.506662191312021,-0.5072452793086201,-1.012081649375004,-0.901311436897537,-0.8467633542140482
63.0,Other made-up textile articles; sets; worn clothing and worn textile articles; rags,39388.0,-34574.0,3.0,-11.0,-1.0,118.0,3771.0,0.1,1.0,4.5,LBN,Import,-0.5731050130957199,0.4066521621051526,-1.1606679573268515,0.49063912724770153,0.5269837428938771,-0.5485032173485994,0.8242476296504895,-1.0482911646072226,0.3556682862700846,1.006716110374423
42.0,"Articles of leather; saddlery and harness; travel goods, handbags and similar containers; articles ...",39022.0,-32341.0,-1.0,23.0,7.0,87.0,4856.0,0.24,1.0,4.5,LBN,Import,-0.38494053658179866,-0.1525415264624999,-0.41262537006936706,0.12386808905717567,0.04214560126615018,-0.1195456791612188,0.03647946724688996,0.3054312822476976,0.18609442318748953,0.11817838273048793
82.0,"Tools, implements, cutlery, spoons and forks, of base metal; parts thereof of base metal",30902.0,-26008.0,7.0,27.0,5.0,108.0,5735.0,0.3,1.0,4.5,LBN,Import,-0.308387883728316,1.1704584928165644,-0.4692540058044981,0.25904190433875673,-0.3611475104691316,0.296872679295927,-0.0168905000487637,-0.36428618686351394,0.6643864217223515,0.5346335288984241
11.0,Products of the milling industry; malt; starches; inulin; wheat gluten,30681.0,-20311.0,0.0,-16.0,12.0,117.0,2381.0,0.18,1.0,4.5,LBN,Import,-0.7378029637292777,-1.673008425954487,-0.2525101713950923,1.4066309684235616,0.09168062147395387,-0.6559610772794098,-0.5157160684625244,0.4731689650818434,0.05699379495583667,0.2859504574575599
35.0,Albuminoidal substances; modified starches; glues; enzymes,29311.0,-28194.0,15.0,12.0,10.0,88.0,3471.0,0.08,1.0,4.5,LBN,Import,-0.14271309005984276,-1.2443950775935002,0.134263893067322,0.37552180801382634,0.10123835261031765,-0.37028580965815583,-0.2240009599086771,-0.2215286483993083,0.5504318951740517,0.4803662966629907
28.0,"Inorganic chemicals; organic or inorganic compounds of precious metals, of rare-earth metals, ...",27852.0,9908.0,2.0,14.0,17.0,130.0,3061.0,0.09,1.0,4.5,LBN,Import,-0.6555371220359054,-1.8070039872645647,-0.1256841965923285,1.567021410484989,-0.45643326758992503,-0.298561324308227,-0.9270383591665046,0.5429077213891608,1.1434594006576349,0.3394362628509256
54.0,Man-made filaments; strip and the like of man-made textile materials,25358.0,-21212.0,13.0,-8.0,5.0,116.0,5666.0,0.39,1.0,4.5,LBN,Import,-0.4039295388592572,0.9042906006632497,-0.24819780635813565,0.40317125659501307,-0.21960075678843216,0.0764219642348563,-0.2916296655202576,0.18733730330234402,-0.07994787697653734,0.9568434894128438
56.0,"Wadding, felt and nonwovens; special yarns; twine, cordage, ropes and cables and articles thereof",22293.0,-14402.0,2.0,1.0,3.0,100.0,2954.0,0.2,1.0,4.5,LBN,Import,-0.4957479031314442,-0.01291372967790673,-0.6278468975722074,0.7078523709770692,0.3619593989760798,-0.46510498695909414,0.41039652677529165,-0.8372207984745063,0.033401296443107895,0.2745350522391713
47.0,Pulp of wood or of other fibrous cellulosic material; recovered (waste and scrap) paper or ...,19302.0,-14789.0,8.0,-31.0,6.0,75.0,5684.0,0.14,1.0,4.5,LBN,Import,-0.08613812197415925,-0.1983599631381885,-0.3715609483526954,-0.562662547328801,0.02696594958995144,0.02187085526071657,0.14760088682161351,0.0442501384507979,0.4328020835274941,0.49986020048089597
57.0,Carpets and other textile floor coverings,18912.0,-17452.0,15.0,-6.0,3.0,71.0,2320.0,0.2,1.0,4.5,LBN,Import,-0.08544791138367006,-0.26335426320102673,0.015046536425617481,0.330367922615896,0.4866233599142228,-0.47302430589065586,0.3804109629833793,-1.3442912547545458,-0.25385075665508516,0.10450181683806764
93.0,Arms and ammunition; parts and accessories thereof,16390.0,-8703.0,9.0,88.0,11.0,56.0,4164.0,0.2,1.0,4.5,LBN,Import,0.20267593545507398,0.09944810374815795,0.38530721231345144,0.022325804198604707,-0.48204842843481976,0.44312701349658307,-0.18075110407996564,-0.9556560681125779,1.1585663134962152,-0.7897191885918156
78.0,Lead and articles thereof,13018.0,55841.0,159.0,4131.0,8.0,46.0,2444.0,0.28,1.0,4.5,LBN,Import,2.6315993204193124,3.7825288602419094,11.921787967754492,2.099056679775559,5.131193172625909,-4.036010166601461,2.1338624652589178,0.5550373089426062,5.271610304334257,1.1330032028352808
6.0,"Live trees and other plants; bulbs, roots and the like; cut flowers and ornamental foliage",11945.0,-9132.0,-4.0,13.0,4.0,80.0,3180.0,0.18,1.0,4.5,LBN,Import,-0.5644718288830024,-1.0850924953876449,-0.553646618885909,0.24084391684688886,0.8211707890412707,-0.8556893330610541,0.4683665749329394,0.3378136213250993,-0.6341769505462186,0.18583746855690444
58.0,Special woven fabrics; tufted textile fabrics; lace; tapestries; trimmings; embroidery,10460.0,-9770.0,1.0,-4.0,2.0,92.0,4215.0,0.2,1.0,4.5,LBN,Import,-0.4051215411314785,0.3123670625117392,-0.7473844992044044,0.158823777710083,0.31651431005249847,-0.2776880962541286,0.5260801116346864,-0.5805513137174904,0.10360225269415992,0.3644492908385533
52.0,Cotton,10111.0,-8635.0,7.0,-14.0,2.0,118.0,5025.0,0.25,1.0,4.5,LBN,Import,-0.5264255489162726,0.6132190732502711,-0.753037873334388,0.36488274893507655,0.1741097236357852,-0.24952775059986054,0.2536241476661094,-0.1876521883223803,0.06512042180096715,1.0653958301842164
97.0,"Works of art, collectors' pieces and antiques",9348.0,-6773.0,25.0,-67.0,3.0,47.0,4932.0,0.13,1.0,4.5,LBN,Import,0.5027639050931118,0.60565422771246,0.09251237975240222,-0.9488309232279677,-0.10086352517238588,0.37476052313087005,0.3767634103083998,-1.776754021941418,0.6423971653990039,0.24733232563356555
59.0,"Impregnated, coated, covered or laminated textile fabrics; textile articles of a kind suitable ...",7755.0,-5781.0,5.0,12.0,4.0,111.0,5635.0,0.28,1.0,4.5,LBN,Import,-0.4469321488006321,0.7665226107519552,-0.6183106818663954,0.2233212423681929,-0.07138337519371364,0.007290655943963473,0.09082627905650156,0.0275404087585356,0.29923760874497785,0.7780879605957901
36.0,Explosives; pyrotechnic products; matches; pyrophoric alloys; certain combustible preparations,6656.0,-6469.0,15.0,62.0,10.0,95.0,4089.0,0.38,1.0,4.5,LBN,Import,-0.27169748190080906,-0.20453639882011437,0.4860466991044716,0.701971015585474,-0.1284009176304087,-0.14048750315373423,-0.6171666404856977,0.341434475660717,-0.1940428997722131,0.2815927507274738
99.0,Commodities not elsewhere specified,6220.0,34616.0,-11.0,-3.0,8.0,132.0,4590.0,0.22,1.0,4.5,LBN,Import,-0.7174257049305537,0.8653111933081675,-1.1277420151174335,1.1566789763637908,-0.6938645170866803,0.35584292647022736,-0.08043376591939583,-0.6448022388821683,1.4039039222947483,0.00774181356356189
89.0,"Ships, boats and floating structures",4527.0,-3268.0,12.0,-89.0,3.0,150.0,6261.0,0.15,1.0,4.5,LBN,Import,-0.5039781033317662,1.2419795478723799,-1.1544221468562879,0.46904946051554997,-0.48791515843358113,0.26104094589214455,0.03127423458460635,-0.6988948387115119,1.221891835014907,1.7214736867932514
37.0,Photographic or cinematographic goods,3684.0,-3500.0,-10.0,-29.0,0.0,91.0,5592.0,0.26,1.0,4.5,LBN,Import,-0.6223268515148808,0.5092851218549014,-1.2204914685293053,-0.28542535965228977,0.4677842282628196,-0.2975472758099217,0.7121521374847076,0.35219689889054023,-0.369911332450048,0.4612339208285376
5.0,"Products of animal origin, not elsewhere specified or included",3527.0,1971.0,18.0,-30.0,2.0,88.0,2041.0,0.09,1.0,4.5,LBN,Import,-0.3277994373958139,-1.4116156787938343,-0.1521862415802837,0.37925162695903275,1.076156345140622,-1.1672679499247283,0.46802929425052536,-0.5489627992480021,-0.7505930878055361,1.0313187424694839
65.0,Headgear and parts thereof,3106.0,-2992.0,2.0,25.0,12.0,116.0,6190.0,0.51,1.0,4.5,LBN,Import,-0.4956391804332703,0.9818696313689869,-0.038007811358709225,0.779664216853778,-0.9509631984888637,0.6121749811995328,-0.9705275480258339,0.8433452954221701,0.35674580517445054,0.07710466019803512
67.0,Prepared feathers and down and articles made of feathers or of down; artificial flowers; articles ...,2746.0,-2208.0,7.0,2.0,8.0,104.0,6626.0,0.66,1.0,4.5,LBN,Import,-0.387346249977687,1.767747634387526,0.08740453689232591,0.4237924834467858,-0.8010925987831694,0.6750139373148126,-0.8223361977039689,0.7311484448325359,-0.43243607369393827,0.14015389158745623
50.0,Silk,2739.0,-2733.0,27.0,6.0,3.0,48.0,5317.0,0.41,1.0,4.5,LBN,Import,0.30104882653350784,0.6781539852398026,0.6486617805000805,-0.7852110079673015,0.20356824445484462,0.07107013489781372,0.005751681816297768,-0.339620080295167,-0.8045966748131379,0.37189363094459293
66.0,"Umbrellas, sun umbrellas, walking sticks, seat-sticks, whips, riding-crops and parts thereof",2577.0,-2518.0,8.0,52.0,7.0,81.0,6268.0,0.66,1.0,4.5,LBN,Import,-0.21140005848667756,1.7023983031631735,0.3387355893540539,0.12352932656150752,-0.5515165776402062,0.5818337974131823,-0.589728496387647,0.5549693367209206,-0.6258970728230926,-0.20867516941995387
92.0,Musical instruments; parts and accessories of such articles,1830.0,-1735.0,-2.0,23.0,6.0,90.0,6845.0,0.36,1.0,4.5,LBN,Import,-0.24510681131461642,1.5609890977653111,-0.575844214592111,-0.1993813308908721,-0.6317686018215579,0.6972915761400985,-0.030223303924281856,-0.044314839684457444,0.76494793193949,-0.03862288622224478
46.0,"Manufactures of straw, of esparto or of other plaiting materials; basketware and wickerwork",1588.0,-1488.0,7.0,38.0,4.0,70.0,5396.0,0.32,1.0,4.5,LBN,Import,-0.1518460221030881,0.42780007420052457,-0.12825188274937535,-0.37983774370019086,0.19688202894252516,-0.049468078123650255,0.20242417408994454,0.13711808378585458,-0.2550930279266419,0.20419453621356531
86.0,"Railway or tramway locomotives, rolling stock and parts thereof; railway or tramway track fixtures ...",1578.0,380.0,4.0,3.0,8.0,153.0,5783.0,0.32,1.0,4.5,LBN,Import,-0.68407792983983,1.2447840981947043,-0.7463293208016575,1.1661368327632584,-0.8064164470331336,0.39215119524624376,-0.5042788012111502,-0.08054769914243717,1.1096004171384317,0.943120117941322
41.0,Raw hides and skins (other than furskins) and leather,1552.0,1838.0,6.0,-22.0,-1.0,94.0,2606.0,0.37,1.0,4.5,LBN,Import,-0.5436196463645425,0.39635520106057515,-0.4783175581906308,0.6792268958875667,0.7164732834692059,-0.6864311153040412,0.5217265321041782,-0.7721339412780174,-1.13758836355744,0.38713548460356545
45.0,Cork and articles of cork,1437.0,-1332.0,-1.0,22.0,5.0,73.0,3805.0,0.57,1.0,4.5,LBN,Import,-0.43482983303455264,0.6951415226856865,0.03384729745054292,0.5198677050579611,0.08239952523699863,-0.07174025322737287,-0.13490541336542472,0.14142825551032845,-1.1626709186867292,-0.5864478454691769
51.0,"Wool, fine or coarse animal hair; horsehair yarn and woven fabric",1290.0,-1242.0,4.0,-7.0,1.0,96.0,4030.0,0.38,1.0,4.5,LBN,Import,-0.4898063829728807,0.7410380359839361,-0.5084070085906859,0.4223738596629834,0.3389586241721148,-0.30791947229666944,0.32568852482096977,-0.38593320195494313,-0.6575605495769985,0.3759500110122203
13.0,"Lac; gums, resins and other vegetable saps and extracts",1217.0,-1154.0,6.0,-19.0,9.0,121.0,4503.0,0.12,1.0,4.5,LBN,Import,-0.6044596581705323,-1.11762290499907,-0.4802887444621507,0.6129599903661582,0.12685941299915643,-0.5045537517868164,-0.2713067157804379,0.7332826265592961,0.32622802648956817,1.0892015659012242
79.0,Zinc and articles thereof,1045.0,2768.0,1.0,-4.0,6.0,112.0,3291.0,0.33,1.0,4.5,LBN,Import,-0.5397937557038459,0.6228058854685525,-0.48259334751883987,1.1429119017307714,-0.24670087007093197,-0.000662177144235367,-0.08736366070665277,-0.8545169646812499,0.28984925916378973,-0.020881829189204587
53.0,Other vegetable textile fibres; paper yarn and woven fabrics of paper yarn,1028.0,-980.0,-3.0,-43.0,8.0,106.0,3428.0,0.15,1.0,4.5,LBN,Import,-0.555832229563323,-0.5400081317196075,-0.6994812110809493,0.8020427162229057,-0.07772006379042926,-0.21650253065511813,-0.024388541267020773,-0.36036484037448524,0.5493644426472357,0.13154470776947147
75.0,Nickel and articles thereof,417.0,-413.0,34.0,93.0,16.0,106.0,4537.0,0.33,1.0,4.5,LBN,Import,0.14544174299945256,0.027536030717156823,1.2420886498866015,0.9436821287610151,-0.9594693318210498,0.46221984923757015,-1.3542449962397496,-0.2815429963738131,1.0654674349460191,0.48880924640956636
80.0,Tin and articles thereof,399.0,-399.0,32.0,79.0,14.0,107.0,4874.0,0.18,1.0,4.5,LBN,Import,0.16535948478760543,-0.06829376675348682,0.8271750900310502,0.6125976734260092,-0.8029835506086009,0.39070304702077846,-0.9559886784474008,-0.543318479657902,1.5093600824931985,0.7619703514802286
14.0,Vegetable plaiting materials; vegetable products not elsewhere specified or included,372.0,-281.0,-23.0,22.0,18.0,94.0,4450.0,0.2,1.0,4.5,LBN,Import,-0.7757430197072644,-1.727037885568933,-0.49786522394074145,0.8177089943619592,-0.4936179867831794,-0.019713277638994633,-0.755036249988723,1.7005715766259377,0.7361694735402955,-0.8182960779732948
43.0,Furskins and artificial fur; manufactures thereof,371.0,-363.0,-9.0,-16.0,-17.0,77.0,5856.0,0.55,1.0,4.5,LBN,Import,-0.7164265463650338,2.822974133203905,-1.7128969744374412,-0.9287388196538432,1.552574432227255,-0.70465929103975,2.026875630206989,-0.37434045801228766,-2.424318872733844,0.8366563256771659
81.0,Other base metals; cermets; articles thereof,365.0,-351.0,2.0,-25.0,11.0,121.0,5039.0,0.32,1.0,4.5,LBN,Import,-0.47714873177172534,0.5817111825628168,-0.39338542308300795,0.9473718058399919,-0.8626832451571798,0.47364813415060597,-0.6564848169235034,-0.12438348478249481,0.9413214140320364,0.16066995259252606
26.0,"Ores, slag and ash",9.0,-9.0,-79.0,67.0,10.0,174.0,1191.0,1.0,1.0,4.5,LBN,Import,-2.691608783052893,1.118785826162578,-2.0547266697728843,4.156291897435798,-0.39456670982393155,-0.40534179952772964,-0.6102036515641972,2.102626228523178,-1.8506524615816138,-2.4245671981791883
